Rel_ID,Rel_start_time,Rel_scheduled_end_time,Rel_type (0 = TRANSITORY; 1 = INFORMAL; 2 = MARITAL; 3 = COMMERCIAL),Is_rel_outside_PFA,Original_node_ID,Current_node_ID,A_ID,A_is_infected,A_gender,A_age,A_previous_num_coital_acts,A_total_num_active_rels,A_num_active_TRANSITORY_rels,A_num_active_INFORMAL_rels,A_num_active_MARITAL_rels,A_num_active_COMMERCIAL_rels,A_num_lifetime_rels,A_num_rels_last_6_mo,A_extra_relational_bitmask,A_is_circumcised,A_has_STI_coinfection,A_is_superspreader,B_ID,B_is_infected,B_gender,B_age,B_previous_num_coital_acts,B_total_num_active_rels,B_num_active_TRANSITORY_rels,B_num_active_INFORMAL_rels,B_num_active_MARITAL_rels,B_num_active_COMMERCIAL_rels,B_num_lifetime_rels,B_num_rels_last_6_mo,B_extra_relational_bitmask,B_is_circumcised,B_has_STI_coinfection,B_is_superspreader
1,21,172.948,0,F,1,1,56,0,0,27.0346,0,1,1,0,0,0,1,1,0,0,0,0,36,0,1,22.962,0,1,1,0,0,0,1,1,0,0,0,0
2,35,231.919,0,F,1,1,15,0,0,20.7864,0,1,1,0,0,0,1,1,0,0,0,0,67,0,1,18.9577,0,1,1,0,0,0,1,1,0,0,0,0
3,35,1948.58,1,F,1,1,33,0,0,25.1846,0,1,0,1,0,0,1,1,0,0,0,0,25,0,1,38.4032,0,1,0,1,0,0,1,1,0,0,0,0
4,49,216.832,0,F,1,1,68,0,0,18.1634,0,1,1,0,0,0,1,1,0,0,0,0,39,0,1,28.1522,0,1,1,0,0,0,1,1,0,0,0,0
5,56,220.843,0,F,1,1,98,0,0,24.1972,0,1,1,0,0,0,1,1,0,0,0,0,74,0,1,52.0961,0,1,1,0,0,0,1,1,0,0,0,0
6,70,257.675,0,F,1,1,44,0,0,25.1333,0,1,1,0,0,0,1,1,0,0,0,0,96,0,1,27.7272,0,1,1,0,0,0,1,1,0,0,0,0
7,77,314.408,0,F,1,1,17,0,0,33.561,0,1,1,0,0,0,1,1,0,0,0,0,93,0,1,30.5371,0,1,1,0,0,0,1,1,0,0,0,0
8,77,887.711,1,F,1,1,81,0,0,31.6937,0,1,0,1,0,0,1,1,0,0,0,0,11,0,1,48.1485,0,1,0,1,0,0,1,1,0,0,0,0
9,84,101.708,0,F,1,1,52,0,0,23.4885,0,1,1,0,0,0,1,1,0,0,0,0,22,0,1,42.4378,0,1,1,0,0,0,1,1,0,0,0,0
10,91,409.271,0,F,1,1,62,0,0,23.7732,0,1,1,0,0,0,1,1,0,0,0,0,90,0,1,33.8355,0,1,1,0,0,0,1,1,0,0,0,0
11,91,1282.64,1,F,1,1,97,0,0,27.9514,0,1,0,1,0,0,1,1,0,0,0,0,88,0,1,51.2805,0,1,0,1,0,0,1,1,0,0,0,0
12,105,299.896,0,F,1,1,52,0,0,23.546,9,1,1,0,0,0,2,2,0,0,0,0,14,0,1,28.7156,0,1,1,0,0,0,1,1,0,0,0,0
13,112,475.084,0,F,1,1,85,0,0,31.248,0,1,1,0,0,0,1,1,0,0,0,0,87,0,1,45.5206,0,1,1,0,0,0,1,1,0,0,0,0
14,112,864.638,1,F,1,1,20,0,0,38.459,0,1,0,1,0,0,1,1,0,0,0,0,94,0,1,24.2186,0,1,0,1,0,0,1,1,0,0,0,0
15,147,1500.43,1,F,1,1,89,0,0,50.6839,0,1,0,1,0,0,1,1,0,0,0,0,86,0,1,37.7691,0,1,0,1,0,0,1,1,0,0,0,0
16,175,360.636,2,F,1,1,63,0,0,18.594,0,1,0,0,1,0,1,1,0,0,0,0,13,0,1,40.9794,0,1,0,0,1,0,1,1,0,0,0,0
17,182,274.101,0,F,1,1,4,0,0,31.6499,0,1,1,0,0,0,1,1,0,0,0,0,22,0,1,42.7063,9,1,1,0,0,0,2,2,0,0,0,0
18,196,295.744,0,F,1,1,28,0,0,37.4714,0,1,1,0,0,0,1,1,0,0,0,0,99,0,1,28.4108,0,1,1,0,0,0,1,1,0,0,0,0
19,203,758.33,0,F,1,1,38,0,0,31.4715,0,1,1,0,0,0,1,1,0,0,0,0,65,0,1,38.3345,0,1,1,0,0,0,1,1,0,0,0,0
20,210,313.599,0,F,1,1,2,0,0,47.9353,0,1,1,0,0,0,1,1,0,0,0,0,53,0,1,53.9163,0,1,1,0,0,0,1,1,0,0,0,0
21,224,347.586,1,F,1,1,3,0,0,43.2185,0,1,0,1,0,0,1,1,0,0,0,0,66,0,1,25.8605,0,1,0,1,0,0,1,1,0,0,0,0
22,266,374.4,0,F,1,1,50,0,0,39.9316,0,1,1,0,0,0,1,1,0,0,0,0,76,0,1,30.9323,0,1,1,0,0,0,1,1,0,0,0,0
23,287,560.516,1,F,1,1,8,0,0,39.8696,0,1,0,1,0,0,1,1,0,0,0,0,9,0,1,45.1396,0,1,0,1,0,0,1,1,0,0,0,0
24,301,1094.14,0,F,1,1,101,0,0,35.3825,0,1,1,0,0,0,1,1,0,0,0,0,74,0,1,52.7674,55,1,1,0,0,0,2,1,0,0,0,0
25,308,362.78,0,F,1,1,80,0,0,50.2279,0,1,1,0,0,0,1,1,0,0,0,0,75,0,1,52.2989,0,1,1,0,0,0,1,1,0,0,0,0
26,329,1024.1,1,F,1,1,68,0,0,18.9305,62,1,0,1,0,0,2,1,0,0,0,0,64,0,1,53.571,0,1,0,1,0,0,1,1,0,0,0,0
27,336,570.688,1,F,1,1,12,0,0,33.8942,0,1,0,1,0,0,1,1,0,0,0,0,49,0,1,20.6132,0,1,0,1,0,0,1,1,0,0,0,0
28,343,889.628,0,F,1,1,21,0,0,26.1425,0,1,1,0,0,0,1,1,0,0,0,0,93,0,1,31.2659,93,1,1,0,0,0,2,1,0,0,0,0
29,350,932.219,0,F,1,1,15,0,0,21.6494,72,1,1,0,0,0,2,1,0,0,0,0,43,0,1,25.1546,0,1,1,0,0,0,1,1,0,0,0,0
30,350,804.106,1,F,1,1,17,0,0,34.309,93,1,0,1,0,0,2,1,0,0,0,0,14,0,1,29.3868,63,1,0,1,0,0,2,1,0,0,0,0
31,378,1286.05,1,F,1,1,71,0,0,51.7568,0,1,0,1,0,0,1,1,0,0,0,0,39,0,1,29.0536,62,1,0,1,0,0,2,1,0,0,0,0
32,385,573.964,0,F,1,1,10,0,0,38.7862,0,1,1,0,0,0,1,1,0,0,0,0,99,0,1,28.9286,33,1,1,0,0,0,2,1,0,0,0,0
33,385,535.658,0,F,1,1,47,0,0,36.9778,0,1,1,0,0,0,1,1,0,0,0,0,60,0,1,19.5205,0,1,1,0,0,0,1,1,0,0,0,0
34,385,674.671,1,F,1,1,50,0,0,40.2577,52,1,0,1,0,0,2,2,0,0,0,0,84,0,1,26.807,0,1,0,1,0,0,1,1,0,0,0,0
35,392,1351.93,1,F,1,1,91,0,0,43.6294,0,1,0,1,0,0,1,1,0,0,0,0,36,0,1,23.9785,61,1,0,1,0,0,2,1,0,0,0,0
36,413,813.684,1,F,1,1,98,0,0,25.1752,55,1,0,1,0,0,2,1,0,0,0,0,66,0,1,26.3783,31,1,0,1,0,0,2,1,0,0,0,0
37,427,481.995,0,F,1,1,52,0,0,24.4282,72,1,1,0,0,0,3,1,0,0,0,0,69,0,1,20.5238,0,1,1,0,0,0,1,1,0,0,0,0
38,448,535.634,0,F,1,1,51,0,0,47.3736,0,1,1,0,0,0,1,1,0,0,0,0,77,0,1,17.7335,0,1,1,0,0,0,1,1,0,0,0,0
39,511,953.206,0,F,1,1,2,0,0,48.76,26,1,1,0,0,0,2,1,0,0,0,0,13,0,1,41.8999,80,1,1,0,0,0,2,1,0,0,0,0
40,525,658.665,0,F,1,1,19,0,0,49.5287,0,1,1,0,0,0,1,1,0,0,0,0,46,0,1,44.4902,0,1,1,0,0,0,1,1,0,0,0,0
41,532,1616.5,0,F,1,1,78,0,0,25.5575,0,1,1,0,0,0,1,1,0,0,0,0,58,0,1,23.3652,0,1,1,0,0,0,1,1,0,0,0,0
42,553,838.235,0,F,1,1,63,0,0,19.6296,80,1,1,0,0,0,2,1,0,0,0,0,96,0,1,29.0505,70,1,1,0,0,0,2,1,0,0,0,0
43,574,1377.21,0,F,1,1,45,0,0,39.6184,0,1,1,0,0,0,1,1,0,0,0,0,37,0,1,15.9384,0,1,1,0,0,0,1,1,0,0,0,0
44,588,739.713,0,F,1,1,28,0,0,38.5453,33,1,1,0,0,0,2,1,0,0,0,0,95,0,1,15.5941,0,1,1,0,0,0,1,1,0,0,0,0
45,588,1063.88,1,F,1,1,32,0,0,53.3649,0,1,0,1,0,0,1,1,0,0,0,0,67,0,1,20.4727,72,1,0,1,0,0,2,1,0,0,0,0
46,665,693.134,0,F,1,1,26,0,0,17.6136,0,1,1,0,0,0,1,1,0,0,0,0,69,0,1,21.1759,15,1,1,0,0,0,2,1,0,0,0,0
47,665,835.501,0,F,1,1,80,0,0,51.206,17,1,1,0,0,0,2,1,0,0,0,0,90,0,1,35.4081,97,1,1,0,0,0,2,1,0,0,0,0
48,665,974.33,1,F,1,1,56,0,0,28.799,61,1,0,1,0,0,2,1,0,0,0,0,82,0,1,23.6251,0,1,0,1,0,0,1,1,0,0,0,0
49,714,778.909,0,F,1,1,62,0,0,25.4801,97,1,1,0,0,0,2,1,0,0,0,0,6,0,1,19.1951,0,1,1,0,0,0,1,1,0,0,0,0
50,728,1558.8,0,F,1,1,50,0,0,41.1974,173,1,1,0,0,0,3,1,0,0,0,0,60,0,1,20.4602,46,1,1,0,0,0,2,1,0,0,0,0
51,812,1633.68,1,F,1,1,10,0,0,39.956,68,1,0,1,0,0,2,1,0,0,0,0,87,0,1,47.4384,128,1,0,1,0,0,2,1,0,0,0,0
52,826,1412.09,0,F,1,1,19,0,0,50.3534,51,1,1,0,0,0,2,1,0,0,0,0,49,0,1,21.9556,79,1,1,0,0,0,2,1,0,0,0,0
53,826,914.164,0,F,1,1,26,0,0,18.0547,11,1,1,0,0,0,2,2,0,0,0,0,7,0,1,44.8295,0,1,1,0,0,0,1,1,0,0,0,0
54,847,936.608,0,F,1,1,3,0,0,44.9254,31,1,1,0,0,0,2,1,0,0,0,0,76,0,1,32.5241,52,1,1,0,0,0,2,1,0,0,0,0
55,861,1658.13,0,F,1,1,51,0,0,48.5051,33,1,1,0,0,0,2,1,0,0,0,0,77,0,1,18.865,33,1,1,0,0,0,2,1,0,0,0,0
56,896,1169.94,0,F,1,1,5,0,0,51.3188,0,1,1,0,0,0,1,1,0,0,0,0,9,0,1,46.8081,93,1,1,0,0,0,2,1,0,0,0,0
57,910,1321.69,1,F,1,1,62,0,0,26.0171,109,1,0,1,0,0,3,1,0,0,0,0,69,0,1,21.8471,26,1,0,1,0,0,3,1,0,0,0,0
58,924,961.573,0,F,1,1,34,0,0,18.1847,0,1,1,0,0,0,1,1,0,0,0,0,99,0,1,30.4053,101,1,1,0,0,0,3,1,0,0,0,0
59,924,1166.15,0,F,1,1,81,0,0,34.0142,281,1,1,0,0,0,2,1,0,0,0,0,46,0,1,45.5833,51,1,1,0,0,0,2,1,0,0,0,0
60,952,1220.74,1,F,1,1,85,0,0,33.5494,128,1,0,1,0,0,2,1,0,0,0,0,6,0,1,19.8472,12,1,0,1,0,0,2,1,0,0,0,0
61,959,1504.09,1,F,1,1,4,0,0,33.7787,37,1,0,1,0,0,2,1,0,0,0,0,14,0,1,31.0553,207,1,0,1,0,0,3,1,0,0,0,0
62,966,1172.05,0,F,1,1,80,0,0,52.0307,55,1,1,0,0,0,3,1,0,0,0,0,84,0,1,28.3988,121,1,1,0,0,0,2,1,0,0,0,0
63,973,3698.89,2,F,1,1,98,0,0,26.7095,189,1,0,0,1,0,3,1,0,0,0,0,61,0,1,32.4842,0,1,0,0,1,0,1,1,0,0,0,0
64,980,1268.92,0,F,1,1,38,0,0,33.6003,177,1,1,0,0,0,2,1,0,0,0,0,95,0,1,16.6681,43,1,1,0,0,0,2,1,0,0,0,0
65,994,1341.58,0,F,1,1,28,0,0,39.6577,76,1,1,0,0,0,3,1,0,0,0,0,65,0,1,40.5016,177,1,1,0,0,0,2,1,0,0,0,0
66,1029,5373.19,2,F,1,1,63,0,0,20.9337,180,1,0,0,1,0,3,1,0,0,0,0,22,0,1,45.0268,46,1,0,0,1,0,3,1,0,0,0,0
67,1085,1302.65,0,F,1,1,47,0,0,38.8956,46,1,1,0,0,0,2,1,0,0,0,0,66,0,1,28.2194,165,1,1,0,0,0,3,1,0,0,0,0
68,1085,1327.41,1,F,1,1,55,0,0,18.0742,0,1,0,1,0,0,1,1,0,0,0,0,93,0,1,33.2988,276,1,0,1,0,0,3,1,0,0,0,0
69,1106,1303.7,0,F,1,1,44,0,0,27.9717,70,1,1,0,0,0,2,1,0,0,0,0,94,0,1,26.9418,270,1,1,0,0,0,2,1,0,0,0,0
70,1190,1521.32,0,F,1,1,68,0,0,21.2894,224,1,1,0,0,0,3,1,0,0,0,0,100,0,1,15.9478,0,1,1,0,0,0,1,1,0,0,0,0
71,1281,1305.08,0,F,1,1,12,0,0,36.4833,79,1,1,0,0,0,2,1,0,0,0,0,13,0,1,44.0095,225,1,1,0,0,0,3,1,0,0,0,0
72,1295,1924.03,1,F,1,1,56,0,0,30.525,162,1,0,1,0,0,3,1,0,0,0,0,11,0,1,51.4855,281,1,0,1,0,0,2,1,0,0,0,0
73,1309,1695,1,F,1,1,34,0,0,19.2395,11,1,0,1,0,0,2,1,0,0,0,0,99,0,1,31.4601,112,1,0,1,0,0,4,1,0,0,0,0
74,1316,1904.67,0,F,1,1,81,0,0,35.0882,381,1,1,0,0,0,3,1,0,0,0,0,7,0,1,46.172,28,1,1,0,0,0,2,1,0,0,0,0
75,1337,1828.52,1,F,1,1,20,0,0,41.8152,270,1,0,1,0,0,2,1,0,0,0,0,82,0,1,25.4662,101,1,0,1,0,0,2,1,0,0,0,0
76,1337,1885.9,1,F,1,1,21,0,0,28.8658,183,1,0,1,0,0,2,1,0,0,0,0,90,0,1,37.2492,135,1,0,1,0,0,3,1,0,0,0,0
77,1358,1501.76,0,F,1,1,97,0,0,31.4226,417,1,1,0,0,0,2,1,0,0,0,0,43,0,1,27.9162,190,1,1,0,0,0,2,1,0,0,0,0
78,1379,1545.25,0,F,1,1,45,0,0,41.8239,264,1,1,0,0,0,2,1,0,0,0,0,96,0,1,31.3135,170,1,1,0,0,0,3,1,0,0,0,0
79,1393,1807.97,0,F,1,1,8,0,0,42.8997,93,1,1,0,0,0,2,1,0,0,0,0,84,0,1,29.5687,175,1,1,0,0,0,3,1,0,0,0,0
80,1428,2066.48,1,F,1,1,28,0,0,40.8467,204,1,0,1,0,0,4,1,0,0,0,0,6,0,1,21.1513,107,1,0,1,0,0,3,1,0,0,0,0
81,1435,1695.67,0,F,1,1,52,0,0,27.1899,87,1,1,0,0,0,4,1,0,0,0,0,94,0,1,27.8432,335,1,1,0,0,0,3,1,0,0,0,0
82,1449,2171.73,0,F,1,1,101,0,0,38.5277,263,1,1,0,0,0,2,1,0,0,0,0,66,0,1,29.2167,239,1,1,0,0,0,4,1,0,0,0,0
83,1456,1620.73,0,F,1,1,80,0,0,53.3731,109,1,1,0,0,0,4,1,0,0,0,0,67,0,1,22.8508,224,1,1,0,0,0,3,1,0,0,0,0
84,1505,1910.53,0,F,1,1,4,0,0,35.2746,223,1,1,0,0,0,3,1,0,0,0,0,65,0,1,41.9016,305,1,1,0,0,0,3,1,0,0,0,0
85,1519,2468.39,1,F,1,1,91,0,0,46.7171,343,1,0,1,0,0,2,1,0,0,0,0,9,0,1,48.5149,182,1,0,1,0,0,3,1,0,0,0,0
86,1526,2545.13,0,F,1,1,5,0,0,53.0448,89,1,1,0,0,0,2,1,0,0,0,0,36,0,1,27.0853,404,1,1,0,0,0,3,1,0,0,0,0
87,1526,1649.32,0,F,1,1,71,0,0,54.902,307,1,1,0,0,0,2,1,0,0,0,0,39,0,1,32.1988,369,1,1,0,0,0,3,1,0,0,0,0
88,1540,2057.18,0,F,1,1,44,0,0,29.1607,135,1,1,0,0,0,3,1,0,0,0,0,69,0,1,23.5732,136,1,1,0,0,0,4,1,0,0,0,0
89,1554,1606.77,0,F,1,1,62,0,0,27.7815,219,1,1,0,0,0,4,1,0,0,0,0,27,0,1,16.7181,0,1,1,0,0,0,1,1,0,0,0,0
90,1561,1901.74,0,F,1,1,47,0,0,40.1997,120,1,1,0,0,0,3,1,0,0,0,0,49,0,1,23.9693,267,1,1,0,0,0,3,1,0,0,0,0
91,1603,1811.18,1,F,1,1,89,0,0,54.673,482,1,0,1,0,0,2,1,0,0,0,0,13,0,1,44.8917,233,1,0,1,0,0,4,1,0,0,0,0
92,1666,1931.17,0,F,1,1,2,0,0,51.9244,171,1,1,0,0,0,3,1,0,0,0,0,96,0,1,32.0998,219,1,1,0,0,0,4,1,0,0,0,0
93,1673,2147.41,0,F,1,1,12,0,0,37.5573,87,1,1,0,0,0,3,1,0,0,0,0,87,0,1,49.7973,379,1,1,0,0,0,3,1,0,0,0,0
94,1694,1807.85,0,F,1,1,26,0,0,20.4328,39,1,1,0,0,0,3,1,0,0,0,0,27,0,1,17.1017,15,1,1,0,0,0,2,2,0,0,0,0
95,1708,2048.46,0,F,1,1,38,0,0,35.5948,261,1,1,0,0,0,3,1,0,0,0,0,67,0,1,23.5412,296,1,1,0,0,0,4,1,0,0,0,0
96,1715,11210.3,2,F,1,1,55,0,0,19.8002,80,1,0,0,1,0,2,1,0,0,0,0,76,0,1,34.9022,93,1,0,0,1,0,3,1,0,0,0,0
97,1757,1881.6,0,F,1,1,97,0,0,32.5158,468,1,1,0,0,0,3,1,0,0,0,0,58,0,1,26.7213,342,1,1,0,0,0,2,1,0,0,0,0
98,1764,1939.25,1,F,1,1,15,0,0,25.5234,262,1,0,1,0,0,3,1,0,0,0,0,95,0,1,18.816,127,1,0,1,0,0,3,1,0,0,0,0
99,1771,1855.34,0,F,1,1,78,0,0,28.952,342,1,1,0,0,0,2,1,0,0,0,0,94,0,1,28.7638,423,1,1,0,0,0,4,1,0,0,0,0
100,1813,1864.71,0,F,1,1,52,0,0,28.2255,175,1,1,0,0,0,5,1,0,0,0,0,13,0,1,45.467,271,1,1,0,0,0,5,1,0,0,0,0
101,1813,2737.7,0,F,1,1,59,0,0,14.9226,0,1,1,0,0,0,1,1,0,0,0,0,99,0,1,32.8409,241,1,1,0,0,0,5,1,0,0,0,0
102,1841,2252.23,1,F,1,1,85,0,0,35.985,223,1,0,1,0,0,3,1,0,0,0,0,93,0,1,35.37,356,1,0,1,0,0,4,1,0,0,0,0
103,1848,2947.93,1,F,1,1,68,0,0,23.0922,320,1,0,1,0,0,4,1,0,0,0,0,37,0,1,19.4288,264,1,0,1,0,0,2,1,0,0,0,0
104,2002,2283.18,0,F,1,1,15,0,0,26.1754,313,1,1,0,0,0,4,1,0,0,0,0,100,0,1,18.1725,96,1,1,0,0,0,2,1,0,0,0,0
105,2030,2335.46,0,F,1,1,51,0,0,51.7079,304,1,1,0,0,0,3,1,0,0,0,0,39,0,1,33.5796,378,1,1,0,0,0,4,1,0,0,0,0
106,2044,2303.31,0,F,1,1,34,0,0,21.2532,140,1,1,0,0,0,3,1,0,0,0,0,13,0,1,46.0999,293,1,1,0,0,0,6,1,0,0,0,0
107,2044,2276.54,0,F,1,1,78,0,0,29.7,375,1,1,0,0,0,3,1,0,0,0,0,82,0,1,27.4032,258,1,1,0,0,0,3,1,0,0,0,0
108,2065,2899.08,1,F,1,1,50,0,0,44.8604,465,1,0,1,0,0,4,1,0,0,0,0,54,0,1,18.3823,0,1,0,1,0,0,1,1,0,0,0,0
109,2079,2923.74,0,F,1,1,52,0,0,28.9543,197,1,1,0,0,0,6,1,0,0,0,0,49,0,1,25.3885,382,1,1,0,0,0,4,1,0,0,0,0
110,2128,2340.98,0,F,1,1,56,0,0,32.8072,387,1,1,0,0,0,4,1,0,0,0,0,65,0,1,43.6085,412,1,1,0,0,0,4,1,0,0,0,0
111,2135,2369.69,0,F,1,1,21,0,0,31.0521,352,1,1,0,0,0,3,1,0,0,0,0,84,0,1,31.6016,319,1,1,0,0,0,4,1,0,0,0,0
112,2156,2331.35,0,F,1,1,81,0,0,37.3896,606,1,1,0,0,0,4,1,0,0,0,0,90,0,1,39.4931,304,1,1,0,0,0,4,1,0,0,0,0
113,2163,2662.24,0,F,1,1,4,0,0,37.0773,330,1,1,0,0,0,4,1,0,0,0,0,25,0,1,44.2334,632,1,1,0,0,0,2,1,0,0,0,0
114,2198,2385.24,0,F,1,1,12,0,0,38.9956,251,1,1,0,0,0,4,1,0,0,0,0,96,0,1,33.5573,298,1,1,0,0,0,5,1,0,0,0,0
115,2219,2232.53,0,F,1,1,97,0,0,33.7815,511,1,1,0,0,0,4,1,0,0,0,0,11,0,1,54.017,506,1,1,0,0,0,3,1,0,0,0,0
116,2233,9300.46,2,F,1,1,8,0,0,45.2011,237,1,0,0,1,0,3,1,0,0,0,0,46,0,1,49.1696,151,1,0,0,1,0,3,1,0,0,0,0
117,2261,2458.61,0,F,1,1,3,0,0,48.7994,72,1,1,0,0,0,3,1,0,0,0,0,95,0,1,20.1777,178,1,1,0,0,0,4,1,0,0,0,0
118,2282,3516.61,1,F,1,1,45,0,0,44.2979,313,1,0,1,0,0,3,1,0,0,0,0,43,0,1,30.4477,241,1,0,1,0,0,3,1,0,0,0,0
119,2359,2934.36,0,F,1,1,2,0,0,53.823,250,1,1,0,0,0,4,1,0,0,0,0,69,0,1,25.817,296,1,1,0,0,0,5,1,0,0,0,0
120,2359,2560.3,0,F,1,1,28,0,0,43.3974,436,1,1,0,0,0,5,1,0,0,0,0,87,0,1,51.6767,543,1,1,0,0,0,4,1,0,0,0,0
121,2387,2879.9,1,F,1,1,38,0,0,37.4551,376,1,0,1,0,0,4,1,0,0,0,0,31,0,1,18.8165,0,1,0,1,0,0,1,1,0,0,0,0
122,2401,2808.8,1,F,1,1,21,0,0,31.7808,426,1,0,1,0,0,4,1,0,0,0,0,14,0,1,35.006,393,1,0,1,0,0,4,1,0,0,0,0
123,2408,2559.35,1,F,1,1,47,0,0,42.5202,235,1,0,1,0,0,4,1,0,0,0,0,27,0,1,19.0579,53,1,0,1,0,0,3,1,0,0,0,0
124,2422,2879.06,0,F,1,1,78,0,0,30.7356,444,1,1,0,0,0,4,1,0,0,0,0,36,0,1,29.5401,638,1,1,0,0,0,4,1,0,0,0,0
125,2436,2817.45,0,F,1,1,17,0,0,40.0241,237,1,1,0,0,0,3,1,0,0,0,0,82,0,1,28.4772,327,1,1,0,0,0,4,1,0,0,0,0
126,2457,2789.37,0,F,1,1,44,0,0,31.6731,295,1,1,0,0,0,4,1,0,0,0,0,90,0,1,40.3177,368,1,1,0,0,0,5,1,0,0,0,0
127,2471,2715.42,0,F,1,1,62,0,0,30.2938,234,1,1,0,0,0,5,1,0,0,0,0,100,0,1,19.4574,183,1,1,0,0,0,3,1,0,0,0,0
128,2520,2762.32,0,F,1,1,12,0,0,39.8778,308,1,1,0,0,0,5,1,0,0,0,0,95,0,1,20.8873,243,1,1,0,0,0,5,1,0,0,0,0
129,2527,2812.7,0,F,1,1,85,0,0,37.8645,356,1,1,0,0,0,4,1,0,0,0,0,9,0,1,51.2766,479,1,1,0,0,0,4,1,0,0,0,0
130,2541,2937.98,0,F,1,1,15,0,0,27.6522,400,1,1,0,0,0,5,1,0,0,0,0,96,0,1,34.497,355,1,1,0,0,0,6,1,0,0,0,0
131,2548,3000.51,1,F,1,1,3,0,0,49.5857,137,1,0,1,0,0,4,1,0,0,0,0,94,0,1,30.8925,456,1,0,1,0,0,5,1,0,0,0,0
132,2562,2751.26,1,F,1,1,91,0,0,49.5746,640,1,0,1,0,0,3,1,0,0,0,0,58,0,1,28.9268,385,1,0,1,0,0,3,1,0,0,0,0
133,2597,2654.37,0,F,1,1,97,0,0,34.8171,517,1,1,0,0,0,5,1,0,0,0,0,84,0,1,32.8673,393,1,1,0,0,0,5,1,0,0,0,0
134,2625,2637.56,0,F,1,1,28,0,0,44.1262,503,1,1,0,0,0,6,1,0,0,0,0,93,0,1,37.518,489,1,1,0,0,0,5,1,0,0,0,0
135,2667,3266.9,1,F,1,1,56,0,0,34.2839,457,1,0,1,0,0,5,1,0,0,0,0,7,0,1,49.8734,253,1,0,1,0,0,3,1,0,0,0,0
136,2674,3151.03,1,F,1,1,47,0,0,43.249,290,1,0,1,0,0,5,1,0,0,0,0,67,0,1,26.1878,411,1,0,1,0,0,5,1,0,0,0,0
137,2688,2729.97,0,F,1,1,10,0,0,45.0958,319,1,1,0,0,0,3,1,0,0,0,0,93,0,1,37.6906,492,1,1,0,0,0,6,2,0,0,0,0
138,2695,2840.4,0,F,1,1,97,0,0,35.0856,543,1,1,0,0,0,6,2,0,0,0,0,84,0,1,33.1358,419,1,1,0,0,0,6,2,0,0,0,0
139,2758,3244.12,0,F,1,1,26,0,0,23.3479,77,1,1,0,0,0,4,1,0,0,0,0,100,0,1,20.2437,270,1,1,0,0,0,4,1,0,0,0,0
140,2765,2891.05,1,F,1,1,81,0,0,39.058,670,1,0,1,0,0,5,1,0,0,0,0,6,0,1,24.8143,339,1,0,1,0,0,4,1,0,0,0,0
141,2835,3220.83,0,F,1,1,20,0,0,45.9193,427,1,1,0,0,0,3,1,0,0,0,0,41,0,1,16.961,0,1,1,0,0,0,1,1,0,0,0,0
142,2849,3068.83,0,F,1,1,4,0,0,38.9567,492,1,1,0,0,0,5,1,0,0,0,0,82,0,1,29.6087,455,1,1,0,0,0,5,1,0,0,0,0
143,2884,3296.22,0,F,1,1,21,0,0,33.1041,554,1,1,0,0,0,5,1,0,0,0,0,93,0,1,38.2276,501,1,1,0,0,0,7,1,0,0,0,0
144,2912,3015.91,0,F,1,1,81,0,0,39.4608,719,1,1,0,0,0,6,2,0,0,0,0,84,0,1,33.7303,458,1,1,0,0,0,7,1,0,0,0,0
145,2912,3876.01,1,F,1,1,51,0,0,54.1243,405,1,0,1,0,0,4,1,0,0,0,0,66,0,1,33.2249,499,1,0,1,0,0,5,1,0,0,0,0
146,2954,4062.73,1,F,1,1,62,0,0,31.6171,321,1,0,1,0,0,6,1,0,0,0,0,65,0,1,45.8715,482,1,0,1,0,0,5,1,0,0,0,0
147,3017,3312.74,0,F,1,1,91,0,0,50.8212,706,1,1,0,0,0,4,1,0,0,0,0,94,0,1,32.1775,601,1,1,0,0,0,6,1,0,0,0,0
148,3031,3162.33,0,F,1,1,34,0,0,23.9573,244,1,1,0,0,0,4,1,0,0,0,0,9,0,1,52.6574,576,1,1,0,0,0,5,1,0,0,0,0
149,3073,3244.69,0,F,1,1,38,0,0,39.3345,542,1,1,0,0,0,5,1,0,0,0,0,96,0,1,35.9546,497,1,1,0,0,0,7,1,0,0,0,0
150,3087,3372.92,1,F,1,1,44,0,0,33.3991,405,1,0,1,0,0,5,1,0,0,0,0,13,0,1,48.9574,397,1,0,1,0,0,7,1,0,0,0,0
151,3108,3852.49,1,F,1,1,12,0,0,41.4888,387,1,0,1,0,0,6,1,0,0,0,0,27,0,1,20.9757,108,1,0,1,0,0,4,1,0,0,0,0
152,3115,3398.76,1,F,1,1,4,0,0,39.6855,573,1,0,1,0,0,6,1,0,0,0,0,87,0,1,53.748,610,1,0,1,0,0,5,1,0,0,0,0
153,3129,3751.51,0,F,1,1,50,0,0,47.7755,777,1,1,0,0,0,5,1,0,0,0,0,6,0,1,25.8116,388,1,1,0,0,0,5,1,0,0,0,0
154,3150,3497.25,0,F,1,1,81,0,0,40.1128,754,1,1,0,0,0,7,1,0,0,0,0,99,0,1,36.5039,600,1,1,0,0,0,6,1,0,0,0,0
155,3178,3425.94,0,F,1,1,101,0,0,43.2647,523,1,1,0,0,0,3,1,0,0,0,0,37,0,1,23.0727,618,1,1,0,0,0,3,1,0,0,0,0
156,3213,3275.11,0,F,1,1,15,0,0,29.4932,542,1,1,0,0,0,6,1,0,0,0,0,84,0,1,34.555,493,1,1,0,0,0,8,1,0,0,0,0
157,3297,4166.15,1,F,1,1,3,0,0,51.6377,282,1,0,1,0,0,5,1,0,0,0,0,69,0,1,28.3869,439,1,0,1,0,0,6,1,0,0,0,0
158,3339,3363.38,0,F,1,1,33,0,0,34.2366,632,1,1,0,0,0,2,1,0,0,0,0,84,0,1,34.9002,517,1,1,0,0,0,9,2,0,0,0,0
159,3346,3487.4,0,F,1,1,59,0,0,19.1226,359,1,1,0,0,0,2,1,0,0,0,0,41,0,1,18.361,122,1,1,0,0,0,2,1,0,0,0,0
160,3346,4059.17,1,F,1,1,34,0,0,24.8203,286,1,0,1,0,0,5,1,0,0,0,0,90,0,1,42.7533,478,1,0,1,0,0,6,1,0,0,0,0
161,3374,3474.23,0,F,1,1,47,0,0,45.1668,461,1,1,0,0,0,6,1,0,0,0,0,96,0,1,36.7792,553,1,1,0,0,0,8,1,0,0,0,0
162,3388,4208.6,1,F,1,1,17,0,0,42.6323,365,1,0,1,0,0,4,1,0,0,0,0,58,0,1,31.1898,451,1,0,1,0,0,4,1,0,0,0,0
163,3395,3633.13,0,F,1,1,38,0,0,40.2167,598,1,1,0,0,0,6,1,0,0,0,0,66,0,1,34.5482,613,1,1,0,0,0,6,1,0,0,0,0
164,3416,4312.96,1,F,1,1,44,0,0,34.3005,497,1,0,1,0,0,6,1,0,0,0,0,36,0,1,32.2634,802,1,0,1,0,0,5,1,0,0,0,0
165,3444,4247.54,1,F,1,1,15,0,0,30.1261,566,1,0,1,0,0,7,1,0,0,0,0,14,0,1,37.8635,521,1,0,1,0,0,5,1,0,0,0,0
166,3493,3643.17,0,F,1,1,72,0,0,18.0698,0,1,1,0,0,0,1,1,0,0,0,0,37,0,1,23.9357,678,1,1,0,0,0,4,1,0,0,0,0
167,3514,4131.48,1,F,1,1,23,0,0,16.9705,0,1,0,1,0,0,1,1,0,0,0,0,31,0,1,21.9042,166,1,0,1,0,0,2,1,0,0,0,0
168,3528,3861.31,0,F,1,1,28,0,0,46.6001,506,1,1,0,0,0,7,1,0,0,0,0,49,0,1,29.3584,658,1,1,0,0,0,5,1,0,0,0,0
169,3528,3817.04,0,F,1,1,18,0,0,18.6674,0,1,1,0,0,0,1,1,0,0,0,0,87,0,1,54.8795,713,1,1,0,0,0,6,1,0,0,0,0
170,3542,3802.81,1,F,1,1,21,0,0,34.9068,686,1,0,1,0,0,6,1,0,0,0,0,25,0,1,48.0115,794,1,0,1,0,0,3,1,0,0,0,0
171,3542,4525.7,1,F,1,1,33,0,0,34.7928,639,1,0,1,0,0,3,1,0,0,0,0,95,0,1,23.6873,322,1,0,1,0,0,6,1,0,0,0,0
172,3542,4333.23,1,F,1,1,70,0,0,18.2095,0,1,0,1,0,0,1,1,0,0,0,0,9,0,1,54.0574,618,1,0,1,0,0,6,1,0,0,0,0
173,3598,3780.06,0,F,1,1,92,0,0,15.4129,0,1,1,0,0,0,1,1,0,0,0,0,96,0,1,37.3929,584,1,1,0,0,0,9,1,0,0,0,0
174,3626,3861.11,0,F,1,1,4,0,0,41.0855,676,1,1,0,0,0,7,1,0,0,0,0,99,0,1,37.808,728,1,1,0,0,0,7,1,0,0,0,0
175,3626,4625.35,1,F,1,1,26,0,0,25.726,246,1,0,1,0,0,5,1,0,0,0,0,67,0,1,28.796,582,1,0,1,0,0,6,1,0,0,0,0
176,3626,4203.67,1,F,1,1,78,0,0,34.0342,608,1,0,1,0,0,5,1,0,0,0,0,54,0,1,22.6591,312,1,0,1,0,0,2,1,0,0,0,0
177,3640,3962.67,0,F,1,1,101,0,0,44.5304,583,1,1,0,0,0,4,1,0,0,0,0,13,0,1,50.4725,489,1,1,0,0,0,8,1,0,0,0,0
178,3668,3870.57,0,F,1,1,56,0,0,37.0264,668,1,1,0,0,0,6,1,0,0,0,0,41,0,1,19.2432,171,1,1,0,0,0,3,1,0,0,0,0
179,3668,4606.2,1,F,1,1,91,0,0,52.6047,802,1,0,1,0,0,5,1,0,0,0,0,7,0,1,52.6158,464,1,0,1,0,0,4,1,0,0,0,0
180,3696,4034,1,F,1,1,10,0,0,47.8574,328,1,0,1,0,0,4,1,0,0,0,0,94,0,1,34.0377,697,1,0,1,0,0,7,1,0,0,0,0
181,3724,3996.55,0,F,1,1,20,0,0,48.3549,549,1,1,0,0,0,4,1,0,0,0,0,43,0,1,34.3984,659,1,1,0,0,0,4,1,0,0,0,0
182,3801,4003.38,0,F,1,1,81,0,0,41.8964,882,1,1,0,0,0,8,1,0,0,0,0,37,0,1,24.7795,723,1,1,0,0,0,5,1,0,0,0,0
183,3808,3975.21,0,F,1,1,97,0,0,38.1349,582,1,1,0,0,0,7,1,0,0,0,0,96,0,1,37.9683,651,1,1,0,0,0,10,1,0,0,0,0
184,3871,4064.19,0,F,1,1,45,0,0,48.6513,731,1,1,0,0,0,4,1,0,0,0,0,83,0,1,16.5352,0,1,1,0,0,0,1,1,0,0,0,0
185,3878,4599.48,1,F,1,1,52,0,0,33.883,473,1,0,1,0,0,7,1,0,0,0,0,84,0,1,36.3769,524,1,0,1,0,0,10,1,0,0,0,0
186,3885,4696.43,1,F,1,1,57,0,0,18.6679,0,1,0,1,0,0,1,1,0,0,0,0,93,0,1,40.97,633,1,0,1,0,0,8,1,0,0,0,0
187,3927,3991.16,0,F,1,1,85,0,0,41.7001,453,1,1,0,0,0,5,1,0,0,0,0,27,0,1,23.2195,359,1,1,0,0,0,5,1,0,0,0,0
188,4011,4046.81,0,F,1,1,38,0,0,41.9044,680,1,1,0,0,0,7,1,0,0,0,0,37,0,1,25.3549,792,1,1,0,0,0,6,1,0,0,0,0
189,4039,4193.06,0,F,1,1,68,0,0,29.0949,674,1,1,0,0,0,5,1,0,0,0,0,99,0,1,38.9395,813,1,1,0,0,0,8,1,0,0,0,0
190,4053,4867.87,0,F,1,1,50,0,0,50.307,988,1,1,0,0,0,6,1,0,0,0,0,25,0,1,49.4115,882,1,1,0,0,0,4,1,0,0,0,0
191,4053,4808.75,0,F,1,1,92,0,0,16.6594,67,1,1,0,0,0,2,1,0,0,0,0,27,0,1,23.5647,392,1,1,0,0,0,6,2,0,0,0,0
192,4053,4127.3,0,F,1,1,47,0,0,47.0271,492,1,1,0,0,0,7,1,0,0,0,0,96,0,1,38.6395,697,1,1,0,0,0,11,1,0,0,0,0
193,4060,4078.93,0,F,1,1,98,0,0,35.167,1103,1,1,0,0,0,4,1,0,0,0,0,90,0,1,44.7095,697,1,1,0,0,0,7,1,0,0,0,0
194,4067,4513.89,0,F,1,1,18,0,0,20.1441,29,1,1,0,0,0,2,1,0,0,0,0,6,0,1,28.3814,599,1,1,0,0,0,6,1,0,0,0,0
195,4081,4162.03,0,F,1,1,12,0,0,44.1545,638,1,1,0,0,0,7,1,0,0,0,0,37,0,1,25.5467,804,1,1,0,0,0,7,2,0,0,0,0
196,4081,16098.1,2,F,1,1,4,0,0,42.3321,761,1,0,0,1,0,8,1,0,0,0,0,86,0,1,48.5471,482,1,0,0,1,0,2,1,0,0,0,0
197,4088,4956.62,1,F,1,1,45,0,0,49.2458,804,1,0,1,0,0,5,1,0,0,0,0,100,0,1,23.8875,439,1,0,1,0,0,5,1,0,0,0,0
198,4102,4646.07,0,F,1,1,40,0,0,18.3563,0,1,1,0,0,0,1,1,0,0,0,0,13,0,1,51.7383,613,1,1,0,0,0,9,1,0,0,0,0
199,4109,4177.17,0,F,1,1,97,0,0,38.9596,628,1,1,0,0,0,8,1,0,0,0,0,65,0,1,49.0359,855,1,1,0,0,0,6,1,0,0,0,0
200,4116,4297.98,0,F,1,1,20,0,0,49.4289,641,1,1,0,0,0,5,1,0,0,0,0,43,0,1,35.4724,751,1,1,0,0,0,5,1,0,0,0,0
201,4123,4213.24,0,F,1,1,59,0,0,21.2513,408,1,1,0,0,0,3,1,0,0,0,0,94,0,1,35.2076,803,1,1,0,0,0,8,1,0,0,0,0
202,4151,10873.1,2,F,1,1,34,0,0,27.0258,505,1,0,0,1,0,6,1,0,0,0,0,77,0,1,27.8787,304,1,0,0,1,0,3,1,0,0,0,0
203,4158,4658.34,0,F,1,1,72,0,0,19.8918,45,1,1,0,0,0,2,1,0,0,0,0,90,0,1,44.978,701,1,1,0,0,0,8,2,0,0,0,0
204,4179,5298.29,0,F,1,1,70,0,0,19.9547,134,1,1,0,0,0,2,1,0,0,0,0,37,0,1,25.8151,832,1,1,0,0,0,8,3,0,0,0,0
205,4179,4640.67,0,F,1,1,85,0,0,42.3905,486,1,1,0,0,0,6,1,0,0,0,0,65,0,1,49.2277,884,1,1,0,0,0,7,2,0,0,0,0
206,4228,4503.6,0,F,1,1,97,0,0,39.2856,657,1,1,0,0,0,9,2,0,0,0,0,58,0,1,33.4912,706,1,1,0,0,0,5,1,0,0,0,0
207,4228,4345.04,0,F,1,1,28,0,0,48.5179,626,1,1,0,0,0,8,1,0,0,0,0,69,0,1,30.9375,730,1,1,0,0,0,7,1,0,0,0,0
208,4256,4820.49,1,F,1,1,15,0,0,32.3508,844,1,0,1,0,0,8,1,0,0,0,0,66,0,1,36.9071,695,1,0,1,0,0,7,1,0,0,0,0
209,4298,5310.25,1,F,1,1,78,0,0,35.8753,800,1,0,1,0,0,6,1,0,0,0,0,61,0,1,41.5938,914,1,0,1,0,0,2,1,0,0,0,0
210,4326,4672.45,0,F,1,1,81,0,0,43.3348,951,1,1,0,0,0,9,1,0,0,0,0,36,0,1,34.7565,1099,1,1,0,0,0,6,1,0,0,0,0
211,4347,4755.93,0,F,1,1,62,0,0,35.4335,694,1,1,0,0,0,7,1,0,0,0,0,96,0,1,39.445,715,1,1,0,0,0,12,1,0,0,0,0
212,4424,4613.36,1,F,1,1,101,0,0,46.6783,707,1,0,1,0,0,5,1,0,0,0,0,49,0,1,31.8132,778,1,0,1,0,0,6,1,0,0,0,0
213,4431,4634.36,0,F,1,1,17,0,0,45.4898,620,1,1,0,0,0,5,1,0,0,0,0,99,0,1,40.0135,850,1,1,0,0,0,9,1,0,0,0,0
214,4473,4619.01,0,F,1,1,21,0,0,37.4575,774,1,1,0,0,0,7,1,0,0,0,0,16,0,1,16.6443,0,1,1,0,0,0,1,1,0,0,0,0
215,4473,5117.01,1,F,1,1,59,0,0,22.2102,437,1,0,1,0,0,4,1,0,0,0,0,41,0,1,21.4487,244,1,0,1,0,0,4,1,0,0,0,0
216,4536,4567.5,0,F,1,1,10,0,0,50.1588,434,1,1,0,0,0,5,1,0,0,0,0,58,0,1,34.335,800,1,1,0,0,0,6,1,0,0,0,0
217,4536,4896.99,0,F,1,1,98,0,0,36.4711,1107,1,1,0,0,0,5,1,0,0,0,0,83,0,1,18.3571,73,1,1,0,0,0,2,1,0,0,0,0
218,4599,5430.8,0,F,1,1,47,0,0,48.523,510,1,1,0,0,0,8,1,0,0,0,0,58,0,1,34.5076,813,1,1,0,0,0,7,2,0,0,0,0
219,4599,5006.1,1,F,1,1,20,0,0,50.7522,694,1,0,1,0,0,6,1,0,0,0,0,54,0,1,25.3248,504,1,0,1,0,0,3,1,0,0,0,0
220,4648,4690.61,0,F,1,1,23,0,0,20.0773,201,1,1,0,0,0,2,1,0,0,0,0,13,0,1,53.2342,801,1,1,0,0,0,10,1,0,0,0,0
221,4676,5451.28,1,F,1,1,28,0,0,49.7453,663,1,0,1,0,0,9,1,0,0,0,0,43,0,1,37.0066,804,1,0,1,0,0,6,1,0,0,0,0
222,4683,5313.94,0,F,1,1,97,0,0,40.5322,751,1,1,0,0,0,10,1,0,0,0,0,49,0,1,32.5228,838,1,1,0,0,0,7,1,0,0,0,0
223,4718,4859.9,0,F,1,1,52,0,0,36.1844,748,1,1,0,0,0,8,1,0,0,0,0,79,0,1,15.5183,0,1,1,0,0,0,1,1,0,0,0,0
224,4767,5571.77,1,F,1,1,81,0,0,44.543,1060,1,0,1,0,0,10,1,0,0,0,0,14,0,1,41.4882,799,1,0,1,0,0,6,1,0,0,0,0
225,4774,4891.65,0,F,1,1,18,0,0,22.0811,173,1,1,0,0,0,3,1,0,0,0,0,93,0,1,43.4056,902,1,1,0,0,0,9,1,0,0,0,0
226,4879,5493.61,0,F,1,1,23,0,0,20.7102,212,1,1,0,0,0,3,1,0,0,0,0,99,0,1,41.2409,920,1,1,0,0,0,10,1,0,0,0,0
227,4956,5039.36,0,F,1,1,26,0,0,29.3698,587,1,1,0,0,0,6,1,0,0,0,0,36,0,1,36.4826,1208,1,1,0,0,0,7,1,0,0,0,0
228,4977,9774.56,2,F,1,1,101,0,0,48.1934,767,1,0,0,1,0,6,1,0,0,0,0,60,0,1,32.1013,338,1,0,0,1,0,3,1,0,0,0,0
229,4984,5266.72,0,F,1,1,40,0,0,20.7728,188,1,1,0,0,0,2,1,0,0,0,0,96,0,1,41.1902,846,1,1,0,0,0,13,1,0,0,0,0
230,4998,5894.82,1,F,1,1,57,0,0,21.7172,269,1,0,1,0,0,2,1,0,0,0,0,69,0,1,33.0471,767,1,0,1,0,0,8,1,0,0,0,0
231,5019,21709.2,2,F,1,1,20,0,0,51.9029,827,1,0,0,1,0,7,1,0,0,0,0,39,0,1,41.7686,479,1,0,0,1,0,5,1,0,0,0,0
232,5026,5111.05,0,F,1,1,18,0,0,22.7715,215,1,1,0,0,0,4,1,0,0,0,0,67,0,1,32.6316,923,1,1,0,0,0,7,1,0,0,0,0
233,5040,5622.98,1,F,1,1,62,0,0,37.3321,825,1,0,1,0,0,8,1,0,0,0,0,94,0,1,37.7199,832,1,0,1,0,0,9,1,0,0,0,0
234,5054,5351.52,0,F,1,1,15,0,0,34.5371,1039,1,1,0,0,0,9,1,0,0,0,0,27,0,1,26.3072,626,1,1,0,0,0,7,1,0,0,0,0
235,5082,6218.14,1,F,1,1,85,0,0,44.8645,645,1,0,1,0,0,7,1,0,0,0,0,6,0,1,31.1622,743,1,0,1,0,0,7,1,0,0,0,0
236,5089,6423.29,0,F,1,1,10,0,0,51.6739,447,1,1,0,0,0,6,1,0,0,0,0,66,0,1,39.1893,890,1,1,0,0,0,8,1,0,0,0,0
237,5110,5845.77,1,F,1,1,44,0,0,38.9416,794,1,0,1,0,0,7,1,0,0,0,0,31,0,1,26.2768,367,1,0,1,0,0,3,1,0,0,0,0
238,5110,5310.83,1,F,1,1,45,0,0,52.0458,1108,1,0,1,0,0,6,1,0,0,0,0,84,0,1,39.7522,799,1,0,1,0,0,11,1,0,0,0,0
239,5145,6446.99,1,F,1,1,17,0,0,47.446,690,1,0,1,0,0,6,1,0,0,0,0,16,0,1,18.4854,41,1,0,1,0,0,2,1,0,0,0,0
240,5187,5450.25,0,F,1,1,26,0,0,30.0027,616,1,1,0,0,0,7,1,0,0,0,0,24,0,1,17.5744,0,1,1,0,0,0,1,1,0,0,0,0
241,5264,5386.68,1,F,1,1,56,0,0,41.399,741,1,0,1,0,0,7,1,0,0,0,0,65,0,1,52.2003,1043,1,0,1,0,0,8,1,0,0,0,0
242,5278,5454.28,0,F,1,1,52,0,0,37.7187,786,1,1,0,0,0,9,1,0,0,0,0,79,0,1,17.0525,38,1,1,0,0,0,2,1,0,0,0,0
243,5299,6143.57,0,F,1,1,35,0,0,15.49,0,1,1,0,0,0,1,1,0,0,0,0,83,0,1,20.4475,198,1,1,0,0,0,3,1,0,0,0,0
244,5313,5606.99,0,F,1,1,59,0,0,24.5116,666,1,1,0,0,0,5,1,0,0,0,0,100,0,1,27.2437,743,1,1,0,0,0,6,1,0,0,0,0
245,5362,6520.64,1,F,1,1,68,0,0,32.7196,711,1,0,1,0,0,6,1,0,0,0,0,95,0,1,28.6736,649,1,0,1,0,0,7,1,0,0,0,0
246,5376,5499.2,0,F,1,1,98,0,0,38.7725,1232,1,1,0,0,0,6,1,0,0,0,0,54,0,1,27.4536,637,1,1,0,0,0,4,1,0,0,0,0
247,5425,6032.91,1,F,1,1,48,0,0,19.6389,0,1,0,1,0,0,1,1,0,0,0,0,25,0,1,53.1704,1170,1,0,1,0,0,5,1,0,0,0,0
248,5432,6192.1,1,F,1,1,50,0,0,54.0851,1276,1,0,1,0,0,7,1,0,0,0,0,37,0,1,29.248,1182,1,0,1,0,0,9,1,0,0,0,0
249,5439,5717.59,0,F,1,1,12,0,0,47.8751,666,1,1,0,0,0,8,1,0,0,0,0,36,0,1,37.8059,1237,1,1,0,0,0,8,1,0,0,0,0
250,5439,6015.63,0,F,1,1,40,0,0,22.0194,278,1,1,0,0,0,3,1,0,0,0,0,67,0,1,33.7631,960,1,1,0,0,0,8,1,0,0,0,0
251,5439,5484.14,0,F,1,1,73,0,0,15.8904,0,1,1,0,0,0,1,1,0,0,0,0,41,0,1,24.0952,473,1,1,0,0,0,5,1,0,0,0,0
252,5439,5641.65,1,F,1,1,56,0,0,41.8784,789,1,0,1,0,0,8,2,0,0,0,0,49,0,1,34.594,1056,1,0,1,0,0,8,1,0,0,0,0
253,5460,6682.55,0,F,1,1,8,0,0,54.0422,939,1,1,0,0,0,4,1,0,0,0,0,96,0,1,42.4943,936,1,1,0,0,0,14,1,0,0,0,0
254,5460,5472.48,0,F,1,1,15,0,0,35.6494,1131,1,1,0,0,0,10,1,0,0,0,0,84,0,1,40.7111,848,1,1,0,0,0,12,1,0,0,0,0
255,5467,5603.66,0,F,1,1,78,0,0,39.0781,1136,1,1,0,0,0,7,1,0,0,0,0,27,0,1,27.4387,718,1,1,0,0,0,8,1,0,0,0,0
256,5544,6492.3,0,F,1,1,18,0,0,24.1907,252,1,1,0,0,0,5,1,0,0,0,0,61,0,1,45.0075,1250,1,1,0,0,0,3,1,0,0,0,0
257,5544,6072.44,1,F,1,1,45,0,0,53.2349,1157,1,0,1,0,0,7,1,0,0,0,0,65,0,1,52.9674,1091,1,0,1,0,0,9,1,0,0,0,0
258,5551,5889.93,0,F,1,1,47,0,0,51.1312,805,1,1,0,0,0,9,1,0,0,0,0,43,0,1,39.4039,1022,1,1,0,0,0,7,1,0,0,0,0
259,5579,6913.4,1,F,1,1,23,0,0,22.628,408,1,0,1,0,0,4,1,0,0,0,0,58,0,1,37.1926,1108,1,0,1,0,0,8,1,0,0,0,0
260,5593,6684.65,1,F,1,1,26,0,0,31.115,696,1,0,1,0,0,8,1,0,0,0,0,84,0,1,41.0755,853,1,0,1,0,0,13,2,0,0,0,0
261,5642,6205.69,0,F,1,1,63,0,0,33.5721,1413,1,1,0,0,0,4,1,0,0,0,0,24,0,1,18.8209,80,1,1,0,0,0,2,1,0,0,0,0
262,5691,6353.07,1,F,1,1,70,0,0,24.0972,484,1,0,1,0,0,3,1,0,0,0,0,27,0,1,28.0524,760,1,0,1,0,0,9,1,0,0,0,0
263,5705,5708.54,0,F,1,1,29,0,0,20.1289,0,1,1,0,0,0,1,1,0,0,0,0,99,0,1,43.5039,1116,1,1,0,0,0,11,1,0,0,0,0
264,5712,5854.86,0,F,1,1,97,0,0,43.3514,969,1,1,0,0,0,11,1,0,0,0,0,41,0,1,24.8432,488,1,1,0,0,0,6,1,0,0,0,0
265,5803,5876.91,0,F,1,1,92,0,0,21.454,301,1,1,0,0,0,3,1,0,0,0,0,79,0,1,18.4909,108,1,1,0,0,0,3,1,0,0,0,0
266,5824,5882.15,0,F,1,1,59,0,0,25.9116,771,1,1,0,0,0,6,1,0,0,0,0,54,0,1,28.681,676,1,1,0,0,0,5,1,0,0,0,0
267,5831,6692.14,0,F,1,1,12,0,0,48.949,748,1,1,0,0,0,9,1,0,0,0,0,100,0,1,28.6629,848,1,1,0,0,0,7,1,0,0,0,0
268,5845,6142.25,0,F,1,1,33,0,0,41.1024,966,1,1,0,0,0,4,1,0,0,0,0,14,0,1,44.4416,1062,1,1,0,0,0,7,1,0,0,0,0
269,5873,5874.7,0,F,1,1,15,0,0,36.7809,1136,1,1,0,0,0,11,1,0,0,0,0,36,0,1,38.9949,1319,1,1,0,0,0,9,1,0,0,0,0
270,5887,6023.9,0,F,1,1,21,0,0,41.3315,815,1,1,0,0,0,8,1,0,0,0,0,37,0,1,30.4946,1271,1,1,0,0,0,10,1,0,0,0,0
271,5915,6294.94,1,F,1,1,81,0,0,47.6882,1323,1,0,1,0,0,11,1,0,0,0,0,31,0,1,28.4823,647,1,0,1,0,0,4,1,0,0,0,0
272,6013,6274.2,0,F,1,1,15,0,0,37.1645,1140,1,1,0,0,0,12,2,0,0,0,0,99,0,1,44.3478,1118,1,1,0,0,0,12,1,0,0,0,0
273,6034,6513.55,0,F,1,1,30,0,0,17.6275,0,1,1,0,0,0,1,1,0,0,0,0,41,0,1,25.7254,544,1,1,0,0,0,7,1,0,0,0,0
274,6083,9232.22,2,F,1,1,42,0,0,18.042,0,1,0,0,1,0,1,1,0,0,0,0,82,0,1,38.469,536,1,0,0,1,0,6,1,0,0,0,0
275,6104,6976.43,1,F,1,1,73,0,0,17.7123,15,1,0,1,0,0,2,1,0,0,0,0,69,0,1,36.0773,1085,1,0,1,0,0,9,1,0,0,0,0
276,6111,6193.78,0,F,1,1,40,0,0,23.8605,464,1,1,0,0,0,4,1,0,0,0,0,36,0,1,39.647,1323,1,1,0,0,0,10,1,0,0,0,0
277,6132,7043.82,0,F,1,1,52,0,0,40.0584,856,1,1,0,0,0,10,1,0,0,0,0,79,0,1,19.3922,145,1,1,0,0,0,4,1,0,0,0,0
278,6160,6493.02,1,F,1,1,28,0,0,53.8111,881,1,0,1,0,0,10,1,0,0,0,0,39,0,1,44.8947,864,1,0,1,0,0,6,1,0,0,0,0
279,6167,6506.75,0,F,1,1,21,0,0,42.0986,872,1,1,0,0,0,9,1,0,0,0,0,54,0,1,29.6207,692,1,1,0,0,0,6,1,0,0,0,0
280,6188,6842.29,1,F,1,1,38,0,0,47.8688,692,1,0,1,0,0,8,1,0,0,0,0,105,0,1,14.7671,0,1,0,1,0,0,1,1,0,0,0,0
281,6230,6600.7,0,F,1,1,98,0,0,41.1122,1271,1,1,0,0,0,7,1,0,0,0,0,96,0,1,44.6039,1047,1,1,0,0,0,15,1,0,0,0,0
282,6279,7258.13,0,F,1,1,56,0,0,44.1798,840,1,1,0,0,0,9,1,0,0,0,0,43,0,1,41.3984,1134,1,1,0,0,0,8,1,0,0,0,0
283,6314,6409.32,0,F,1,1,78,0,0,41.3986,1178,1,1,0,0,0,8,1,0,0,0,0,49,0,1,36.9912,1107,1,1,0,0,0,9,1,0,0,0,0
284,6419,21147.3,2,F,1,1,15,0,0,38.2768,1221,1,0,0,1,0,13,1,0,0,0,0,90,0,1,51.1725,848,1,0,0,1,0,9,1,0,0,0,0
285,6510,7012.91,1,F,1,1,72,0,0,26.3356,192,1,0,1,0,0,3,1,0,0,0,0,54,0,1,30.5604,807,1,0,1,0,0,7,1,0,0,0,0
286,6517,6742.67,0,F,1,1,29,0,0,22.3536,2,1,1,0,0,0,2,1,0,0,0,0,37,0,1,32.2206,1328,1,1,0,0,0,11,1,0,0,0,0
287,6531,6994.03,0,F,1,1,102,0,0,17.5288,0,1,1,0,0,0,1,1,0,0,0,0,67,0,1,36.7549,1146,1,1,0,0,0,9,1,0,0,0,0
288,6552,7011.04,1,F,1,1,48,0,0,22.7266,220,1,0,1,0,0,2,1,0,0,0,0,95,0,1,31.9338,1048,1,0,1,0,0,8,1,0,0,0,0
289,6678,7720.04,0,F,1,1,59,0,0,28.2513,787,1,1,0,0,0,7,1,0,0,0,0,14,0,1,46.7238,1147,1,1,0,0,0,8,1,0,0,0,0
290,6706,7067.79,1,F,1,1,62,0,0,41.8965,1020,1,0,1,0,0,9,1,0,0,0,0,96,0,1,45.908,1193,1,0,1,0,0,16,1,0,0,0,0
291,6720,6770.83,0,F,1,1,103,0,0,17.1836,0,1,1,0,0,0,1,1,0,0,0,0,83,0,1,24.3406,466,1,1,0,0,0,4,1,0,0,0,0
292,6783,6969.03,0,F,1,1,70,0,0,27.089,728,1,1,0,0,0,4,1,0,0,0,0,36,0,1,41.4881,1348,1,1,0,0,0,11,1,0,0,0,0
293,6790,7437.45,1,F,1,1,92,0,0,24.1581,338,1,0,1,0,0,4,1,0,0,0,0,108,0,1,14.8055,0,1,0,1,0,0,1,1,0,0,0,0
294,6811,7120.59,0,F,1,1,4,0,0,49.8115,1581,1,1,0,0,0,9,1,0,0,0,0,24,0,1,22.0237,260,1,1,0,0,0,3,1,0,0,0,0
295,6853,7926.33,1,F,1,1,44,0,0,43.7169,1074,1,0,1,0,0,8,1,0,0,0,0,105,0,1,16.589,214,1,0,1,0,0,2,1,0,0,0,0
296,6881,6903.92,0,F,1,1,21,0,0,44.0548,987,1,1,0,0,0,10,1,0,0,0,0,6,0,1,36.091,1117,1,1,0,0,0,8,1,0,0,0,0
297,6965,7359.4,0,F,1,1,23,0,0,26.4253,876,1,1,0,0,0,5,1,0,0,0,0,31,0,1,31.359,792,1,1,0,0,0,5,1,0,0,0,0
298,6993,7221.1,0,F,1,1,33,0,0,44.2476,1051,1,1,0,0,0,5,1,0,0,0,0,66,0,1,44.4057,1269,1,1,0,0,0,9,1,0,0,0,0
299,7000,7326.83,0,F,1,1,85,0,0,50.1193,1019,1,1,0,0,0,8,1,0,0,0,0,99,0,1,47.0519,1199,1,1,0,0,0,13,1,0,0,0,0
300,7028,7424.06,0,F,1,1,18,0,0,28.2564,563,1,1,0,0,0,6,1,0,0,0,0,27,0,1,31.7154,1004,1,1,0,0,0,10,1,0,0,0,0
301,7056,7298.19,0,F,1,1,68,0,0,37.3606,1110,1,1,0,0,0,7,1,0,0,0,0,49,0,1,39.0241,1142,1,1,0,0,0,10,1,0,0,0,0
302,7070,7892.66,1,F,1,1,104,0,0,17.5288,0,1,0,1,0,0,1,1,0,0,0,0,36,0,1,42.2744,1418,1,0,1,0,0,12,1,0,0,0,0
303,7070,7999.91,1,F,1,1,17,0,0,52.7199,1105,1,0,1,0,0,7,1,0,0,0,0,69,0,1,38.7238,1378,1,0,1,0,0,10,1,0,0,0,0
304,7105,7592.18,0,F,1,1,38,0,0,50.3811,906,1,1,0,0,0,9,1,0,0,0,0,39,0,1,47.4837,979,1,1,0,0,0,7,1,0,0,0,0
305,7105,7522.09,0,F,1,1,72,0,0,27.9657,368,1,1,0,0,0,4,1,0,0,0,0,41,0,1,28.6596,715,1,1,0,0,0,8,1,0,0,0,0
306,7133,8249.66,1,F,1,1,63,0,0,37.657,1593,1,0,1,0,0,5,1,0,0,0,0,24,0,1,22.9059,370,1,0,1,0,0,4,1,0,0,0,0
307,7154,7231.06,0,F,1,1,48,0,0,24.3759,361,1,1,0,0,0,3,1,0,0,0,0,16,0,1,23.9895,456,1,1,0,0,0,3,1,0,0,0,0
308,7175,7224.35,0,F,1,1,81,0,0,51.1402,1468,1,1,0,0,0,12,1,0,0,0,0,84,0,1,45.4098,1200,1,1,0,0,0,14,1,0,0,0,0
309,7210,7258.47,0,F,1,1,73,0,0,20.7424,308,1,1,0,0,0,3,1,0,0,0,0,100,0,1,32.441,1141,1,1,0,0,0,8,1,0,0,0,0
310,7245,11076.3,2,F,1,1,70,0,0,28.3547,798,1,0,0,1,0,5,1,0,0,0,0,93,0,1,50.1755,944,1,0,0,1,0,10,1,0,0,0,0
311,7259,13208.7,2,F,1,1,62,0,0,43.4116,1131,1,0,0,1,0,10,1,0,0,0,0,94,0,1,43.7994,1027,1,0,0,1,0,10,1,0,0,0,0
312,7280,7997.14,1,F,1,1,30,0,0,21.0412,171,1,0,1,0,0,2,1,0,0,0,0,100,0,1,32.6327,1162,1,0,1,0,0,9,2,0,0,0,0
313,7329,7640.58,0,F,1,1,33,0,0,45.1681,1131,1,1,0,0,0,6,1,0,0,0,0,107,0,1,17.1068,0,1,1,0,0,0,1,1,0,0,0,0
314,7329,9815.16,2,F,1,1,78,0,0,44.1794,1213,1,0,0,1,0,9,1,0,0,0,0,61,0,1,49.8979,1561,1,0,0,1,0,4,1,0,0,0,0
315,7350,7701.34,0,F,1,1,21,0,0,45.3397,998,1,1,0,0,0,11,1,0,0,0,0,37,0,1,34.5028,1413,1,1,0,0,0,12,1,0,0,0,0
316,7357,7759.93,0,F,1,1,56,0,0,47.1332,1119,1,1,0,0,0,10,1,0,0,0,0,83,0,1,26.0858,485,1,1,0,0,0,5,1,0,0,0,0
317,7385,7508.23,0,F,1,1,48,0,0,25.0088,400,1,1,0,0,0,4,1,0,0,0,0,58,0,1,42.1405,1576,1,1,0,0,0,9,1,0,0,0,0
318,7441,8400.31,1,F,1,1,29,0,0,24.8851,87,1,0,1,0,0,3,1,0,0,0,0,27,0,1,32.8469,1136,1,0,1,0,0,11,1,0,0,0,0
319,7518,8241.33,1,F,1,1,35,0,0,21.5694,268,1,0,1,0,0,2,1,0,0,0,0,58,0,1,42.5049,1621,1,0,1,0,0,10,2,0,0,0,0
320,7532,7850.08,0,F,1,1,110,0,0,15.9178,0,1,1,0,0,0,1,1,0,0,0,0,6,0,1,37.8746,1128,1,1,0,0,0,9,1,0,0,0,0
321,7560,8459.1,1,F,1,1,103,0,0,19.4849,19,1,0,1,0,0,2,1,0,0,0,0,60,0,1,39.178,1155,1,0,1,0,0,4,1,0,0,0,0
322,7637,8341.63,0,F,1,1,68,0,0,38.9524,1173,1,1,0,0,0,8,1,0,0,0,0,79,0,1,23.5155,443,1,1,0,0,0,5,1,0,0,0,0
323,7665,7961.84,0,F,1,1,102,0,0,20.6356,147,1,1,0,0,0,2,1,0,0,0,0,54,0,1,33.7248,983,1,1,0,0,0,8,1,0,0,0,0
324,7707,7962.4,0,F,1,1,26,0,0,36.9068,1043,1,1,0,0,0,9,1,0,0,0,0,67,0,1,39.9768,1293,1,1,0,0,0,10,1,0,0,0,0
325,7742,7782.45,0,F,1,1,106,0,0,18.3342,0,1,1,0,0,0,1,1,0,0,0,0,95,0,1,35.1941,1189,1,1,0,0,0,9,1,0,0,0,0
326,7777,7798.19,0,F,1,1,38,0,0,52.2222,1059,1,1,0,0,0,10,1,0,0,0,0,96,0,1,48.8423,1304,1,1,0,0,0,17,1,0,0,0,0
327,7784,7877.5,0,F,1,1,72,0,0,29.826,497,1,1,0,0,0,5,1,0,0,0,0,16,0,1,25.7156,495,1,1,0,0,0,4,1,0,0,0,0
328,7875,7946.74,0,F,1,1,106,0,0,18.6986,17,1,1,0,0,0,2,2,0,0,0,0,84,0,1,47.3276,1210,1,1,0,0,0,15,1,0,0,0,0
329,7938,8388.41,1,F,1,1,12,0,0,54.7216,1041,1,0,1,0,0,10,1,0,0,0,0,69,0,1,41.1019,1673,1,0,1,0,0,11,1,0,0,0,0
330,7959,8042.46,0,F,1,1,59,0,0,31.7609,1097,1,1,0,0,0,8,1,0,0,0,0,43,0,1,46.0012,1413,1,1,0,0,0,9,1,0,0,0,0
331,7973,8583,1,F,1,1,97,0,0,49.5459,1025,1,0,1,0,0,12,1,0,0,0,0,67,0,1,40.7056,1379,1,0,1,0,0,11,1,0,0,0,0
332,7980,8794.31,1,F,1,1,52,0,0,45.1214,1154,1,0,1,0,0,11,1,0,0,0,0,105,0,1,19.6767,524,1,0,1,0,0,3,1,0,0,0,0
333,8043,8123.61,0,F,1,1,102,0,0,21.6712,233,1,1,0,0,0,3,1,0,0,0,0,66,0,1,47.2824,1349,1,1,0,0,0,10,1,0,0,0,0
334,8057,8391.08,0,F,1,1,106,0,0,19.1973,44,1,1,0,0,0,3,2,0,0,0,0,49,0,1,41.7666,1205,1,1,0,0,0,11,1,0,0,0,0
335,8078,8233.86,0,F,1,1,59,0,0,32.0869,1121,1,1,0,0,0,9,2,0,0,0,0,99,0,1,50.0053,1308,1,1,0,0,0,14,1,0,0,0,0
336,8085,8772.55,1,F,1,1,57,0,0,30.1747,587,1,0,1,0,0,3,1,0,0,0,0,69,0,1,41.5047,1714,1,0,1,0,0,12,2,0,0,0,0
337,8106,8144.71,0,F,1,1,38,0,0,53.1236,1067,1,1,0,0,0,11,1,0,0,0,0,109,0,1,18.0849,0,1,1,0,0,0,1,1,0,0,0,0
338,8183,8225.81,0,F,1,1,15,0,0,43.1097,1674,1,1,0,0,0,14,1,0,0,0,0,108,0,1,18.6219,188,1,1,0,0,0,2,1,0,0,0,0
339,8183,9108.34,1,F,1,1,85,0,0,53.3604,1128,1,0,1,0,0,9,1,0,0,0,0,109,0,1,18.2959,12,1,0,1,0,0,2,2,0,0,0,0
340,8232,9530.9,1,F,1,1,81,0,0,54.0361,1478,1,0,1,0,0,13,1,0,0,0,0,108,0,1,18.7562,211,1,0,1,0,0,3,2,0,0,0,0
341,8253,9211.27,1,F,1,1,40,0,0,29.7289,489,1,0,1,0,0,5,1,0,0,0,0,58,0,1,44.5186,1843,1,0,1,0,0,11,1,0,0,0,0
342,8260,8468.61,0,F,1,1,21,0,0,47.8329,1106,1,1,0,0,0,12,1,0,0,0,0,41,0,1,31.824,844,1,1,0,0,0,9,1,0,0,0,0
343,8309,8395.97,0,F,1,1,110,0,0,18.0466,119,1,1,0,0,0,2,1,0,0,0,0,39,0,1,50.7823,1132,1,1,0,0,0,8,1,0,0,0,0
344,8386,9383.41,0,F,1,1,59,0,0,32.9308,1170,1,1,0,0,0,10,1,0,0,0,0,107,0,1,20.0027,108,1,1,0,0,0,2,1,0,0,0,0
345,8456,8582.21,0,F,1,1,110,0,0,18.4493,157,1,1,0,0,0,3,2,0,0,0,0,37,0,1,37.533,1521,1,1,0,0,0,13,1,0,0,0,0
346,8456,9145.71,1,F,1,1,92,0,0,28.7224,526,1,0,1,0,0,5,1,0,0,0,0,27,0,1,35.6277,1464,1,0,1,0,0,12,1,0,0,0,0
347,8477,8813.55,0,F,1,1,112,0,0,17.011,0,1,1,0,0,0,1,1,0,0,0,0,95,0,1,37.2078,1206,1,1,0,0,0,10,1,0,0,0,0
348,8533,9320.03,1,F,1,1,48,0,0,28.154,445,1,0,1,0,0,5,1,0,0,0,0,113,0,1,16.8959,0,1,0,1,0,0,1,1,0,0,0,0
349,8589,8607.33,0,F,1,1,15,0,0,44.222,1697,1,1,0,0,0,15,1,0,0,0,0,6,0,1,40.7705,1247,1,1,0,0,0,10,1,0,0,0,0
350,8617,9057,1,F,1,1,98,0,0,47.652,1417,1,0,1,0,0,8,1,0,0,0,0,6,0,1,40.8472,1255,1,0,1,0,0,11,2,0,0,0,0
351,8624,8784.96,0,F,1,1,35,0,0,24.5996,490,1,1,0,0,0,3,1,0,0,0,0,14,0,1,52.0553,1457,1,1,0,0,0,9,1,0,0,0,0
352,8715,8949.03,0,F,1,1,103,0,0,22.6493,292,1,1,0,0,0,3,1,0,0,0,0,83,0,1,29.8064,618,1,1,0,0,0,6,1,0,0,0,0
353,8806,8969.09,1,F,1,1,18,0,0,33.1277,695,1,0,1,0,0,7,1,0,0,0,0,14,0,1,52.5539,1521,1,0,1,0,0,10,2,0,0,0,0
354,8869,10323,1,F,1,1,73,0,0,25.2876,329,1,0,1,0,0,4,1,0,0,0,0,95,0,1,38.2818,1319,1,0,1,0,0,11,1,0,0,0,0
355,8904,9305.04,0,F,1,1,26,0,0,40.1862,1129,1,1,0,0,0,10,1,0,0,0,0,36,0,1,47.299,1699,1,1,0,0,0,13,1,0,0,0,0
356,8932,9379.79,0,F,1,1,68,0,0,42.5004,1402,1,1,0,0,0,9,1,0,0,0,0,100,0,1,37.1588,1409,1,1,0,0,0,10,1,0,0,0,0
357,8974,9509.36,0,F,1,1,112,0,0,18.3726,113,1,1,0,0,0,2,1,0,0,0,0,84,0,1,50.3385,1237,1,1,0,0,0,16,1,0,0,0,0
358,9002,9611.65,0,F,1,1,110,0,0,19.9452,209,1,1,0,0,0,4,1,0,0,0,0,16,0,1,29.0526,527,1,1,0,0,0,5,1,0,0,0,0
359,9009,22549,2,F,1,1,52,0,0,47.9406,1434,1,0,0,1,0,12,1,0,0,0,0,31,0,1,36.959,925,1,0,0,1,0,6,1,0,0,0,0
360,9037,9057.7,0,F,1,1,35,0,0,25.7311,554,1,1,0,0,0,4,1,0,0,0,0,54,0,1,37.4837,1069,1,1,0,0,0,9,1,0,0,0,0
361,9128,9665.28,0,F,1,1,98,0,0,49.052,1581,1,1,0,0,0,9,1,0,0,0,0,43,0,1,49.2039,1437,1,1,0,0,0,10,1,0,0,0,0
362,9149,9232.85,0,F,1,1,35,0,0,26.0379,562,1,1,0,0,0,5,2,0,0,0,0,66,0,1,50.3126,1375,1,1,0,0,0,11,1,0,0,0,0
363,9191,9434.25,0,F,1,1,15,0,0,45.8713,1705,1,1,0,0,0,16,1,0,0,0,0,99,0,1,53.0546,1357,1,1,0,0,0,15,1,0,0,0,0
364,9198,9326.17,0,F,1,1,55,0,0,40.3016,2552,1,1,0,0,0,3,1,0,0,0,0,24,0,1,28.5634,738,1,1,0,0,0,5,1,0,0,0,0
365,9240,9654.08,1,F,1,1,56,0,0,52.2921,1252,1,0,1,0,0,11,1,0,0,0,0,66,0,1,50.5619,1399,1,0,1,0,0,12,2,0,0,0,0
366,9275,9564.35,0,F,1,1,33,0,0,50.4996,1239,1,1,0,0,0,7,1,0,0,0,0,49,0,1,45.1036,1317,1,1,0,0,0,12,1,0,0,0,0
367,9317,9963.38,1,F,1,1,111,0,0,20.0795,0,1,0,1,0,0,1,1,0,0,0,0,36,0,1,48.4305,1817,1,0,1,0,0,14,1,0,0,0,0
368,9331,9456.06,0,F,1,1,40,0,0,32.6824,773,1,1,0,0,0,6,1,0,0,0,0,41,0,1,34.7583,918,1,1,0,0,0,10,1,0,0,0,0
369,9345,9434.28,0,F,1,1,57,0,0,33.6268,787,1,1,0,0,0,4,1,0,0,0,0,60,0,1,44.0685,1428,1,1,0,0,0,5,1,0,0,0,0
370,9352,9726.68,1,F,1,1,104,0,0,23.7808,281,1,0,1,0,0,2,1,0,0,0,0,24,0,1,28.9853,783,1,0,1,0,0,6,2,0,0,0,0
371,9499,10489,0,F,1,1,97,0,0,53.7267,1232,1,1,0,0,0,13,1,0,0,0,0,39,0,1,54.0426,1170,1,1,0,0,0,9,1,0,0,0,0
372,9520,9628.69,0,F,1,1,42,0,0,27.4584,1037,1,1,0,0,0,2,1,0,0,0,0,67,0,1,44.944,1586,1,1,0,0,0,12,1,0,0,0,0
373,9541,9767.71,0,F,1,1,68,0,0,44.1689,1546,1,1,0,0,0,10,1,0,0,0,0,108,0,1,22.3425,327,1,1,0,0,0,4,1,0,0,0,0
374,9562,9813.87,0,F,1,1,35,0,0,27.1694,586,1,1,0,0,0,6,1,0,0,0,0,37,0,1,40.5631,1573,1,1,0,0,0,14,1,0,0,0,0
375,9576,9843.86,0,F,1,1,103,0,0,25.0082,370,1,1,0,0,0,4,1,0,0,0,0,109,0,1,22.1123,232,1,1,0,0,0,3,1,0,0,0,0
376,9625,13686.9,2,F,1,1,55,0,0,41.4715,2597,1,0,0,1,0,4,1,0,0,0,0,96,0,1,53.9053,1312,1,0,0,1,0,18,1,0,0,0,0
377,9639,9770.59,0,F,1,1,70,0,0,34.9136,1409,1,1,0,0,0,6,1,0,0,0,0,105,0,1,24.2219,804,1,1,0,0,0,4,1,0,0,0,0
378,9646,10043.8,0,F,1,1,114,0,0,19.2931,0,1,1,0,0,0,1,1,0,0,0,0,83,0,1,32.3571,696,1,1,0,0,0,7,1,0,0,0,0
379,9660,10321.7,0,F,1,1,112,0,0,20.2521,312,1,1,0,0,0,3,1,0,0,0,0,14,0,1,54.8937,1580,1,1,0,0,0,11,1,0,0,0,0
380,9667,9767.77,0,F,1,1,33,0,0,51.5736,1343,1,1,0,0,0,8,1,0,0,0,0,6,0,1,43.7239,1419,1,1,0,0,0,12,1,0,0,0,0
381,9688,9738.45,0,F,1,1,110,0,0,21.8247,402,1,1,0,0,0,5,1,0,0,0,0,54,0,1,39.2673,1077,1,1,0,0,0,10,1,0,0,0,0
382,9730,9848.26,0,F,1,1,104,0,0,24.8164,419,1,1,0,0,0,3,1,0,0,0,0,27,0,1,39.1181,1710,1,1,0,0,0,13,1,0,0,0,0
383,9744,10898.1,1,F,1,1,63,0,0,44.8104,1961,1,0,1,0,0,6,1,0,0,0,0,54,0,1,39.4207,1092,1,0,1,0,0,11,2,0,0,0,0
384,9807,10420.2,1,F,1,1,44,0,0,51.81,1384,1,0,1,0,0,9,1,0,0,0,0,105,0,1,24.6822,843,1,0,1,0,0,5,2,0,0,0,0
385,9807,11156,1,F,1,1,23,0,0,34.2116,1009,1,0,1,0,0,6,1,0,0,0,0,66,0,1,52.1153,1546,1,0,1,0,0,13,1,0,0,0,0
386,9821,9858.41,0,F,1,1,115,0,0,19.7342,0,1,1,0,0,0,1,1,0,0,0,0,82,0,1,48.7101,1573,1,1,0,0,0,7,1,0,0,0,0
387,9863,10000.9,0,F,1,1,97,0,0,54.724,1354,1,1,0,0,0,14,1,0,0,0,0,58,0,1,48.9296,2127,1,1,0,0,0,12,1,0,0,0,0
388,9863,11111,1,F,1,1,29,0,0,31.5207,415,1,0,1,0,0,4,1,0,0,0,0,27,0,1,39.4825,1753,1,0,1,0,0,14,2,0,0,0,0
389,9898,9997.7,0,F,1,1,112,0,0,20.9041,337,1,1,0,0,0,4,1,0,0,0,0,113,0,1,20.6356,244,1,1,0,0,0,2,1,0,0,0,0
390,9898,9918.12,0,F,1,1,98,0,0,51.1615,1746,1,1,0,0,0,10,1,0,0,0,0,99,0,1,54.9916,1446,1,1,0,0,0,16,1,0,0,0,0
391,9968,9989.17,0,F,1,1,48,0,0,32.0855,689,1,1,0,0,0,6,1,0,0,0,0,60,0,1,45.7753,1462,1,1,0,0,0,6,1,0,0,0,0
392,10003,10285.5,0,F,1,1,15,0,0,48.096,1794,1,1,0,0,0,17,1,0,0,0,0,107,0,1,24.4329,451,1,1,0,0,0,3,1,0,0,0,0
393,10038,10845.1,1,F,1,1,102,0,0,27.137,259,1,0,1,0,0,4,1,0,0,0,0,6,0,1,44.7403,1450,1,0,1,0,0,13,1,0,0,0,0
394,10052,10189.6,0,F,1,1,112,0,0,21.326,361,1,1,0,0,0,5,2,0,0,0,0,84,0,1,53.292,1436,1,1,0,0,0,17,1,0,0,0,0
395,10052,10263.3,0,F,1,1,33,0,0,52.6284,1374,1,1,0,0,0,9,1,0,0,0,0,41,0,1,36.7336,960,1,1,0,0,0,11,1,0,0,0,0
396,10059,10780.2,1,F,1,1,30,0,0,28.6549,418,1,0,1,0,0,3,1,0,0,0,0,113,0,1,21.0767,268,1,0,1,0,0,3,2,0,0,0,0
397,10059,10448,1,F,1,1,106,0,0,24.6822,156,1,0,1,0,0,4,1,0,0,0,0,83,0,1,33.4886,833,1,0,1,0,0,8,1,0,0,0,0
398,10101,10705.8,0,F,1,1,70,0,0,36.1794,1448,1,1,0,0,0,7,1,0,0,0,0,49,0,1,47.3666,1421,1,1,0,0,0,13,1,0,0,0,0
399,10192,10253.9,0,F,1,1,104,0,0,26.0822,462,1,1,0,0,0,4,1,0,0,0,0,100,0,1,40.6108,1553,1,1,0,0,0,11,1,0,0,0,0
400,10220,10659.5,0,F,1,1,35,0,0,28.9722,660,1,1,0,0,0,7,1,0,0,0,0,16,0,1,32.3895,720,1,1,0,0,0,6,1,0,0,0,0
401,10220,10423.8,0,F,1,1,56,0,0,54.9771,1399,1,1,0,0,0,12,1,0,0,0,0,43,0,1,52.1957,1602,1,1,0,0,0,11,1,0,0,0,0
402,10220,10652,0,F,1,1,98,0,0,52.0437,1747,1,1,0,0,0,11,1,0,0,0,0,118,0,1,18.4301,0,1,1,0,0,0,1,1,0,0,0,0
403,10227,10587.1,0,F,1,1,119,0,0,17.663,0,1,1,0,0,0,1,1,0,0,0,0,108,0,1,24.2219,403,1,1,0,0,0,5,1,0,0,0,0
404,10234,10473.8,0,F,1,1,114,0,0,20.9041,137,1,1,0,0,0,2,1,0,0,0,0,24,0,1,31.4017,921,1,1,0,0,0,7,1,0,0,0,0
405,10269,10359.5,0,F,1,1,42,0,0,29.5105,1079,1,1,0,0,0,3,1,0,0,0,0,37,0,1,42.5001,1647,1,1,0,0,0,15,1,0,0,0,0
406,10269,11200.3,1,F,1,1,72,0,0,36.6342,529,1,0,1,0,0,6,1,0,0,0,0,41,0,1,37.3281,1024,1,0,1,0,0,12,1,0,0,0,0
407,10353,10437.3,0,F,1,1,33,0,0,53.453,1438,1,1,0,0,0,10,1,0,0,0,0,82,0,1,50.1676,1584,1,1,0,0,0,8,1,0,0,0,0
408,10360,10870,0,F,1,1,73,0,0,29.3726,792,1,1,0,0,0,5,1,0,0,0,0,109,0,1,24.2603,312,1,1,0,0,0,4,1,0,0,0,0
409,10430,11151.9,1,F,1,1,116,0,0,20.0795,0,1,0,1,0,0,1,1,0,0,0,0,105,0,1,26.389,1029,1,0,1,0,0,6,1,0,0,0,0
410,10465,10684,0,F,1,1,111,0,0,23.2247,214,1,1,0,0,0,2,1,0,0,0,0,58,0,1,50.5789,2165,1,1,0,0,0,13,1,0,0,0,0
411,10465,11134.9,1,F,1,1,78,0,0,52.7712,1854,1,0,1,0,0,10,1,0,0,0,0,82,0,1,50.4744,1618,1,0,1,0,0,9,2,0,0,0,0
412,10479,10629.3,0,F,1,1,114,0,0,21.5753,188,1,1,0,0,0,3,1,0,0,0,0,60,0,1,47.1753,1475,1,1,0,0,0,7,1,0,0,0,0
413,10493,11200.3,0,F,1,1,110,0,0,24.0301,417,1,1,0,0,0,6,1,0,0,0,0,36,0,1,51.6524,2031,1,1,0,0,0,15,1,0,0,0,0
414,10542,11056,0,F,1,1,68,0,0,46.9113,1622,1,1,0,0,0,11,1,0,0,0,0,84,0,1,54.6344,1484,1,1,0,0,0,18,1,0,0,0,0
415,10549,10882.2,0,F,1,1,103,0,0,27.674,450,1,1,0,0,0,5,1,0,0,0,0,43,0,1,53.097,1608,1,1,0,0,0,12,1,0,0,0,0
416,10605,10865.2,0,F,1,1,117,0,0,19.5425,0,1,1,0,0,0,1,1,0,0,0,0,100,0,1,41.7423,1574,1,1,0,0,0,12,1,0,0,0,0
417,10633,11094.9,1,F,1,1,21,0,0,54.3342,1180,1,0,1,0,0,13,1,0,0,0,0,108,0,1,25.3342,515,1,0,1,0,0,6,1,0,0,0,0
418,10647,11428.2,1,F,1,1,57,0,0,37.1939,821,1,0,1,0,0,5,1,0,0,0,0,60,0,1,47.6356,1530,1,0,1,0,0,8,2,0,0,0,0
419,10689,18811.6,2,F,1,1,98,0,0,53.3287,1898,1,0,0,1,0,12,1,0,0,0,0,79,0,1,31.8772,672,1,0,0,1,0,6,1,0,0,0,0
420,10717,11021.8,0,F,1,1,35,0,0,30.3338,796,1,1,0,0,0,8,1,0,0,0,0,95,0,1,43.3448,1782,1,1,0,0,0,12,1,0,0,0,0
421,10717,11914.4,0,F,1,1,55,0,0,44.4632,2743,1,1,0,0,0,5,1,0,0,0,0,107,0,1,26.389,572,1,1,0,0,0,4,1,0,0,0,0
422,10773,10876.2,0,F,1,1,33,0,0,54.6037,1472,1,1,0,0,0,11,1,0,0,0,0,83,0,1,35.4447,997,1,1,0,0,0,9,1,0,0,0,0
423,10780,11069.3,0,F,1,1,112,0,0,23.3205,409,1,1,0,0,0,6,1,0,0,0,0,37,0,1,43.9001,1674,1,1,0,0,0,16,1,0,0,0,0
424,10794,10881.8,0,F,1,1,111,0,0,24.126,285,1,1,0,0,0,3,1,0,0,0,0,24,0,1,32.936,972,1,1,0,0,0,8,1,0,0,0,0
425,10815,11594.2,1,F,1,1,40,0,0,36.7481,815,1,0,1,0,0,7,1,0,0,0,0,58,0,1,51.5378,2236,1,0,1,0,0,14,1,0,0,0,0
426,10871,17515.9,2,F,1,1,114,0,0,22.6493,243,1,0,0,1,0,4,1,0,0,0,0,69,0,1,49.1375,1914,1,0,0,1,0,13,1,0,0,0,0
427,10899,10910.2,0,F,1,1,111,0,0,24.4137,313,1,1,0,0,0,4,2,0,0,0,0,121,0,1,17.9507,0,1,1,0,0,0,1,1,0,0,0,0
428,10913,11910.1,1,F,1,1,26,0,0,45.6903,1247,1,0,1,0,0,11,1,0,0,0,0,43,0,1,54.0943,1728,1,0,1,0,0,13,1,0,0,0,0
429,10976,11108.3,0,F,1,1,104,0,0,28.2301,483,1,1,0,0,0,5,1,0,0,0,0,16,0,1,34.4608,856,1,1,0,0,0,7,1,0,0,0,0
430,10976,11007.1,0,F,1,1,111,0,0,24.6247,316,1,1,0,0,0,5,3,0,0,0,0,118,0,1,20.5014,151,1,1,0,0,0,2,1,0,0,0,0
431,10983,11329.8,1,F,1,1,59,0,0,40.0458,1513,1,0,1,0,0,11,1,0,0,0,0,24,0,1,33.4538,1000,1,0,1,0,0,9,1,0,0,0,0
432,11004,11396.6,0,F,1,1,119,0,0,19.7918,112,1,1,0,0,0,2,1,0,0,0,0,49,0,1,49.8406,1608,1,1,0,0,0,14,1,0,0,0,0
433,11004,11320.6,0,F,1,1,23,0,0,37.491,1360,1,1,0,0,0,7,1,0,0,0,0,113,0,1,23.6658,474,1,1,0,0,0,4,1,0,0,0,0
434,11039,13295.2,2,F,1,1,126,0,0,15.2658,0,1,0,0,1,0,1,1,0,0,0,0,120,0,1,19.8877,0,1,0,0,1,0,1,1,0,0,0,0
435,11060,11189.5,0,F,1,1,70,0,0,38.8068,1635,1,1,0,0,0,8,1,0,0,0,0,6,0,1,47.5403,1707,1,1,0,0,0,14,1,0,0,0,0
436,11081,11773.4,1,F,1,1,15,0,0,51.0494,1915,1,0,1,0,0,18,1,0,0,0,0,37,0,1,44.7247,1767,1,0,1,0,0,17,1,0,0,0,0
437,11116,11240.4,0,F,1,1,18,0,0,39.4564,754,1,1,0,0,0,8,1,0,0,0,0,100,0,1,43.1423,1665,1,1,0,0,0,13,1,0,0,0,0
438,11137,11158,0,F,1,1,123,0,0,16.1479,0,1,1,0,0,0,1,1,0,0,0,0,108,0,1,26.7151,586,1,1,0,0,0,7,1,0,0,0,0
439,11158,11542.3,0,F,1,1,35,0,0,31.542,883,1,1,0,0,0,9,1,0,0,0,0,54,0,1,43.2947,1436,1,1,0,0,0,12,1,0,0,0,0
440,11158,11976,0,F,1,1,73,0,0,31.5589,970,1,1,0,0,0,6,1,0,0,0,0,77,0,1,47.0759,2547,1,1,0,0,0,4,1,0,0,0,0
441,11207,11950.5,1,F,1,1,106,0,0,27.8274,320,1,0,1,0,0,5,1,0,0,0,0,41,0,1,39.898,1340,1,0,1,0,0,13,1,0,0,0,0
442,11214,11585.2,1,F,1,1,115,0,0,23.5507,11,1,0,1,0,0,2,1,0,0,0,0,6,0,1,47.9622,1747,1,0,1,0,0,15,2,0,0,0,0
443,11256,11615.7,1,F,1,1,42,0,0,32.2146,1106,1,0,1,0,0,4,1,0,0,0,0,100,0,1,43.5259,1709,1,0,1,0,0,14,2,0,0,0,0
444,11312,11875.4,1,F,1,1,122,0,0,17.7781,0,1,0,1,0,0,1,1,0,0,0,0,79,0,1,33.584,869,1,0,1,0,0,7,1,0,0,0,0
445,11340,11496,0,F,1,1,26,0,0,46.8602,1365,1,1,0,0,0,12,1,0,0,0,0,121,0,1,19.1589,3,1,1,0,0,0,2,1,0,0,0,0
446,11354,11459.8,0,F,1,1,110,0,0,26.389,659,1,1,0,0,0,7,1,0,0,0,0,118,0,1,21.537,157,1,1,0,0,0,3,1,0,0,0,0
447,11403,11557.8,0,F,1,1,103,0,0,30.0137,570,1,1,0,0,0,6,1,0,0,0,0,95,0,1,45.2243,1869,1,1,0,0,0,13,1,0,0,0,0
448,11403,11559.9,0,F,1,1,111,0,0,25.7945,322,1,1,0,0,0,6,1,0,0,0,0,109,0,1,27.1178,490,1,1,0,0,0,5,1,0,0,0,0
449,11424,12148.8,1,F,1,1,48,0,0,36.0746,702,1,0,1,0,0,7,1,0,0,0,0,24,0,1,34.662,1122,1,0,1,0,0,10,1,0,0,0,0
450,11424,12175.3,1,F,1,1,34,0,0,46.9518,2748,1,0,1,0,0,7,1,0,0,0,0,49,0,1,50.9912,1719,1,0,1,0,0,15,1,0,0,0,0
451,11445,12775.7,0,F,1,1,57,0,0,39.3802,1061,1,1,0,0,0,6,1,0,0,0,0,16,0,1,35.7457,904,1,1,0,0,0,8,1,0,0,0,0
452,11452,11655.6,0,F,1,1,29,0,0,35.8741,851,1,1,0,0,0,5,1,0,0,0,0,108,0,1,27.5781,594,1,1,0,0,0,8,1,0,0,0,0
453,11466,11987.1,1,F,1,1,104,0,0,29.5726,531,1,0,1,0,0,6,1,0,0,0,0,118,0,1,21.8438,187,1,0,1,0,0,4,2,0,0,0,0
454,11473,11584.1,0,F,1,1,125,0,0,16.6274,0,1,1,0,0,0,1,1,0,0,0,0,105,0,1,29.2466,1278,1,1,0,0,0,7,1,0,0,0,0
455,11480,12009.8,0,F,1,1,30,0,0,32.5481,624,1,1,0,0,0,4,1,0,0,0,0,27,0,1,43.9127,2189,1,1,0,0,0,15,1,0,0,0,0
456,11536,11845.1,0,F,1,1,70,0,0,40.1109,1675,1,1,0,0,0,9,1,0,0,0,0,82,0,1,53.4087,1831,1,1,0,0,0,10,1,0,0,0,0
457,11578,11862.8,0,F,1,1,59,0,0,41.676,1635,1,1,0,0,0,12,1,0,0,0,0,36,0,1,54.625,2273,1,1,0,0,0,16,1,0,0,0,0
458,11599,11879.5,0,F,1,1,102,0,0,31.4137,516,1,1,0,0,0,5,1,0,0,0,0,113,0,1,25.2959,574,1,1,0,0,0,5,1,0,0,0,0
459,11599,11719.6,0,F,1,1,123,0,0,17.4137,8,1,1,0,0,0,2,1,0,0,0,0,60,0,1,50.2438,1770,1,1,0,0,0,9,1,0,0,0,0
460,11620,12673,1,F,1,1,92,0,0,37.3909,772,1,0,1,0,0,6,1,0,0,0,0,58,0,1,53.7433,2469,1,0,1,0,0,15,1,0,0,0,0
461,11662,11726.8,0,F,1,1,110,0,0,27.2329,689,1,1,0,0,0,8,1,0,0,0,0,124,0,1,17.2027,0,1,1,0,0,0,1,1,0,0,0,0
462,11676,11781.9,0,F,1,1,42,0,0,33.3653,1231,1,1,0,0,0,5,1,0,0,0,0,54,0,1,44.7138,1564,1,1,0,0,0,13,1,0,0,0,0
463,11690,12443.1,1,F,1,1,68,0,0,50.0565,1670,1,0,1,0,0,12,1,0,0,0,0,95,0,1,46.0106,1914,1,0,1,0,0,14,1,0,0,0,0
464,11725,12581.7,0,F,1,1,125,0,0,17.3178,31,1,1,0,0,0,2,1,0,0,0,0,100,0,1,44.8108,1834,1,1,0,0,0,15,1,0,0,0,0
465,11816,12588.9,0,F,1,1,119,0,0,22.0164,223,1,1,0,0,0,3,1,0,0,0,0,109,0,1,28.2493,532,1,1,0,0,0,6,1,0,0,0,0
466,11900,12239.3,0,F,1,1,117,0,0,23.0904,91,1,1,0,0,0,2,1,0,0,0,0,121,0,1,20.6932,49,1,1,0,0,0,3,1,0,0,0,0
467,11900,12752.2,0,F,1,1,18,0,0,41.6044,798,1,1,0,0,0,9,1,0,0,0,0,31,0,1,44.8795,1750,1,1,0,0,0,7,1,0,0,0,0
468,11921,11990.8,0,F,1,1,29,0,0,37.1591,903,1,1,0,0,0,6,1,0,0,0,0,105,0,1,30.474,1309,1,1,0,0,0,8,1,0,0,0,0
469,11921,12580.8,1,F,1,1,116,0,0,24.1644,249,1,0,1,0,0,2,1,0,0,0,0,107,0,1,29.6877,992,1,0,1,0,0,5,1,0,0,0,0
470,11984,12465.7,1,F,1,1,112,0,0,26.6192,502,1,0,1,0,0,7,1,0,0,0,0,77,0,1,49.339,2833,1,0,1,0,0,5,1,0,0,0,0
471,11991,12715,1,F,1,1,103,0,0,31.6247,615,1,0,1,0,0,7,1,0,0,0,0,118,0,1,23.2822,368,1,0,1,0,0,5,1,0,0,0,0
472,12019,12726.5,1,F,1,1,72,0,0,41.4287,845,1,0,1,0,0,7,1,0,0,0,0,27,0,1,45.3894,2352,1,0,1,0,0,16,1,0,0,0,0
473,12040,12359.7,1,F,1,1,127,0,0,17.874,0,1,0,1,0,0,1,1,0,0,0,0,105,0,1,30.8,1335,1,0,1,0,0,9,2,0,0,0,0
474,12096,12282.8,0,F,1,1,123,0,0,18.7753,54,1,1,0,0,0,3,1,0,0,0,0,108,0,1,29.3425,646,1,1,0,0,0,9,1,0,0,0,0
475,12152,13044.9,1,F,1,1,23,0,0,40.6363,1460,1,0,1,0,0,8,1,0,0,0,0,24,0,1,36.6565,1341,1,0,1,0,0,11,1,0,0,0,0
476,12236,12509.7,0,F,1,1,106,0,0,30.6466,572,1,1,0,0,0,6,1,0,0,0,0,124,0,1,18.7753,28,1,1,0,0,0,2,1,0,0,0,0
477,12243,12673.3,0,F,1,1,29,0,0,38.0413,929,1,1,0,0,0,7,1,0,0,0,0,37,0,1,47.9083,2017,1,1,0,0,0,18,1,0,0,0,0
478,12243,12618.3,0,F,1,1,48,0,0,38.3184,921,1,1,0,0,0,8,1,0,0,0,0,54,0,1,46.2673,1607,1,1,0,0,0,14,1,0,0,0,0
479,12243,12794.9,0,F,1,1,73,0,0,34.5315,1256,1,1,0,0,0,7,1,0,0,0,0,60,0,1,52.0082,1816,1,1,0,0,0,10,1,0,0,0,0
480,12264,12426.1,0,F,1,1,110,0,0,28.8822,717,1,1,0,0,0,9,1,0,0,0,0,113,0,1,27.1178,666,1,1,0,0,0,6,1,0,0,0,0
481,12320,12421.3,0,F,1,1,34,0,0,49.4066,2980,1,1,0,0,0,8,1,0,0,0,0,41,0,1,42.9473,1592,1,1,0,0,0,14,1,0,0,0,0
482,12327,13176.3,1,F,1,1,59,0,0,43.728,1682,1,0,1,0,0,13,1,0,0,0,0,108,0,1,29.9753,718,1,0,1,0,0,10,1,0,0,0,0
483,12341,20573.8,2,F,1,1,104,0,0,31.9699,712,1,0,0,1,0,7,1,0,0,0,0,67,0,1,52.6727,1628,1,0,0,1,0,13,1,0,0,0,0
484,12348,12846.3,0,F,1,1,55,0,0,48.9317,3163,1,1,0,0,0,6,1,0,0,0,0,79,0,1,36.4224,1073,1,1,0,0,0,8,1,0,0,0,0
485,12411,14856.4,2,F,1,1,115,0,0,26.8301,115,1,0,0,1,0,3,1,0,0,0,0,83,0,1,39.9324,1027,1,0,0,1,0,10,1,0,0,0,0
486,12460,13758.5,1,F,1,1,42,0,0,35.5132,1274,1,0,1,0,0,6,1,0,0,0,0,105,0,1,31.9507,1454,1,0,1,0,0,10,1,0,0,0,0
487,12502,12944.7,0,F,1,1,123,0,0,19.8877,126,1,1,0,0,0,4,1,0,0,0,0,49,0,1,53.9447,1951,1,1,0,0,0,16,1,0,0,0,0
488,12502,12823,0,F,1,1,40,0,0,41.37,1048,1,1,0,0,0,8,1,0,0,0,0,121,0,1,22.3425,175,1,1,0,0,0,4,1,0,0,0,0
489,12579,12828.6,0,F,1,1,111,0,0,29.0164,364,1,1,0,0,0,7,1,0,0,0,0,130,0,1,16.3397,0,1,1,0,0,0,1,1,0,0,0,0
490,12586,13779.6,1,F,1,1,122,0,0,21.2685,204,1,0,1,0,0,2,1,0,0,0,0,113,0,1,28,709,1,0,1,0,0,7,1,0,0,0,0
491,12607,12708.9,0,F,1,1,35,0,0,35.5119,1011,1,1,0,0,0,10,1,0,0,0,0,77,0,1,51.0458,2985,1,1,0,0,0,6,1,0,0,0,0
492,12607,12706.4,0,F,1,1,129,0,0,17.126,0,1,1,0,0,0,1,1,0,0,0,0,124,0,1,19.7918,117,1,1,0,0,0,3,1,0,0,0,0
493,12621,12867.8,1,F,1,1,106,0,0,31.7014,661,1,0,1,0,0,7,1,0,0,0,0,95,0,1,48.5612,2162,1,0,1,0,0,15,1,0,0,0,0
494,12635,19010.7,2,F,1,1,125,0,0,19.811,297,1,0,0,1,0,3,1,0,0,0,0,6,0,1,51.8554,1851,1,0,0,1,0,16,1,0,0,0,0
495,12677,12831.2,0,F,1,1,92,0,0,40.2868,934,1,1,0,0,0,7,1,0,0,0,0,54,0,1,47.4563,1729,1,1,0,0,0,15,1,0,0,0,0
496,12726,13115.4,0,F,1,1,127,0,0,19.7534,119,1,1,0,0,0,2,1,0,0,0,0,37,0,1,49.2316,2148,1,1,0,0,0,19,1,0,0,0,0
497,12726,12805.9,0,F,1,1,48,0,0,39.6417,1043,1,1,0,0,0,9,1,0,0,0,0,77,0,1,51.3718,3014,1,1,0,0,0,7,2,0,0,0,0
498,12754,14222.4,1,F,1,1,18,0,0,43.9441,1051,1,0,1,0,0,10,1,0,0,0,0,41,0,1,44.1363,1630,1,0,1,0,0,15,1,0,0,0,0
499,12768,12848.3,0,F,1,1,119,0,0,24.6247,462,1,1,0,0,0,4,1,0,0,0,0,124,0,1,20.2329,158,1,1,0,0,0,4,2,0,0,0,0
500,12768,13049.1,0,F,1,1,29,0,0,39.4796,1060,1,1,0,0,0,8,1,0,0,0,0,31,0,1,47.2576,2003,1,1,0,0,0,8,1,0,0,0,0
501,12768,12948.5,1,F,1,1,68,0,0,53.01,1918,1,0,1,0,0,13,1,0,0,0,0,132,0,1,15.937,0,1,0,1,0,0,1,1,0,0,0,0
502,12796,13708.8,0,F,1,1,72,0,0,43.5575,1068,1,1,0,0,0,8,1,0,0,0,0,16,0,1,39.4471,1366,1,1,0,0,0,9,1,0,0,0,0
503,12803,13041.3,0,F,1,1,70,0,0,43.5821,1780,1,1,0,0,0,10,1,0,0,0,0,107,0,1,32.1041,1234,1,1,0,0,0,6,1,0,0,0,0
504,12803,13261.4,1,F,1,1,30,0,0,36.1727,787,1,0,1,0,0,5,1,0,0,0,0,109,0,1,30.9534,771,1,0,1,0,0,7,1,0,0,0,0
505,12817,13276.1,0,F,1,1,129,0,0,17.7014,41,1,1,0,0,0,2,1,0,0,0,0,77,0,1,51.6211,3038,1,1,0,0,0,8,2,0,0,0,0
506,12845,13271.1,0,F,1,1,34,0,0,50.845,3018,1,1,0,0,0,9,1,0,0,0,0,130,0,1,17.0685,81,1,1,0,0,0,2,1,0,0,0,0
507,12852,12998.4,0,F,1,1,48,0,0,39.9869,1067,1,1,0,0,0,10,2,0,0,0,0,118,0,1,25.6411,620,1,1,0,0,0,6,1,0,0,0,0
508,12887,13180.7,1,F,1,1,116,0,0,26.811,491,1,0,1,0,0,3,1,0,0,0,0,100,0,1,47.9944,2100,1,0,1,0,0,16,1,0,0,0,0
509,12915,13162.1,0,F,1,1,106,0,0,32.5069,741,1,1,0,0,0,8,1,0,0,0,0,54,0,1,48.1084,1778,1,1,0,0,0,16,1,0,0,0,0
510,12950,13539.1,1,F,1,1,138,0,0,13.8849,0,1,0,1,0,0,1,1,0,0,0,0,27,0,1,47.9401,2575,1,0,1,0,0,17,1,0,0,0,0
511,12978,13155.3,0,F,1,1,119,0,0,25.2,507,1,1,0,0,0,5,1,0,0,0,0,60,0,1,54.0219,2004,1,1,0,0,0,11,1,0,0,0,0
512,12992,13715.7,0,F,1,1,92,0,0,41.1498,983,1,1,0,0,0,8,1,0,0,0,0,95,0,1,49.5777,2242,1,1,0,0,0,16,1,0,0,0,0
513,13027,13701.9,1,F,1,1,48,0,0,40.4663,1111,1,0,1,0,0,11,2,0,0,0,0,79,0,1,38.2826,1246,1,0,1,0,0,9,1,0,0,0,0
514,13027,13451.8,1,F,1,1,133,0,0,16.4548,0,1,0,1,0,0,1,1,0,0,0,0,124,0,1,20.9425,203,1,0,1,0,0,5,1,0,0,0,0
515,13034,13094.2,0,F,1,1,128,0,0,18.6795,0,1,1,0,0,0,1,1,0,0,0,0,118,0,1,26.1397,664,1,1,0,0,0,7,2,0,0,0,0
516,13034,13764.4,1,F,1,1,57,0,0,43.7336,1523,1,0,1,0,0,7,1,0,0,0,0,121,0,1,23.8,282,1,0,1,0,0,5,1,0,0,0,0
517,13069,13547.3,0,F,1,1,131,0,0,17.0493,0,1,1,0,0,0,1,1,0,0,0,0,132,0,1,16.7616,85,1,1,0,0,0,2,1,0,0,0,0
518,13069,13175.1,0,F,1,1,103,0,0,34.5781,867,1,1,0,0,0,8,1,0,0,0,0,31,0,1,48.0823,2103,1,1,0,0,0,9,1,0,0,0,0
519,13083,13521,1,F,1,1,111,0,0,30.3973,445,1,0,1,0,0,8,1,0,0,0,0,24,0,1,39.2072,1656,1,0,1,0,0,12,1,0,0,0,0
520,13104,13206.3,0,F,1,1,26,0,0,51.6931,1411,1,1,0,0,0,13,1,0,0,0,0,107,0,1,32.9288,1317,1,1,0,0,0,7,1,0,0,0,0
521,13139,13184.1,0,F,1,1,63,0,0,54.1118,2305,1,1,0,0,0,7,1,0,0,0,0,37,0,1,50.3631,2273,1,1,0,0,0,20,1,0,0,0,0
522,13181,14046.4,1,F,1,1,110,0,0,31.3945,760,1,0,1,0,0,10,1,0,0,0,0,118,0,1,26.5425,690,1,0,1,0,0,8,2,0,0,0,0
523,13202,13450.7,1,F,1,1,68,0,0,54.199,2003,1,0,1,0,0,14,1,0,0,0,0,100,0,1,48.8574,2204,1,0,1,0,0,17,1,0,0,0,0
524,13223,13461.6,0,F,1,1,103,0,0,35,900,1,1,0,0,0,9,2,0,0,0,0,107,0,1,33.2548,1349,1,1,0,0,0,8,2,0,0,0,0
525,13223,14043.8,1,F,1,1,26,0,0,52.0191,1443,1,0,1,0,0,14,2,0,0,0,0,37,0,1,50.5932,2289,1,0,1,0,0,21,2,0,0,0,0
526,13265,13698,0,F,1,1,123,0,0,21.9781,254,1,1,0,0,0,5,1,0,0,0,0,31,0,1,48.6192,2136,1,1,0,0,0,10,1,0,0,0,0
527,13279,13649.4,0,F,1,1,55,0,0,51.4824,3336,1,1,0,0,0,7,1,0,0,0,0,54,0,1,49.1056,1852,1,1,0,0,0,17,1,0,0,0,0
528,13342,13602.3,0,F,1,1,59,0,0,46.5089,1972,1,1,0,0,0,14,1,0,0,0,0,120,0,1,26.1973,826,1,1,0,0,0,2,1,0,0,0,0
529,13342,13834.1,1,F,1,1,102,0,0,36.189,608,1,0,1,0,0,6,1,0,0,0,0,77,0,1,53.0595,3184,1,0,1,0,0,9,1,0,0,0,0
530,13356,13438.9,0,F,1,1,126,0,0,21.6137,826,1,1,0,0,0,2,1,0,0,0,0,108,0,1,32.7945,1008,1,1,0,0,0,11,1,0,0,0,0
531,13384,13599,0,F,1,1,40,0,0,43.7865,1155,1,1,0,0,0,9,1,0,0,0,0,130,0,1,18.5452,241,1,1,0,0,0,3,1,0,0,0,0
532,13503,13511.1,0,F,1,1,133,0,0,17.7589,175,1,1,0,0,0,2,1,0,0,0,0,108,0,1,33.1973,1030,1,1,0,0,0,12,2,0,0,0,0
533,13538,13807.3,0,F,1,1,70,0,0,45.5958,1863,1,1,0,0,0,11,1,0,0,0,0,140,0,1,15.3425,0,1,1,0,0,0,1,1,0,0,0,0
534,13566,13914.5,0,F,1,1,29,0,0,41.6659,1160,1,1,0,0,0,9,1,0,0,0,0,100,0,1,49.8547,2273,1,1,0,0,0,18,1,0,0,0,0
535,13573,14164.7,0,F,1,1,35,0,0,38.1585,1040,1,1,0,0,0,11,1,0,0,0,0,27,0,1,49.6469,2741,1,1,0,0,0,18,1,0,0,0,0
536,13650,13949.4,0,F,1,1,116,0,0,28.9014,595,1,1,0,0,0,4,1,0,0,0,0,124,0,1,22.6493,378,1,1,0,0,0,6,1,0,0,0,0
537,13650,13984.6,1,F,1,1,117,0,0,27.8849,217,1,0,1,0,0,3,1,0,0,0,0,132,0,1,18.3534,268,1,0,1,0,0,3,1,0,0,0,0
538,13685,14100.6,0,F,1,1,59,0,0,47.4486,2062,1,1,0,0,0,15,1,0,0,0,0,108,0,1,33.6959,1036,1,1,0,0,0,13,2,0,0,0,0
539,13699,13908.7,0,F,1,1,127,0,0,22.4192,244,1,1,0,0,0,3,1,0,0,0,0,24,0,1,40.8949,1823,1,1,0,0,0,13,1,0,0,0,0
540,13699,14010.6,1,F,1,1,112,0,0,31.3178,654,1,0,1,0,0,8,1,0,0,0,0,137,0,1,16.1288,0,1,0,1,0,0,1,1,0,0,0,0
541,13776,14411,1,F,1,1,139,0,0,16.0521,0,1,0,1,0,0,1,1,0,0,0,0,105,0,1,35.5562,1864,1,0,1,0,0,11,1,0,0,0,0
542,13797,14059.5,0,F,1,1,104,0,0,35.9589,995,1,1,0,0,0,8,1,0,0,0,0,107,0,1,34.8274,1443,1,1,0,0,0,9,1,0,0,0,0
543,13860,13972.9,1,F,1,1,30,0,0,39.0686,938,1,0,1,0,0,6,1,0,0,0,0,142,0,1,15.2466,0,1,0,1,0,0,1,1,0,0,0,0
544,13895,14270.2,0,F,1,1,126,0,0,23.0904,848,1,1,0,0,0,3,1,0,0,0,0,130,0,1,19.9452,309,1,1,0,0,0,4,1,0,0,0,0
545,13923,14093.9,0,F,1,1,122,0,0,24.9315,667,1,1,0,0,0,3,1,0,0,0,0,120,0,1,27.789,916,1,1,0,0,0,3,1,0,0,0,0
546,13923,14771.4,1,F,1,1,114,0,0,31.011,940,1,0,1,0,0,5,1,0,0,0,0,140,0,1,16.3973,96,1,0,1,0,0,2,1,0,0,0,0
547,13937,14548.9,0,F,1,1,42,0,0,39.5598,1684,1,1,0,0,0,7,1,0,0,0,0,54,0,1,50.9084,1991,1,1,0,0,0,18,1,0,0,0,0
548,13937,15322.8,2,F,1,1,123,0,0,23.8192,387,1,0,0,1,0,6,1,0,0,0,0,109,0,1,34.0603,922,1,0,0,1,0,8,1,0,0,0,0
549,13965,14322.8,1,F,1,1,134,0,0,18.0274,0,1,0,1,0,0,1,1,0,0,0,0,24,0,1,41.6237,1886,1,0,1,0,0,14,1,0,0,0,0
550,13979,16559.3,0,F,1,1,128,0,0,21.2685,26,1,1,0,0,0,2,1,0,0,0,0,79,0,1,40.8909,1478,1,1,0,0,0,10,1,0,0,0,0
551,13986,14479.6,1,F,1,1,129,0,0,20.9041,187,1,0,1,0,0,3,1,0,0,0,0,100,0,1,51.0053,2383,1,0,1,0,0,19,1,0,0,0,0
552,14000,14136,0,F,1,1,29,0,0,42.855,1270,1,1,0,0,0,10,1,0,0,0,0,16,0,1,42.7457,1644,1,1,0,0,0,10,1,0,0,0,0
553,14007,14166.7,0,F,1,1,72,0,0,46.8753,1346,1,1,0,0,0,9,1,0,0,0,0,95,0,1,52.3585,2489,1,1,0,0,0,17,1,0,0,0,0
554,14035,14582.9,1,F,1,1,133,0,0,19.2164,181,1,0,1,0,0,3,1,0,0,0,0,137,0,1,17.0493,106,1,0,1,0,0,2,1,0,0,0,0
555,14091,14156.3,0,F,1,1,40,0,0,45.7235,1223,1,1,0,0,0,10,1,0,0,0,0,141,0,1,16.1479,0,1,1,0,0,0,1,1,0,0,0,0
556,14133,14431.4,0,F,1,1,127,0,0,23.6082,307,1,1,0,0,0,4,1,0,0,0,0,31,0,1,50.9973,2269,1,1,0,0,0,11,1,0,0,0,0
557,14133,14979.6,1,F,1,1,73,0,0,39.7095,1444,1,0,1,0,0,8,1,0,0,0,0,118,0,1,29.1507,966,1,0,1,0,0,9,1,0,0,0,0
558,14147,14316.8,0,F,1,1,110,0,0,34.0411,1036,1,1,0,0,0,11,1,0,0,0,0,121,0,1,26.8493,514,1,1,0,0,0,6,1,0,0,0,0
559,14161,14587.9,0,F,1,1,30,0,0,39.8933,986,1,1,0,0,0,7,1,0,0,0,0,113,0,1,32.3151,1172,1,1,0,0,0,8,1,0,0,0,0
560,14175,15392.4,1,F,1,1,138,0,0,17.2411,166,1,0,1,0,0,2,1,0,0,0,0,107,0,1,35.863,1542,1,0,1,0,0,10,1,0,0,0,0
561,14175,14619.8,1,F,1,1,55,0,0,53.9372,3475,1,0,1,0,0,8,1,0,0,0,0,108,0,1,35.0384,1173,1,0,1,0,0,14,1,0,0,0,0
562,14196,15048.2,1,F,1,1,23,0,0,46.2363,1775,1,0,1,0,0,9,1,0,0,0,0,16,0,1,43.2827,1683,1,0,1,0,0,11,1,0,0,0,0
563,14224,14809.8,1,F,1,1,135,0,0,18.5068,0,1,0,1,0,0,1,1,0,0,0,0,41,0,1,48.1637,2137,1,0,1,0,0,16,1,0,0,0,0
564,14266,14509.9,0,F,1,1,119,0,0,28.7288,561,1,1,0,0,0,6,1,0,0,0,0,124,0,1,24.337,485,1,1,0,0,0,7,1,0,0,0,0
565,14301,14312.8,0,F,1,1,112,0,0,32.9671,760,1,1,0,0,0,9,1,0,0,0,0,132,0,1,20.137,376,1,1,0,0,0,4,1,0,0,0,0
566,14336,14916.3,0,F,1,1,131,0,0,20.5205,183,1,1,0,0,0,2,1,0,0,0,0,142,0,1,16.5507,48,1,1,0,0,0,2,1,0,0,0,0
567,14392,14442,0,F,1,1,110,0,0,34.7123,1095,1,1,0,0,0,12,1,0,0,0,0,37,0,1,53.796,2563,1,1,0,0,0,22,1,0,0,0,0
568,14406,15179.9,0,F,1,1,122,0,0,26.2548,728,1,1,0,0,0,4,1,0,0,0,0,27,0,1,51.9291,2929,1,1,0,0,0,19,1,0,0,0,0
569,14469,14988.1,0,F,1,1,59,0,0,49.5965,2199,1,1,0,0,0,16,1,0,0,0,0,141,0,1,17.1836,19,1,1,0,0,0,2,1,0,0,0,0
570,14490,14922.3,1,F,1,1,143,0,0,16.9342,0,1,0,1,0,0,1,1,0,0,0,0,31,0,1,51.9754,2379,1,0,1,0,0,12,1,0,0,0,0
571,14511,15006,0,F,1,1,111,0,0,34.3096,612,1,1,0,0,0,9,1,0,0,0,0,95,0,1,53.7393,2547,1,1,0,0,0,18,1,0,0,0,0
572,14518,14709.4,0,F,1,1,102,0,0,39.411,756,1,1,0,0,0,7,1,0,0,0,0,120,0,1,29.4192,977,1,1,0,0,0,4,1,0,0,0,0
573,14560,14665.1,0,F,1,1,112,0,0,33.6767,763,1,1,0,0,0,10,1,0,0,0,0,130,0,1,21.7671,435,1,1,0,0,0,5,1,0,0,0,0
574,14560,15055.5,0,F,1,1,129,0,0,22.4767,340,1,1,0,0,0,4,1,0,0,0,0,24,0,1,43.2538,2004,1,1,0,0,0,15,1,0,0,0,0
575,14581,15236.6,0,F,1,1,29,0,0,44.4467,1309,1,1,0,0,0,11,1,0,0,0,0,121,0,1,28.0384,573,1,1,0,0,0,7,1,0,0,0,0
