Rel_ID,Node_ID,Rel_start_time,Rel_scheduled_end_time,Rel_actual_end_time,Rel_type (0 = TRANSITORY; 1 = INFORMAL; 2 = MARITAL; 3 = COMMERCIAL),Is_rel_outside_PFA,male_ID,female_ID,male_age,female_age,num_total_coital_acts,Termination_Reason
9,1,84,101.708,105,0,F,52,22,23.546,42.4953,9,BROKEUP
1,1,21,172.948,175,0,F,56,36,27.4565,23.3839,61,BROKEUP
4,1,49,216.832,217,0,F,68,39,18.6237,28.6125,62,BROKEUP
5,1,56,220.843,224,0,F,98,74,24.6574,52.5564,55,BROKEUP
2,1,35,231.919,238,0,F,15,67,21.3426,19.5138,72,BROKEUP
6,1,70,257.675,259,0,F,44,96,25.6511,28.245,70,BROKEUP
17,1,182,274.101,280,0,F,4,22,31.9184,42.9748,37,BROKEUP
12,1,105,299.896,301,0,F,52,14,24.083,29.2526,63,BROKEUP
18,1,196,295.744,301,0,F,28,99,37.759,28.6985,33,BROKEUP
7,1,77,314.408,315,0,F,17,93,34.2131,31.1892,93,BROKEUP
20,1,210,313.599,315,0,F,2,53,48.223,54.204,26,BROKEUP
21,1,224,347.586,350,1,F,3,66,43.5637,26.2057,31,BROKEUP
16,1,175,360.636,364,2,F,63,13,19.1118,41.4972,80,BROKEUP
25,1,308,362.78,364,0,F,80,75,50.3814,52.4523,17,BROKEUP
22,1,266,374.4,378,0,F,50,76,40.2385,31.2392,52,BROKEUP
10,1,91,409.271,413,0,F,62,90,24.6554,34.7177,97,BROKEUP
13,1,112,475.084,476,0,F,85,87,32.2453,46.5178,128,BROKEUP
37,1,427,481.995,483,0,F,52,69,24.5817,20.6773,15,BROKEUP
33,1,385,535.658,539,0,F,47,60,37.3997,19.9424,46,BROKEUP
38,1,448,535.634,539,0,F,51,77,47.6229,17.9828,33,BROKEUP
23,1,287,560.516,567,1,F,8,9,40.6367,45.9067,93,BROKEUP
27,1,336,570.688,574,1,F,12,49,34.5463,21.2652,79,BROKEUP
32,1,385,573.964,574,0,F,10,99,39.304,29.4464,68,BROKEUP
40,1,525,658.665,665,0,F,19,46,49.9123,44.8737,51,BROKEUP
34,1,385,674.671,679,1,F,50,84,41.0632,27.6125,121,BROKEUP
46,1,665,693.134,700,0,F,26,69,17.7095,21.2718,11,BROKEUP
44,1,588,739.713,742,0,F,28,95,38.9673,16.016,43,BROKEUP
19,1,203,758.33,763,0,F,38,65,33.0058,39.8688,177,BROKEUP
49,1,714,778.909,784,0,F,62,6,25.6719,19.3869,12,BROKEUP
30,1,350,804.106,805,1,F,17,14,35.5556,30.6334,144,BROKEUP
36,1,413,813.684,819,1,F,98,66,26.2876,27.4906,134,BROKEUP
42,1,553,838.235,840,0,F,63,96,20.4159,29.8368,100,BROKEUP
47,1,665,835.501,840,0,F,80,90,51.6855,35.8876,38,BROKEUP
26,1,329,1024.1,847,1,F,68,64,20.3497,55.0093,162,PARTNER_DIED
14,1,112,864.638,868,1,F,20,94,40.5303,26.2898,270,BROKEUP
8,1,77,887.711,889,1,F,81,11,33.9183,50.3731,281,BROKEUP
28,1,343,889.628,896,0,F,21,93,27.6575,32.781,183,BROKEUP
53,1,826,914.164,917,0,F,26,7,18.304,45.0788,28,BROKEUP
29,1,350,932.219,938,0,F,15,43,23.2604,26.7655,190,BROKEUP
54,1,847,936.608,938,0,F,3,76,45.1747,32.7734,41,BROKEUP
39,1,511,953.206,959,0,F,2,13,49.9874,43.1273,145,BROKEUP
58,1,924,961.573,966,0,F,34,99,18.2998,30.5204,11,BROKEUP
48,1,665,974.33,980,1,F,56,82,29.662,24.4881,101,BROKEUP
45,1,588,1063.88,1064,1,F,32,67,54.669,21.7768,152,BROKEUP
24,1,301,1094.14,1099,0,F,101,74,37.5688,54.9537,263,BROKEUP
59,1,924,1166.15,1169,0,F,81,46,34.6854,46.2546,100,BROKEUP
56,1,896,1169.94,1176,0,F,5,9,52.0859,47.5752,89,BROKEUP
62,1,966,1172.05,1176,0,F,80,84,52.606,28.9742,54,BROKEUP
60,1,952,1220.74,1225,1,F,85,6,34.2974,20.5951,95,BROKEUP
64,1,980,1268.92,1274,0,F,38,95,34.4058,17.4736,84,BROKEUP
11,1,91,1282.64,1288,1,F,97,88,31.2308,54.5599,417,BROKEUP
31,1,378,1286.05,1288,1,F,71,39,54.25,31.5467,307,BROKEUP
67,1,1085,1302.65,1309,0,F,47,66,39.5093,28.8331,74,BROKEUP
69,1,1106,1303.7,1309,0,F,44,94,28.5279,27.498,65,BROKEUP
71,1,1281,1305.08,1309,0,F,12,13,36.56,44.0862,8,BROKEUP
57,1,910,1321.69,1323,1,F,62,69,27.1486,22.9786,110,BROKEUP
68,1,1085,1327.41,1330,1,F,55,93,18.7454,33.97,80,BROKEUP
65,1,994,1341.58,1344,0,F,28,65,40.6166,41.4605,128,BROKEUP
35,1,392,1351.93,1358,1,F,91,36,46.276,26.625,343,BROKEUP
43,1,574,1377.21,1379,0,F,45,37,41.8239,18.1439,264,BROKEUP
52,1,826,1412.09,1414,0,F,19,49,51.9643,23.5666,188,BROKEUP
15,1,147,1500.43,1505,1,F,89,86,54.4045,41.4896,482,BROKEUP
61,1,959,1504.09,1505,1,F,4,14,35.2746,32.5512,186,BROKEUP
77,1,1358,1501.76,1505,0,F,97,43,31.8253,28.319,51,BROKEUP
70,1,1190,1521.32,1526,0,F,68,100,22.21,16.8684,96,BROKEUP
78,1,1379,1545.25,1547,0,F,45,96,42.2842,31.7738,49,BROKEUP
50,1,728,1558.8,1561,0,F,50,60,43.4796,22.7424,292,BROKEUP
87,1,1526,1649.32,1561,0,F,71,39,55.0171,32.3138,9,PARTNER_DIED
89,1,1554,1606.77,1610,0,F,62,27,27.9349,16.8716,15,BROKEUP
41,1,532,1616.5,1617,0,F,78,58,28.5301,26.3378,342,BROKEUP
83,1,1456,1620.73,1624,0,F,80,67,53.8334,23.3111,72,BROKEUP
51,1,812,1633.68,1638,1,F,10,87,42.2191,49.7014,251,BROKEUP
55,1,861,1658.13,1659,0,F,51,77,50.6914,21.0513,271,BROKEUP
73,1,1309,1695,1701,1,F,34,99,20.3135,32.5341,129,BROKEUP
81,1,1435,1695.67,1701,0,F,52,94,27.9187,28.572,88,BROKEUP
91,1,1603,1811.18,1722,1,F,89,13,55.0182,45.2369,38,PARTNER_DIED
79,1,1393,1807.97,1813,0,F,8,84,44.0504,30.7194,144,BROKEUP
94,1,1694,1807.85,1813,0,F,26,27,20.7588,17.4277,38,BROKEUP
75,1,1337,1828.52,1834,1,F,20,82,43.1768,26.8279,157,BROKEUP
99,1,1771,1855.34,1862,0,F,78,94,29.2013,29.0131,33,BROKEUP
100,1,1813,1864.71,1869,0,F,52,13,28.3789,45.6205,22,BROKEUP
97,1,1757,1881.6,1883,0,F,97,58,32.861,27.0665,43,BROKEUP
76,1,1337,1885.9,1890,1,F,21,90,30.3808,38.7643,169,BROKEUP
90,1,1561,1901.74,1904,0,F,47,49,41.1394,24.9091,115,BROKEUP
74,1,1316,1904.67,1911,0,F,81,7,36.7183,47.8021,225,BROKEUP
84,1,1505,1910.53,1911,0,F,4,65,36.3869,43.014,107,BROKEUP
72,1,1295,1924.03,1925,1,F,56,11,32.251,53.2115,225,BROKEUP
92,1,1666,1931.17,1932,0,F,2,96,52.6531,32.8286,79,BROKEUP
98,1,1764,1939.25,1946,1,F,15,95,26.022,19.3147,51,BROKEUP
3,1,35,1948.58,1953,1,F,33,25,30.4394,43.658,632,BROKEUP
95,1,1708,2048.46,2051,0,F,38,67,36.5345,24.4809,115,BROKEUP
88,1,1540,2057.18,2058,0,F,44,69,30.5799,24.9923,160,BROKEUP
80,1,1428,2066.48,2072,1,F,28,6,42.6111,22.9157,232,BROKEUP
93,1,1673,2147.41,2149,0,F,12,87,38.8614,51.1014,164,BROKEUP
82,1,1449,2171.73,2177,0,F,101,66,40.5222,31.2112,260,BROKEUP
115,1,2219,2232.53,2233,0,F,97,11,33.8199,54.0553,6,BROKEUP
86,1,1526,2545.13,2233,0,F,5,36,55.001,29.0223,234,PARTNER_DIED
102,1,1841,2252.23,2254,1,F,85,93,37.1165,36.5015,133,BROKEUP
107,1,2044,2276.54,2282,0,F,78,82,30.352,28.0553,69,BROKEUP
104,1,2002,2283.18,2289,0,F,15,100,26.9617,18.9588,87,BROKEUP
106,1,2044,2303.31,2310,0,F,34,13,21.982,46.8287,104,BROKEUP
105,1,2030,2335.46,2338,0,F,51,39,52.5517,34.4234,101,BROKEUP
112,1,2156,2331.35,2338,0,F,81,90,37.8882,39.9917,64,BROKEUP
110,1,2128,2340.98,2345,0,F,56,65,33.4017,44.203,70,BROKEUP
111,1,2135,2369.69,2373,0,F,21,84,31.7041,32.2536,74,BROKEUP
114,1,2198,2385.24,2387,0,F,12,96,39.5134,34.0751,57,BROKEUP
117,1,2261,2458.61,2464,0,F,3,95,49.3555,20.7338,65,BROKEUP
85,1,1519,2468.39,2471,1,F,91,9,49.3253,51.1232,297,BROKEUP
120,1,2359,2560.3,2562,0,F,28,87,43.9536,52.2329,67,BROKEUP
123,1,2408,2559.35,2562,1,F,47,27,42.9422,19.4798,55,BROKEUP
134,1,2625,2637.56,2639,0,F,28,93,44.1645,37.5563,3,BROKEUP
133,1,2597,2654.37,2660,0,F,97,84,34.9897,33.0399,26,BROKEUP
113,1,2163,2662.24,2667,0,F,4,25,38.4581,45.6142,162,BROKEUP
127,1,2471,2715.42,2716,0,F,62,100,30.965,20.1286,87,BROKEUP
137,1,2688,2729.97,2730,0,F,10,93,45.2108,37.8056,9,BROKEUP
101,1,1813,2737.7,2744,0,F,59,99,17.4732,35.3916,359,BROKEUP
132,1,2562,2751.26,2758,1,F,91,58,50.1116,29.4638,66,BROKEUP
128,1,2520,2762.32,2765,0,F,12,95,40.549,21.5585,79,BROKEUP
119,1,2359,2934.36,2786,0,F,2,69,55.012,26.9869,143,PARTNER_DIED
126,1,2457,2789.37,2793,0,F,44,90,32.5936,41.2383,110,BROKEUP
122,1,2401,2808.8,2814,1,F,21,14,32.9123,36.1375,128,BROKEUP
129,1,2527,2812.7,2814,0,F,85,9,38.6508,52.0629,97,BROKEUP
125,1,2436,2817.45,2821,0,F,17,82,41.0788,29.532,128,BROKEUP
138,1,2695,2840.4,2842,0,F,97,84,35.4884,33.5385,39,BROKEUP
121,1,2387,2879.9,2884,1,F,38,31,38.8167,20.1781,166,BROKEUP
124,1,2422,2879.06,2884,0,F,78,36,32.0013,30.8059,164,BROKEUP
140,1,2765,2891.05,2898,1,F,81,6,39.4224,25.1787,49,BROKEUP
108,1,2065,2899.08,2905,1,F,50,54,47.1618,20.6837,312,BROKEUP
109,1,2079,2923.74,2926,0,F,52,49,31.2748,27.7091,276,BROKEUP
130,1,2541,2937.98,2940,0,F,15,96,28.7453,35.5902,142,BROKEUP
103,1,1848,2947.93,2954,1,F,68,37,26.1223,22.459,354,BROKEUP
131,1,2548,3000.51,3003,1,F,3,94,50.8322,32.1391,145,BROKEUP
144,1,2912,3015.91,3017,0,F,81,84,39.7485,34.018,35,BROKEUP
142,1,2849,3068.83,3073,0,F,4,82,39.5704,30.2224,81,BROKEUP
136,1,2674,3151.03,3157,1,F,47,67,44.5723,27.5111,171,BROKEUP
148,1,3031,3162.33,3164,0,F,34,9,24.3217,53.0218,42,BROKEUP
141,1,2835,3220.83,3227,0,F,20,41,46.9933,18.035,122,BROKEUP
145,1,2912,3876.01,3227,1,F,51,66,55.0065,34.0879,114,PARTNER_DIED
139,1,2758,3244.12,3248,0,F,26,100,24.6903,21.5862,169,BROKEUP
149,1,3073,3244.69,3248,0,F,38,96,39.814,36.434,56,BROKEUP
135,1,2667,3266.9,3269,1,F,56,7,35.9332,51.5227,211,BROKEUP
156,1,3213,3275.11,3276,0,F,15,84,29.6658,34.7276,24,BROKEUP
143,1,2884,3296.22,3297,0,F,21,93,34.2356,39.3591,132,BROKEUP
147,1,3017,3312.74,3318,0,F,91,94,51.6458,33.0021,96,BROKEUP
158,1,3339,3363.38,3367,0,F,33,84,34.3133,34.9769,7,BROKEUP
150,1,3087,3372.92,3374,1,F,44,13,34.1854,49.7438,92,BROKEUP
152,1,3115,3398.76,3402,1,F,4,87,40.4718,54.5343,103,BROKEUP
155,1,3178,3425.94,3430,0,F,101,37,43.9551,23.7631,60,BROKEUP
161,1,3374,3474.23,3479,0,F,47,96,45.4545,37.0669,31,BROKEUP
159,1,3346,3487.4,3493,0,F,59,41,19.5253,18.7637,49,BROKEUP
154,1,3150,3497.25,3500,0,F,81,99,41.0717,37.4628,128,BROKEUP
118,1,2282,3516.61,3521,1,F,45,43,47.6924,33.8423,418,BROKEUP
169,1,3528,3817.04,3570,0,F,18,87,18.8017,55.0137,29,PARTNER_DIED
163,1,3395,3633.13,3640,0,F,38,66,40.888,35.2194,82,BROKEUP
166,1,3493,3643.17,3647,0,F,72,37,18.4918,24.3576,45,BROKEUP
63,1,973,3698.89,3703,2,F,98,61,34.1889,39.9636,914,BROKEUP
153,1,3129,3751.51,3752,0,F,50,6,49.4823,27.5184,211,BROKEUP
173,1,3598,3780.06,3787,0,F,92,96,15.9307,37.9107,67,BROKEUP
170,1,3542,3802.81,3808,1,F,21,25,35.6356,48.7402,88,BROKEUP
151,1,3108,3852.49,3857,1,F,12,27,43.5408,23.0277,251,BROKEUP
168,1,3528,3861.31,3864,0,F,28,49,47.5207,30.2789,120,BROKEUP
174,1,3626,3861.11,3864,0,F,4,99,41.7376,38.4601,85,BROKEUP
178,1,3668,3870.57,3871,0,F,56,41,37.5825,19.7994,73,BROKEUP
172,1,3542,4333.23,3885,1,F,70,9,19.1492,55.0163,134,PARTNER_DIED
177,1,3640,3962.67,3969,0,F,101,13,45.4318,51.3739,124,BROKEUP
183,1,3808,3975.21,3976,0,F,97,96,38.5952,38.4286,46,BROKEUP
181,1,3724,3996.55,3997,0,F,20,43,49.1029,35.1464,92,BROKEUP
187,1,3927,3991.16,3997,0,F,85,27,41.8919,23.4113,33,BROKEUP
182,1,3801,4003.38,4004,0,F,81,37,42.4526,25.3357,69,BROKEUP
180,1,3696,4034,4039,1,F,10,94,48.7971,34.9775,106,BROKEUP
188,1,4011,4046.81,4053,0,F,38,37,42.0195,25.4699,12,BROKEUP
160,1,3346,4059.17,4060,1,F,34,90,26.7765,44.7095,219,BROKEUP
146,1,2954,4062.73,4067,1,F,62,65,34.6664,48.9208,373,BROKEUP
184,1,3871,4064.19,4067,0,F,45,83,49.1883,17.0721,73,BROKEUP
193,1,4060,4078.93,4081,0,F,98,90,35.2246,44.767,4,BROKEUP
192,1,4053,4127.3,4130,0,F,47,96,47.238,38.8505,18,BROKEUP
167,1,3514,4131.48,4137,1,F,23,31,18.6773,23.611,201,BROKEUP
195,1,4081,4162.03,4165,0,F,12,37,44.3847,25.7768,28,BROKEUP
157,1,3297,4166.15,4172,1,F,3,69,54.035,30.7841,291,BROKEUP
199,1,4109,4177.17,4179,0,F,97,65,39.1514,49.2277,29,BROKEUP
189,1,4039,4193.06,4200,0,F,68,99,29.536,39.3806,37,BROKEUP
176,1,3626,4203.67,4207,1,F,78,54,35.626,24.2508,192,BROKEUP
162,1,3388,4208.6,4214,1,F,17,58,44.8953,33.4529,255,BROKEUP
201,1,4123,4213.24,4214,0,F,59,94,21.5006,35.4569,29,BROKEUP
165,1,3444,4247.54,4249,1,F,15,14,32.3316,40.069,278,BROKEUP
200,1,4116,4297.98,4298,0,F,20,43,49.9275,35.971,53,BROKEUP
164,1,3416,4312.96,4319,1,F,44,36,36.7744,34.7374,297,BROKEUP
207,1,4228,4345.04,4347,0,F,28,69,48.844,31.2636,37,BROKEUP
116,1,2233,9300.46,4361,2,F,8,46,51.0504,55.019,702,PARTNER_DIED
206,1,4228,4503.6,4508,0,F,97,58,40.0527,34.2583,94,BROKEUP
194,1,4067,4513.89,4515,0,F,18,6,21.3715,29.6088,144,BROKEUP
171,1,3542,4525.7,4529,1,F,33,95,37.4969,26.3914,327,BROKEUP
179,1,3668,4606.2,4536,1,F,91,7,54.9828,55.0131,268,PARTNER_DIED
216,1,4536,4567.5,4571,0,F,10,58,50.2547,34.4309,13,BROKEUP
185,1,3878,4599.48,4606,1,F,52,84,35.8776,38.3714,275,BROKEUP
212,1,4424,4613.36,4620,1,F,101,49,47.2153,32.3502,60,BROKEUP
214,1,4473,4619.01,4620,0,F,21,16,37.8603,17.0471,41,BROKEUP
175,1,3626,4625.35,4627,1,F,26,67,28.4684,31.5385,341,BROKEUP
205,1,4179,4640.67,4641,0,F,85,65,43.6563,50.4934,159,BROKEUP
213,1,4431,4634.36,4641,0,F,17,99,46.0651,40.5889,70,BROKEUP
198,1,4102,4646.07,4648,0,F,40,13,19.8522,53.2342,188,BROKEUP
203,1,4158,4658.34,4662,0,F,72,90,21.2726,46.3588,147,BROKEUP
66,1,1029,5373.19,4669,2,F,63,22,30.9063,55.0186,1233,PARTNER_DIED
210,1,4326,4672.45,4676,0,F,81,36,44.2937,35.7155,109,BROKEUP
186,1,3885,4696.43,4697,1,F,57,93,20.8925,43.1947,269,BROKEUP
220,1,4648,4690.61,4697,0,F,23,13,20.2116,53.3684,11,BROKEUP
211,1,4347,4755.93,4760,0,F,62,96,36.565,40.5765,131,BROKEUP
191,1,4053,4808.75,4809,0,F,92,27,18.7307,25.6359,234,BROKEUP
208,1,4256,4820.49,4823,1,F,15,66,33.9042,38.4605,195,BROKEUP
223,1,4718,4859.9,4865,0,F,52,79,36.5871,15.921,38,BROKEUP
190,1,4053,4867.87,4872,0,F,50,25,52.5508,51.6553,288,BROKEUP
225,1,4774,4891.65,4893,0,F,18,93,22.4071,43.7317,42,BROKEUP
217,1,4536,4896.99,4900,0,F,98,83,37.4684,19.3543,125,BROKEUP
197,1,4088,4956.62,4963,1,F,45,100,51.6431,26.2848,304,BROKEUP
219,1,4599,5006.1,5012,1,F,20,54,51.8837,26.4563,133,BROKEUP
227,1,4956,5039.36,5040,0,F,26,36,29.5999,36.7127,29,BROKEUP
232,1,5026,5111.05,5117,0,F,18,67,23.0208,32.8809,37,BROKEUP
215,1,4473,5117.01,5124,1,F,59,41,23.9938,23.2322,229,BROKEUP
229,1,4984,5266.72,5271,0,F,40,96,21.5591,41.9765,90,BROKEUP
204,1,4179,5298.29,5299,0,F,70,37,23.0232,28.8836,350,BROKEUP
209,1,4298,5310.25,5313,1,F,78,61,38.6561,44.3746,336,BROKEUP
238,1,5110,5310.83,5313,1,F,45,84,52.602,40.3084,49,BROKEUP
222,1,4683,5313.94,5320,0,F,97,49,42.2774,34.268,218,BROKEUP
234,1,5054,5351.52,5355,0,F,15,27,35.3617,27.1318,92,BROKEUP
241,1,5264,5386.68,5390,1,F,56,65,41.7442,52.5455,48,BROKEUP
218,1,4599,5430.8,5432,0,F,47,58,50.8052,36.7898,295,BROKEUP
221,1,4676,5451.28,5453,1,F,28,43,51.8741,39.1354,218,BROKEUP
240,1,5187,5450.25,5453,0,F,26,24,30.7314,18.3031,80,BROKEUP
242,1,5278,5454.28,5460,0,F,52,79,38.2173,17.5511,70,BROKEUP
254,1,5460,5472.48,5474,0,F,15,84,35.6878,40.7495,5,BROKEUP
251,1,5439,5484.14,5488,0,F,73,41,16.0246,24.2295,15,BROKEUP
226,1,4879,5493.61,5495,0,F,23,99,22.3979,42.9286,196,BROKEUP
246,1,5376,5499.2,5502,0,F,98,54,39.1177,27.7988,39,BROKEUP
224,1,4767,5571.77,5572,1,F,81,14,46.7485,43.6937,263,BROKEUP
244,1,5313,5606.99,5607,0,F,59,100,25.3171,28.0492,105,BROKEUP
255,1,5467,5603.66,5607,0,F,78,27,39.4616,27.8222,42,BROKEUP
233,1,5040,5622.98,5628,1,F,62,94,38.9431,39.3309,195,BROKEUP
252,1,5439,5641.65,5642,1,F,56,49,42.4346,35.1502,51,BROKEUP
263,1,5705,5708.54,5712,0,F,29,99,20.1481,43.5231,2,BROKEUP
249,1,5439,5717.59,5719,0,F,12,36,48.6422,38.573,82,BROKEUP
248,1,5432,6192.1,5761,1,F,50,37,55.0056,30.1686,89,PARTNER_DIED
253,1,5460,6682.55,5803,0,F,8,96,55.0011,43.434,111,PARTNER_DIED
237,1,5110,5845.77,5852,1,F,44,31,40.9744,28.3096,280,BROKEUP
264,1,5712,5854.86,5859,0,F,97,41,43.7541,25.2459,56,BROKEUP
265,1,5803,5876.91,5880,0,F,92,79,21.6649,18.7018,37,BROKEUP
269,1,5873,5874.7,5880,0,F,15,36,36.8001,39.0141,4,BROKEUP
266,1,5824,5882.15,5887,0,F,59,54,26.0842,28.8536,16,BROKEUP
258,1,5551,5889.93,5894,0,F,47,43,52.0709,40.3436,112,BROKEUP
230,1,4998,5894.82,5901,1,F,57,69,24.1912,35.5211,318,BROKEUP
250,1,5439,6015.63,6020,0,F,40,67,23.6111,35.3549,186,BROKEUP
270,1,5887,6023.9,6027,0,F,21,37,41.7151,30.8782,57,BROKEUP
247,1,5425,6032.91,6034,1,F,48,25,21.3074,54.8389,220,BROKEUP
257,1,5544,6072.44,6076,1,F,45,65,54.6924,54.4249,178,BROKEUP
243,1,5299,6143.57,6146,0,F,35,83,17.8105,22.768,268,BROKEUP
268,1,5845,6142.25,6146,0,F,33,14,41.927,45.2663,85,BROKEUP
231,1,5019,21709.2,6146,2,F,20,39,55.0097,44.8563,385,PARTNER_DIED
276,1,6111,6193.78,6195,0,F,40,36,24.0906,39.8771,25,BROKEUP
261,1,5642,6205.69,6209,0,F,63,24,35.1255,20.3743,180,BROKEUP
235,1,5082,6218.14,6223,1,F,85,6,47.9905,34.2883,374,BROKEUP
272,1,6013,6274.2,6279,0,F,15,99,37.8932,45.0765,81,BROKEUP
271,1,5915,6294.94,6300,1,F,81,31,48.743,29.537,145,BROKEUP
236,1,5089,6423.29,6300,0,F,10,66,55.0108,42.5071,379,PARTNER_DIED
262,1,5691,6353.07,6356,1,F,70,27,25.9191,29.8743,244,BROKEUP
283,1,6314,6409.32,6412,0,F,78,49,41.6671,37.2597,35,BROKEUP
196,1,4081,16098.1,6433,2,F,4,86,48.7951,55.0102,820,PARTNER_DIED
239,1,5145,6446.99,6447,1,F,17,16,51.0131,22.0526,415,BROKEUP
256,1,5544,6492.3,6496,0,F,18,61,26.7989,47.6157,311,BROKEUP
278,1,6160,6493.02,6496,1,F,28,39,54.7316,45.8152,115,BROKEUP
279,1,6167,6506.75,6510,0,F,21,54,43.0384,30.5604,115,BROKEUP
273,1,6034,6513.55,6517,0,F,30,41,18.9508,27.0487,171,BROKEUP
245,1,5362,6520.64,6524,1,F,68,95,35.9031,31.8571,399,BROKEUP
281,1,6230,6600.7,6601,0,F,98,96,42.1287,45.6203,146,BROKEUP
260,1,5593,6684.65,6685,1,F,26,84,34.1068,44.0673,347,BROKEUP
267,1,5831,6692.14,6699,0,F,12,100,51.3271,31.041,293,BROKEUP
286,1,6517,6742.67,6748,0,F,29,37,22.9865,32.8535,85,BROKEUP
291,1,6720,6770.83,6776,0,F,103,83,17.337,24.4941,19,BROKEUP
280,1,6188,6842.29,6846,1,F,38,105,49.6715,16.5699,214,BROKEUP
296,1,6881,6903.92,6909,0,F,21,6,44.1315,36.1677,11,BROKEUP
259,1,5579,6913.4,6916,1,F,23,58,26.291,40.8556,468,BROKEUP
292,1,6783,6969.03,6972,0,F,70,36,27.6068,42.0059,70,BROKEUP
275,1,6104,6976.43,6979,1,F,73,69,20.1095,38.4745,293,BROKEUP
287,1,6531,6994.03,7000,0,F,102,67,18.8137,38.0398,147,BROKEUP
285,1,6510,7012.91,7014,1,F,72,54,27.7164,31.9412,176,BROKEUP
288,1,6552,7011.04,7014,1,F,48,95,23.9924,33.1996,141,BROKEUP
277,1,6132,7043.82,7049,0,F,52,79,42.5707,21.9046,298,BROKEUP
290,1,6706,7067.79,7070,1,F,62,96,42.8938,46.9053,111,BROKEUP
294,1,6811,7120.59,7126,0,F,4,24,50.6745,22.8867,110,BROKEUP
298,1,6993,7221.1,7224,0,F,33,66,44.8804,45.0386,80,BROKEUP
308,1,7175,7224.35,7231,0,F,81,84,51.2937,45.5632,10,BROKEUP
307,1,7154,7231.06,7238,0,F,48,16,24.6061,24.2197,39,BROKEUP
282,1,6279,7258.13,7259,0,F,56,43,46.8647,44.0834,279,BROKEUP
309,1,7210,7258.47,7259,0,F,73,100,20.8767,32.5752,21,BROKEUP
301,1,7056,7298.19,7301,0,F,68,49,38.0319,39.6954,63,BROKEUP
299,1,7000,7326.83,7329,0,F,85,99,51.0206,47.9532,109,BROKEUP
297,1,6965,7359.4,7364,0,F,23,31,27.5184,32.4521,133,BROKEUP
300,1,7028,7424.06,7427,0,F,18,27,29.3496,32.8085,132,BROKEUP
293,1,6790,7437.45,7441,1,F,92,108,25.9416,16.589,188,BROKEUP
228,1,4977,9774.56,7455,2,F,101,60,55.0016,38.8904,817,PARTNER_DIED
317,1,7385,7508.23,7511,0,F,48,58,25.354,42.4857,45,BROKEUP
305,1,7105,7522.09,7525,0,F,72,41,29.1164,29.8103,129,BROKEUP
304,1,7105,7592.18,7595,0,F,38,39,51.7236,48.8262,153,BROKEUP
313,1,7329,7640.58,7644,0,F,33,107,46.0311,17.9699,108,BROKEUP
315,1,7350,7701.34,7707,0,F,21,37,46.3178,35.4809,108,BROKEUP
289,1,6678,7720.04,7721,0,F,59,14,31.1089,49.5813,310,BROKEUP
316,1,7357,7759.93,7763,0,F,56,83,48.2456,27.1982,133,BROKEUP
325,1,7742,7782.45,7784,0,F,106,95,18.4493,35.3092,17,BROKEUP
326,1,7777,7798.19,7805,0,F,38,96,52.2989,48.919,8,BROKEUP
284,1,6419,21147.3,7812,2,F,15,90,42.1124,55.0081,453,PARTNER_DIED
320,1,7532,7850.08,7854,0,F,110,6,16.8,38.7568,119,BROKEUP
327,1,7784,7877.5,7882,0,F,72,16,30.0945,25.9841,32,BROKEUP
302,1,7070,7892.66,7896,1,F,104,36,19.7918,44.5374,281,BROKEUP
303,1,7070,7999.91,7896,1,F,17,69,55.0021,40.9869,295,PARTNER_DIED
295,1,6853,7926.33,7931,1,F,44,105,46.6703,19.5425,310,BROKEUP
328,1,7875,7946.74,7952,0,F,106,84,18.9096,47.5385,27,BROKEUP
323,1,7665,7961.84,7966,0,F,102,54,21.4603,34.5495,86,BROKEUP
324,1,7707,7962.4,7966,0,F,26,67,37.6164,40.6864,86,BROKEUP
312,1,7280,7997.14,8001,1,F,30,100,23.0166,34.6081,247,BROKEUP
329,1,7938,8388.41,8036,1,F,12,69,55.0093,41.3704,41,PARTNER_DIED
330,1,7959,8042.46,8043,0,F,59,43,31.9911,46.2313,24,BROKEUP
333,1,8043,8123.61,8127,0,F,102,66,21.9014,47.5126,26,BROKEUP
337,1,8106,8144.71,8148,0,F,38,109,53.2386,18.2,12,BROKEUP
338,1,8183,8225.81,8232,0,F,15,108,43.2439,18.7562,23,BROKEUP
335,1,8078,8233.86,8239,0,F,59,99,32.528,50.4464,49,BROKEUP
319,1,7518,8241.33,8246,1,F,35,58,23.5639,44.4994,222,BROKEUP
306,1,7133,8249.66,8253,1,F,63,24,40.7255,25.9743,368,BROKEUP
322,1,7637,8341.63,8344,0,F,68,79,40.8894,25.4525,229,BROKEUP
334,1,8057,8391.08,8393,0,F,106,49,20.1178,42.6871,112,BROKEUP
343,1,8309,8395.97,8400,0,F,110,39,18.2959,51.0316,38,BROKEUP
318,1,7441,8400.31,8407,1,F,29,27,27.5317,35.4935,328,BROKEUP
321,1,7560,8459.1,8463,1,F,103,60,21.9589,41.652,273,BROKEUP
342,1,8260,8468.61,8470,0,F,21,41,48.4082,32.3994,74,BROKEUP
340,1,8232,9530.9,8582,1,F,81,108,55.0142,19.7151,116,PARTNER_DIED
331,1,7973,8583,8589,1,F,97,67,51.2336,42.3933,207,BROKEUP
345,1,8456,8582.21,8589,0,F,110,37,18.8137,37.8973,52,BROKEUP
349,1,8589,8607.33,8610,0,F,15,6,44.2795,40.828,8,BROKEUP
336,1,8085,8772.55,8778,1,F,57,69,32.0733,43.4033,200,BROKEUP
339,1,8183,9108.34,8778,1,F,85,109,55.0097,19.9452,220,PARTNER_DIED
351,1,8624,8784.96,8785,0,F,35,14,25.0407,52.4964,64,BROKEUP
332,1,7980,8794.31,8799,1,F,52,105,47.3652,21.9205,280,BROKEUP
347,1,8477,8813.55,8820,0,F,112,95,17.9507,38.1475,113,BROKEUP
352,1,8715,8949.03,8953,0,F,103,83,23.3014,30.4584,78,BROKEUP
353,1,8806,8969.09,8974,1,F,18,14,33.588,53.0142,59,BROKEUP
310,1,7245,11076.3,9002,2,F,70,93,33.1876,55.0084,611,PARTNER_DIED
96,1,1715,11210.3,9044,2,F,55,76,39.8989,55.0008,2472,PARTNER_DIED
350,1,8617,9057,9058,1,F,98,6,48.8602,42.0554,164,BROKEUP
360,1,9037,9057.7,9058,0,F,35,54,25.7886,37.5412,8,BROKEUP
346,1,8456,9145.71,9149,1,F,92,27,30.6211,37.5264,246,BROKEUP
314,1,7329,9815.16,9191,2,F,78,61,49.2808,55.0184,641,PARTNER_DIED
341,1,8253,9211.27,9212,1,F,40,58,32.3563,47.146,284,BROKEUP
274,1,6083,9232.22,9233,2,F,42,82,26.6721,47.0991,1037,BROKEUP
362,1,9149,9232.85,9233,0,F,35,66,26.2681,50.5427,24,BROKEUP
355,1,8904,9305.04,9310,0,F,26,36,41.2986,48.4113,118,BROKEUP
348,1,8533,9320.03,9324,1,F,48,113,30.3211,19.063,244,BROKEUP
364,1,9198,9326.17,9331,0,F,55,24,40.666,28.9278,45,BROKEUP
356,1,8932,9379.79,9380,0,F,68,100,43.7278,38.3862,144,BROKEUP
344,1,8386,9383.41,9387,0,F,59,107,35.6732,22.7452,343,BROKEUP
363,1,9191,9434.25,9436,0,F,15,99,46.5426,53.7258,89,BROKEUP
369,1,9345,9434.28,9436,0,F,57,60,33.8761,44.3178,34,BROKEUP
368,1,9331,9456.06,9457,0,F,40,41,33.0276,35.1035,42,BROKEUP
357,1,8974,9509.36,9513,0,F,112,84,19.8493,51.8153,199,BROKEUP
366,1,9275,9564.35,9569,0,F,33,49,51.3051,45.9091,104,BROKEUP
358,1,9002,9611.65,9618,0,F,110,16,21.6329,30.7402,193,BROKEUP
372,1,9520,9628.69,9632,0,F,42,67,27.7653,45.2508,42,BROKEUP
365,1,9240,9654.08,9660,1,F,56,66,53.4428,51.7126,147,BROKEUP
361,1,9128,9665.28,9667,0,F,98,43,50.5287,50.6806,165,BROKEUP
379,1,9660,10321.7,9695,0,F,112,14,20.3671,55.0087,25,PARTNER_DIED
370,1,9352,9726.68,9730,1,F,104,24,24.8164,30.0209,138,BROKEUP
381,1,9688,9738.45,9744,0,F,110,54,21.9781,39.4207,15,BROKEUP
373,1,9541,9767.71,9772,0,F,68,108,44.8017,22.9753,76,BROKEUP
377,1,9639,9770.59,9772,0,F,70,105,35.278,24.5863,39,BROKEUP
380,1,9667,9767.77,9772,0,F,33,6,51.8613,44.0116,31,BROKEUP
374,1,9562,9813.87,9814,0,F,35,37,27.8598,41.2535,74,BROKEUP
371,1,9499,10489,9842,0,F,97,39,54.6664,55.0015,122,PARTNER_DIED
375,1,9576,9843.86,9849,0,F,103,109,25.7562,22.8603,80,BROKEUP
382,1,9730,9848.26,9849,0,F,104,27,25.1425,39.4442,43,BROKEUP
386,1,9821,9858.41,9863,0,F,115,82,19.8493,48.8251,11,BROKEUP
390,1,9898,9918.12,9898,0,F,98,99,51.1615,55.0108,1,PARTNER_DIED
387,1,9863,10000.9,9961,0,F,97,58,55.0116,49.2172,38,PARTNER_DIED
367,1,9317,9963.38,9968,1,F,111,36,21.863,50.2141,214,BROKEUP
391,1,9968,9989.17,9996,0,F,48,60,32.1622,45.852,13,BROKEUP
389,1,9898,9997.7,10003,0,F,112,113,21.1918,20.9233,24,BROKEUP
376,1,9625,13686.9,10024,2,F,55,96,42.5838,55.0176,146,PARTNER_DIED
378,1,9646,10043.8,10045,0,F,114,83,20.3863,33.4502,137,BROKEUP
394,1,10052,10189.6,10192,0,F,112,84,21.7096,53.6755,48,BROKEUP
401,1,10220,10423.8,10227,0,F,56,43,55.0154,52.234,6,PARTNER_DIED
399,1,10192,10253.9,10255,0,F,104,100,26.2548,40.7834,21,BROKEUP
395,1,10052,10263.3,10269,0,F,33,41,53.2229,37.3281,64,BROKEUP
392,1,10003,10285.5,10290,0,F,15,107,48.8823,25.2192,121,BROKEUP
354,1,8869,10323,10325,1,F,73,95,29.2767,42.2708,463,BROKEUP
405,1,10269,10359.5,10360,0,F,42,37,29.7598,42.7494,27,BROKEUP
384,1,9807,10420.2,10423,1,F,44,105,53.4977,26.3699,186,BROKEUP
407,1,10353,10437.3,10444,0,F,33,82,53.7024,50.4169,34,BROKEUP
397,1,10059,10448,10451,1,F,106,83,25.7562,34.5626,164,BROKEUP
404,1,10234,10473.8,10479,0,F,114,24,21.5753,32.073,51,BROKEUP
403,1,10227,10587.1,10591,0,F,119,108,18.6603,25.2192,112,BROKEUP
412,1,10479,10629.3,10633,0,F,114,60,21.9973,47.5972,55,BROKEUP
402,1,10220,10652,10654,0,F,98,118,53.2328,19.6192,151,BROKEUP
400,1,10220,10659.5,10661,0,F,35,16,30.1804,33.5978,136,BROKEUP
414,1,10542,11056,10675,0,F,68,84,47.2949,55.018,48,PARTNER_DIED
410,1,10465,10684,10689,0,F,111,58,23.8384,51.1926,71,BROKEUP
398,1,10101,10705.8,10710,0,F,70,49,37.8479,49.0351,187,BROKEUP
396,1,10059,10780.2,10787,1,F,30,113,30.6495,23.0712,206,BROKEUP
393,1,10038,10845.1,10850,1,F,102,6,29.3616,46.965,257,BROKEUP
385,1,9807,11156,10857,1,F,23,66,37.1075,55.0112,351,PARTNER_DIED
408,1,10360,10870,10871,0,F,73,109,30.7726,25.6603,178,BROKEUP
416,1,10605,10865.2,10871,0,F,117,100,20.2712,42.4711,91,BROKEUP
417,1,10633,11094.9,10871,1,F,21,108,55.0055,25.9863,71,PARTNER_DIED
202,1,4151,10873.1,10878,2,F,34,77,45.456,46.3088,2243,BROKEUP
422,1,10773,10876.2,10878,0,F,33,83,54.8914,35.7324,30,BROKEUP
415,1,10549,10882.2,10885,0,F,103,43,28.5945,54.0176,120,BROKEUP
424,1,10794,10881.8,10885,0,F,111,24,24.3753,33.1853,28,BROKEUP
383,1,9744,10898.1,10899,1,F,63,54,47.9748,42.5851,344,BROKEUP
427,1,10899,10910.2,10913,0,F,111,121,24.4521,17.989,3,BROKEUP
430,1,10976,11007.1,11011,0,F,111,118,24.7205,20.5973,6,BROKEUP
420,1,10717,11021.8,11025,0,F,35,95,31.1776,44.1886,87,BROKEUP
423,1,10780,11069.3,11074,0,F,112,37,24.126,44.7056,93,BROKEUP
429,1,10976,11108.3,11109,0,F,104,16,28.5945,34.8252,48,BROKEUP
388,1,9863,11111,11116,1,F,29,27,34.9536,42.9154,436,BROKEUP
411,1,10465,11134.9,11137,1,F,78,82,54.6123,52.3155,213,BROKEUP
409,1,10430,11151.9,11158,1,F,116,105,22.074,28.3836,249,BROKEUP
438,1,11137,11158,11165,0,F,123,108,16.2247,26.7918,8,BROKEUP
435,1,11060,11189.5,11193,0,F,70,6,39.1712,47.9047,40,BROKEUP
406,1,10269,11200.3,11207,1,F,72,41,39.2041,39.898,316,BROKEUP
413,1,10493,11200.3,11207,0,F,110,36,25.9863,53.6086,242,BROKEUP
437,1,11116,11240.4,11242,0,F,18,100,39.8017,43.4875,44,BROKEUP
428,1,10913,11910.1,11242,1,F,26,43,46.6109,55.0149,118,PARTNER_DIED
419,1,10689,18811.6,11298,2,F,98,79,55.0163,33.5648,197,PARTNER_DIED
433,1,11004,11320.6,11326,0,F,23,113,38.3732,24.5479,100,BROKEUP
431,1,10983,11329.8,11333,1,F,59,24,41.0048,34.4127,122,BROKEUP
311,1,7259,13208.7,11347,2,F,62,94,54.6308,55.0186,1343,PARTNER_DIED
432,1,11004,11396.6,11403,0,F,119,49,20.8849,50.9337,111,BROKEUP
418,1,10647,11428.2,11431,1,F,57,60,39.3418,49.7835,240,BROKEUP
446,1,11354,11459.8,11466,0,F,110,118,26.6959,21.8438,30,BROKEUP
445,1,11340,11496,11501,0,F,26,121,47.3013,19.6,46,BROKEUP
439,1,11158,11542.3,11543,0,F,35,54,32.5968,44.3495,128,BROKEUP
447,1,11403,11557.8,11564,0,F,103,95,30.4548,45.6653,45,BROKEUP
448,1,11403,11559.9,11564,0,F,111,109,26.2356,27.5589,42,BROKEUP
454,1,11473,11584.1,11585,0,F,125,105,16.9342,29.5534,31,BROKEUP
359,1,9009,22549,11585,2,F,52,31,55.0173,44.0357,825,PARTNER_DIED
442,1,11214,11585.2,11592,1,F,115,6,24.5863,48.9979,104,BROKEUP
425,1,10815,11594.2,11599,1,F,40,58,38.8961,53.6857,233,BROKEUP
443,1,11256,11615.7,11620,1,F,42,100,33.2118,44.5232,125,BROKEUP
452,1,11452,11655.6,11662,0,F,29,108,36.4495,28.1534,52,BROKEUP
457,1,11578,11862.8,11711,0,F,59,36,42.0404,55.0086,47,PARTNER_DIED
459,1,11599,11719.6,11725,0,F,123,60,17.7589,50.589,46,BROKEUP
461,1,11662,11726.8,11732,0,F,110,124,27.4247,17.3945,28,BROKEUP
436,1,11081,11773.4,11774,1,F,15,37,52.948,46.6234,250,BROKEUP
462,1,11676,11781.9,11788,0,F,42,54,33.6721,45.0207,43,BROKEUP
456,1,11536,11845.1,11851,0,F,70,82,40.9739,54.2717,105,BROKEUP
444,1,11312,11875.4,11879,1,F,122,79,19.3315,35.1374,204,BROKEUP
458,1,11599,11879.5,11886,0,F,102,113,32.2,26.0822,92,BROKEUP
421,1,10717,11914.4,11921,0,F,55,107,47.7619,29.6877,420,BROKEUP
441,1,11207,11950.5,11956,1,F,106,41,29.8795,41.95,252,BROKEUP
440,1,11158,11976,11977,0,F,73,77,33.8027,49.3198,286,BROKEUP
453,1,11466,11987.1,11991,1,F,104,118,31.011,23.2822,181,BROKEUP
468,1,11921,11990.8,11991,0,F,29,105,37.3508,30.6658,26,BROKEUP
455,1,11480,12009.8,12012,0,F,30,27,34.0056,45.3702,163,BROKEUP
460,1,11620,12673,12075,1,F,92,58,38.6375,55.009,162,PARTNER_DIED
449,1,11424,12148.8,12152,1,F,48,24,38.0691,36.6565,219,BROKEUP
450,1,11424,12175.3,12180,1,F,34,49,49.0231,53.0625,232,BROKEUP
466,1,11900,12239.3,12243,0,F,117,121,24.0301,21.6329,126,BROKEUP
474,1,12096,12282.8,12285,0,F,123,108,19.2931,29.8603,72,BROKEUP
473,1,12040,12359.7,12362,1,F,127,105,18.7562,31.6822,119,BROKEUP
481,1,12320,12421.3,12425,0,F,34,41,49.6943,43.235,38,BROKEUP
480,1,12264,12426.1,12432,0,F,110,113,29.3425,27.5781,43,BROKEUP
463,1,11690,12443.1,12446,1,F,68,95,52.1278,48.0818,248,BROKEUP
470,1,11984,12465.7,12467,1,F,112,77,27.9425,50.6622,152,BROKEUP
476,1,12236,12509.7,12516,0,F,106,124,31.4137,19.5425,89,BROKEUP
464,1,11725,12581.7,12586,0,F,125,100,19.6767,47.1697,266,BROKEUP
469,1,11921,12580.8,12586,1,F,116,107,25.9863,31.5096,242,BROKEUP
465,1,11816,12588.9,12593,0,F,119,109,24.1452,30.3781,239,BROKEUP
478,1,12243,12618.3,12621,0,F,48,54,39.354,47.3029,122,BROKEUP
477,1,12243,12673.3,12677,0,F,29,37,39.2303,49.0973,131,BROKEUP
491,1,12607,12708.9,12712,0,F,35,77,35.7996,51.3335,29,BROKEUP
492,1,12607,12706.4,12712,0,F,129,124,17.4137,20.0795,41,BROKEUP
471,1,11991,12715,12719,1,F,103,118,33.6192,25.2767,252,BROKEUP
472,1,12019,12726.5,12733,1,F,72,27,43.3849,47.3455,223,BROKEUP
467,1,11900,12752.2,12754,0,F,18,31,43.9441,47.2192,253,BROKEUP
451,1,11445,12775.7,12782,0,F,57,16,43.0432,39.4087,462,BROKEUP
479,1,12243,12794.9,12796,0,F,73,60,36.0465,53.5232,188,BROKEUP
497,1,12726,12805.9,12810,0,F,48,77,39.8718,51.602,24,BROKEUP
488,1,12502,12823,12824,0,F,40,121,42.2522,23.2247,107,BROKEUP
489,1,12579,12828.6,12831,0,F,111,130,29.7069,17.0301,81,BROKEUP
495,1,12677,12831.2,12838,0,F,92,54,40.7279,47.8974,49,BROKEUP
484,1,12348,12846.3,12852,0,F,55,79,50.3126,37.8032,173,BROKEUP
499,1,12768,12848.3,12852,0,F,119,124,24.8548,20.463,45,BROKEUP
493,1,12621,12867.8,12873,1,F,106,95,32.3918,49.2516,80,BROKEUP
487,1,12502,12944.7,12887,0,F,123,49,20.9616,55.0186,128,PARTNER_DIED
501,1,12768,12948.5,12950,1,F,68,132,53.5086,16.4356,85,BROKEUP
507,1,12852,12998.4,12999,0,F,48,118,40.3896,26.0438,44,BROKEUP
426,1,10871,17515.9,13006,2,F,114,69,28.4986,55.006,697,PARTNER_DIED
475,1,12152,13044.9,13048,1,F,23,24,43.091,39.1113,315,BROKEUP
503,1,12803,13041.3,13048,0,F,70,107,44.2533,32.7753,83,BROKEUP
500,1,12768,13049.1,13055,0,F,29,31,40.2659,48.0439,100,BROKEUP
515,1,13034,13094.2,13097,0,F,128,118,18.8521,26.3123,26,BROKEUP
496,1,12726,13115.4,13118,0,F,127,37,20.8274,50.3056,125,BROKEUP
511,1,12978,13155.3,13160,0,F,119,60,25.6986,54.5205,54,BROKEUP
509,1,12915,13162.1,13167,0,F,106,54,33.1973,48.7988,74,BROKEUP
482,1,12327,13176.3,13181,1,F,59,108,46.0678,32.3151,290,BROKEUP
508,1,12887,13180.7,13181,1,F,116,100,27.6164,48.7999,104,BROKEUP
518,1,13069,13175.1,13181,0,F,103,31,34.8849,48.3891,33,BROKEUP
521,1,13139,13184.1,13188,0,F,63,37,54.246,50.4973,16,BROKEUP
483,1,12341,20573.8,13188,2,F,104,67,34.2904,55.0124,283,PARTNER_DIED
520,1,13104,13206.3,13209,0,F,26,107,51.9807,33.2164,32,BROKEUP
504,1,12803,13261.4,13265,1,F,30,109,37.4385,32.2192,151,BROKEUP
506,1,12845,13271.1,13272,0,F,34,130,52.0149,18.2384,160,BROKEUP
505,1,12817,13276.1,13279,0,F,129,77,18.9671,52.8869,146,BROKEUP
434,1,11039,13295.2,13300,2,F,126,120,21.4603,26.0822,826,BROKEUP
530,1,13356,13438.9,13440,0,F,126,108,21.8438,33.0247,22,BROKEUP
514,1,13027,13451.8,13454,1,F,133,124,17.6247,22.1123,175,BROKEUP
523,1,13202,13450.7,13454,1,F,68,100,54.8894,49.5478,69,BROKEUP
524,1,13223,13461.6,13468,0,F,103,107,35.6712,33.926,94,BROKEUP
532,1,13503,13511.1,13517,0,F,133,108,17.7973,33.2356,6,BROKEUP
519,1,13083,13521,13524,1,F,111,24,31.6055,40.4154,167,BROKEUP
510,1,12950,13539.1,13545,1,F,138,27,15.5151,49.5702,166,BROKEUP
517,1,13069,13547.3,13552,0,F,131,132,18.3726,18.0849,183,BROKEUP
531,1,13384,13599,13601,0,F,40,130,44.381,19.1397,68,BROKEUP
528,1,13342,13602.3,13608,0,F,59,120,47.2376,26.926,90,BROKEUP
527,1,13279,13649.4,13650,0,F,55,54,52.4989,50.1221,139,BROKEUP
526,1,13265,13698,13699,0,F,123,31,23.1671,49.8083,133,BROKEUP
513,1,13027,13701.9,13706,1,F,48,79,42.3266,40.1429,232,BROKEUP
502,1,12796,13708.8,13713,0,F,72,16,46.0698,41.9594,278,BROKEUP
512,1,12992,13715.7,13720,0,F,92,95,43.1444,51.5722,247,BROKEUP
486,1,12460,13758.5,13762,1,F,42,105,39.0803,35.5178,410,BROKEUP
516,1,13034,13764.4,13769,1,F,57,121,45.7473,25.8137,232,BROKEUP
494,1,12635,19010.7,13776,2,F,125,6,22.937,55.0006,405,PARTNER_DIED
490,1,12586,13779.6,13783,1,F,122,113,24.5479,31.2795,463,BROKEUP
533,1,13538,13807.3,13811,0,F,70,140,46.3438,16.0904,96,BROKEUP
529,1,13342,13834.1,13839,1,F,102,77,37.5507,54.4211,148,BROKEUP
539,1,13699,13908.7,13909,0,F,127,24,22.9945,41.4702,63,BROKEUP
534,1,13566,13914.5,13916,0,F,29,100,42.6248,50.8136,110,BROKEUP
536,1,13650,13949.4,13951,0,F,116,124,29.726,23.474,107,BROKEUP
543,1,13860,13972.9,13979,1,F,30,142,39.3947,15.5726,48,BROKEUP
537,1,13650,13984.6,13986,1,F,117,132,28.8055,19.274,108,BROKEUP
540,1,13699,14010.6,14014,1,F,112,137,32.1808,16.9918,106,BROKEUP
522,1,13181,14046.4,14049,1,F,110,118,33.7726,28.9205,276,BROKEUP
525,1,13223,14043.8,14049,1,F,26,37,54.2821,52.8562,274,BROKEUP
542,1,13797,14059.5,14063,0,F,104,107,36.6877,35.5562,99,BROKEUP
545,1,13923,14093.9,14098,0,F,122,120,25.411,28.2685,61,BROKEUP
538,1,13685,14100.6,14105,0,F,59,108,48.5993,34.8466,137,BROKEUP
552,1,14000,14136,14140,0,F,29,16,43.2385,43.1293,39,BROKEUP
555,1,14091,14156.3,14161,0,F,40,141,45.9152,16.3397,19,BROKEUP
535,1,13573,14164.7,14168,0,F,35,27,39.7886,51.277,188,BROKEUP
553,1,14007,14166.7,14168,0,F,72,95,47.3164,52.7996,58,BROKEUP
498,1,12754,14222.4,14224,1,F,18,41,47.9715,48.1637,507,BROKEUP
544,1,13895,14270.2,14273,0,F,126,130,24.126,20.9808,126,BROKEUP
565,1,14301,14312.8,14315,0,F,112,132,33.0055,20.1753,3,BROKEUP
558,1,14147,14316.8,14322,0,F,110,121,34.5205,27.3288,59,BROKEUP
549,1,13965,14322.8,14329,1,F,134,24,19.0247,42.6209,118,BROKEUP
541,1,13776,14411,14413,1,F,139,105,17.7973,37.3014,239,BROKEUP
556,1,14133,14431.4,14434,0,F,127,31,24.4329,51.822,110,BROKEUP
567,1,14392,14442,14448,0,F,110,37,34.8658,53.9494,22,BROKEUP
551,1,13986,14479.6,14483,1,F,129,100,22.2658,52.367,153,BROKEUP
564,1,14266,14509.9,14511,0,F,119,124,29.4,25.0082,71,BROKEUP
547,1,13937,14548.9,14553,0,F,42,54,41.2475,52.596,211,BROKEUP
561,1,14175,14619.8,14560,1,F,55,108,55.0112,36.0932,131,PARTNER_DIED
554,1,14035,14582.9,14588,1,F,133,137,20.7315,18.5644,164,BROKEUP
559,1,14161,14587.9,14588,0,F,30,113,41.0632,33.4849,134,BROKEUP
