Time,NodeID,NumIndividuals,NumInfected,AvgInfectiousness,AvgParasiteDensity,AvgGametocyteDensity,AvgVariantFractionPfEMP1Major,AvgNumInfections,AvgInfectionClearedDuration,NumInfectionsCleared,NumHasFever,NumHasClinicalSymptoms,TotalUniqueGenomes,TotalUniqueBarcodes,UniqueGenomesLast_1_Years,UniqueBarcodesLast_1_Years,CurrentUniqueGenomes,CurrentUniqueBarcodes,CurrentNumInfections,NumBitesDeliveredCurrentInfections,NumBitesDeliveredMultipleCurrentInfections,NumNewInfectionsInLastYear,NumTotalRoots,FractionOfRootsPresentInLastYear,AAAAAAAAAAAAAAAAAAAAAAAA,TAAAAAAAAAAAAAAAAAAAAAAA,AAAAAAAAAAAAAAAAAAAAAAAT,TAAAAAAAAAAAAAAAAAAAAAAT,OtherBarcodes,T,OtherDrugResistance,G,OtherHRP
0,3,50,0,0,0,0,0,0,0,0,0,0,0,0,0,0,0,0,0,0,0,0,0,0,0,0,0,0,0,0,0,0,0
0,1,50,0,0,0,0,0,0,0,0,0,0,0,0,0,0,0,0,0,0,0,0,0,0,0,0,0,0,0,0,0,0,0
0,4,50,0,0,0,0,0,0,0,0,0,0,0,0,0,0,0,0,0,0,0,0,0,0,0,0,0,0,0,0,0,0,0
0,2,50,0,0,0,0,0,0,0,0,0,0,0,0,0,0,0,0,0,0,0,0,0,0,0,0,0,0,0,0,0,0,0
1,3,50,0,0,0,0,0,0,0,0,0,0,0,0,0,0,0,0,0,0,0,0,0,0,0,0,0,0,0,0,0,0,0
1,1,50,0,0,0,0,0,0,0,0,0,0,0,0,0,0,0,0,0,0,0,0,0,0,0,0,0,0,0,0,0,0,0
1,4,50,0,0,0,0,0,0,0,0,0,0,0,0,0,0,0,0,0,0,0,0,0,0,0,0,0,0,0,0,0,0,0
1,2,50,0,0,0,0,0,0,0,0,0,0,0,0,0,0,0,0,0,0,0,0,0,0,0,0,0,0,0,0,0,0,0
2,3,51,0,0,0,0,0,0,0,0,0,0,0,0,0,0,0,0,0,0,0,0,0,0,0,0,0,0,0,0,0,0,0
2,1,50,0,0,0,0,0,0,0,0,0,0,0,0,0,0,0,0,0,0,0,0,0,0,0,0,0,0,0,0,0,0,0
2,4,50,0,0,0,0,0,0,0,0,0,0,0,0,0,0,0,0,0,0,0,0,0,0,0,0,0,0,0,0,0,0,0
2,2,50,0,0,0,0,0,0,0,0,0,0,0,0,0,0,0,0,0,0,0,0,0,0,0,0,0,0,0,0,0,0,0
3,3,51,0,0,0,0,0,0,0,0,0,0,0,0,0,0,0,0,0,0,0,0,0,0,0,0,0,0,0,0,0,0,0
3,1,50,0,0,0,0,0,0,0,0,0,0,0,0,0,0,0,0,0,0,0,0,0,0,0,0,0,0,0,0,0,0,0
3,4,50,0,0,0,0,0,0,0,0,0,0,0,0,0,0,0,0,0,0,0,0,0,0,0,0,0,0,0,0,0,0,0
3,2,50,0,0,0,0,0,0,0,0,0,0,0,0,0,0,0,0,0,0,0,0,0,0,0,0,0,0,0,0,0,0,0
4,3,51,0,0,0,0,0,0,0,0,0,0,0,0,0,0,0,0,0,0,0,0,0,0,0,0,0,0,0,0,0,0,0
4,1,50,0,0,0,0,0,0,0,0,0,0,0,0,0,0,0,0,0,0,0,0,0,0,0,0,0,0,0,0,0,0,0
4,4,50,0,0,0,0,0,0,0,0,0,0,0,0,0,0,0,0,0,0,0,0,0,0,0,0,0,0,0,0,0,0,0
4,2,50,0,0,0,0,0,0,0,0,0,0,0,0,0,0,0,0,0,0,0,0,0,0,0,0,0,0,0,0,0,0,0
5,3,51,0,0,0,0,0,0,0,0,0,0,0,0,0,0,0,0,0,0,0,0,0,0,0,0,0,0,0,0,0,0,0
5,1,50,0,0,0,0,0,0,0,0,0,0,0,0,0,0,0,0,0,0,0,0,0,0,0,0,0,0,0,0,0,0,0
5,4,50,0,0,0,0,0,0,0,0,0,0,0,0,0,0,0,0,0,0,0,0,0,0,0,0,0,0,0,0,0,0,0
5,2,50,0,0,0,0,0,0,0,0,0,0,0,0,0,0,0,0,0,0,0,0,0,0,0,0,0,0,0,0,0,0,0
6,3,51,0,0,0,0,0,0,0,0,0,0,0,0,0,0,0,0,0,0,0,0,0,0,0,0,0,0,0,0,0,0,0
6,1,50,0,0,0,0,0,0,0,0,0,0,0,0,0,0,0,0,0,0,0,0,0,0,0,0,0,0,0,0,0,0,0
6,4,50,0,0,0,0,0,0,0,0,0,0,0,0,0,0,0,0,0,0,0,0,0,0,0,0,0,0,0,0,0,0,0
6,2,50,0,0,0,0,0,0,0,0,0,0,0,0,0,0,0,0,0,0,0,0,0,0,0,0,0,0,0,0,0,0,0
7,3,51,0,0,0,0,0,0,0,0,0,0,0,0,0,0,0,0,0,0,0,0,0,0,0,0,0,0,0,0,0,0,0
7,1,50,0,0,0,0,0,0,0,0,0,0,0,0,0,0,0,0,0,0,0,0,0,0,0,0,0,0,0,0,0,0,0
7,4,50,0,0,0,0,0,0,0,0,0,0,0,0,0,0,0,0,0,0,0,0,0,0,0,0,0,0,0,0,0,0,0
7,2,50,0,0,0,0,0,0,0,0,0,0,0,0,0,0,0,0,0,0,0,0,0,0,0,0,0,0,0,0,0,0,0
8,3,51,0,0,0,0,0,0,0,0,0,0,0,0,0,0,0,0,0,0,0,0,0,0,0,0,0,0,0,0,0,0,0
8,1,50,0,0,0,0,0,0,0,0,0,0,0,0,0,0,0,0,0,0,0,0,0,0,0,0,0,0,0,0,0,0,0
8,4,50,0,0,0,0,0,0,0,0,0,0,0,0,0,0,0,0,0,0,0,0,0,0,0,0,0,0,0,0,0,0,0
8,2,50,0,0,0,0,0,0,0,0,0,0,0,0,0,0,0,0,0,0,0,0,0,0,0,0,0,0,0,0,0,0,0
9,3,51,0,0,0,0,0,0,0,0,0,0,0,0,0,0,0,0,0,0,0,0,0,0,0,0,0,0,0,0,0,0,0
9,1,50,0,0,0,0,0,0,0,0,0,0,0,0,0,0,0,0,0,0,0,0,0,0,0,0,0,0,0,0,0,0,0
9,4,50,0,0,0,0,0,0,0,0,0,0,0,0,0,0,0,0,0,0,0,0,0,0,0,0,0,0,0,0,0,0,0
9,2,50,0,0,0,0,0,0,0,0,0,0,0,0,0,0,0,0,0,0,0,0,0,0,0,0,0,0,0,0,0,0,0
10,3,51,0,0,0,0,0,0,0,0,0,0,0,0,0,0,0,0,0,0,0,0,0,0,0,0,0,0,0,0,0,0,0
10,1,50,0,0,0,0,0,0,0,0,0,0,0,0,0,0,0,0,0,0,0,0,0,0,0,0,0,0,0,0,0,0,0
10,4,50,0,0,0,0,0,0,0,0,0,0,0,0,0,0,0,0,0,0,0,0,0,0,0,0,0,0,0,0,0,0,0
10,2,50,0,0,0,0,0,0,0,0,0,0,0,0,0,0,0,0,0,0,0,0,0,0,0,0,0,0,0,0,0,0,0
11,3,51,0,0,0,0,0,0,0,0,0,0,0,0,0,0,0,0,0,0,0,0,0,0,0,0,0,0,0,0,0,0,0
11,1,50,0,0,0,0,0,0,0,0,0,0,0,0,0,0,0,0,0,0,0,0,0,0,0,0,0,0,0,0,0,0,0
11,4,50,0,0,0,0,0,0,0,0,0,0,0,0,0,0,0,0,0,0,0,0,0,0,0,0,0,0,0,0,0,0,0
11,2,50,0,0,0,0,0,0,0,0,0,0,0,0,0,0,0,0,0,0,0,0,0,0,0,0,0,0,0,0,0,0,0
12,3,51,0,0,0,0,0,0,0,0,0,0,0,0,0,0,0,0,0,0,0,0,0,0,0,0,0,0,0,0,0,0,0
12,1,50,0,0,0,0,0,0,0,0,0,0,0,0,0,0,0,0,0,0,0,0,0,0,0,0,0,0,0,0,0,0,0
12,4,50,0,0,0,0,0,0,0,0,0,0,0,0,0,0,0,0,0,0,0,0,0,0,0,0,0,0,0,0,0,0,0
12,2,50,0,0,0,0,0,0,0,0,0,0,0,0,0,0,0,0,0,0,0,0,0,0,0,0,0,0,0,0,0,0,0
13,3,51,0,0,0,0,0,0,0,0,0,0,0,0,0,0,0,0,0,0,0,0,0,0,0,0,0,0,0,0,0,0,0
13,1,50,0,0,0,0,0,0,0,0,0,0,0,0,0,0,0,0,0,0,0,0,0,0,0,0,0,0,0,0,0,0,0
13,4,50,0,0,0,0,0,0,0,0,0,0,0,0,0,0,0,0,0,0,0,0,0,0,0,0,0,0,0,0,0,0,0
13,2,50,0,0,0,0,0,0,0,0,0,0,0,0,0,0,0,0,0,0,0,0,0,0,0,0,0,0,0,0,0,0,0
14,3,51,0,0,0,0,0,0,0,0,0,0,0,0,0,0,0,0,0,0,0,0,0,0,0,0,0,0,0,0,0,0,0
14,1,50,0,0,0,0,0,0,0,0,0,0,0,0,0,0,0,0,0,0,0,0,0,0,0,0,0,0,0,0,0,0,0
14,4,51,0,0,0,0,0,0,0,0,0,0,0,0,0,0,0,0,0,0,0,0,0,0,0,0,0,0,0,0,0,0,0
14,2,49,0,0,0,0,0,0,0,0,0,0,0,0,0,0,0,0,0,0,0,0,0,0,0,0,0,0,0,0,0,0,0
15,3,51,0,0,0,0,0,0,0,0,0,0,0,0,0,0,0,0,0,0,0,0,0,0,0,0,0,0,0,0,0,0,0
15,1,50,0,0,0,0,0,0,0,0,0,0,0,0,0,0,0,0,0,0,0,0,0,0,0,0,0,0,0,0,0,0,0
15,4,51,0,0,0,0,0,0,0,0,0,0,0,0,0,0,0,0,0,0,0,0,0,0,0,0,0,0,0,0,0,0,0
15,2,49,0,0,0,0,0,0,0,0,0,0,0,0,0,0,0,0,0,0,0,0,0,0,0,0,0,0,0,0,0,0,0
16,3,51,0,0,0,0,0,0,0,0,0,0,0,0,0,0,0,0,0,0,0,0,0,0,0,0,0,0,0,0,0,0,0
16,1,50,0,0,0,0,0,0,0,0,0,0,0,0,0,0,0,0,0,0,0,0,0,0,0,0,0,0,0,0,0,0,0
16,4,51,0,0,0,0,0,0,0,0,0,0,0,0,0,0,0,0,0,0,0,0,0,0,0,0,0,0,0,0,0,0,0
16,2,49,0,0,0,0,0,0,0,0,0,0,0,0,0,0,0,0,0,0,0,0,0,0,0,0,0,0,0,0,0,0,0
17,3,51,0,0,0,0,0,0,0,0,0,0,0,0,0,0,0,0,0,0,0,0,0,0,0,0,0,0,0,0,0,0,0
17,1,50,0,0,0,0,0,0,0,0,0,0,0,0,0,0,0,0,0,0,0,0,0,0,0,0,0,0,0,0,0,0,0
17,4,51,0,0,0,0,0,0,0,0,0,0,0,0,0,0,0,0,0,0,0,0,0,0,0,0,0,0,0,0,0,0,0
17,2,49,0,0,0,0,0,0,0,0,0,0,0,0,0,0,0,0,0,0,0,0,0,0,0,0,0,0,0,0,0,0,0
18,3,51,0,0,0,0,0,0,0,0,0,0,0,0,0,0,0,0,0,0,0,0,0,0,0,0,0,0,0,0,0,0,0
18,1,50,0,0,0,0,0,0,0,0,0,0,0,0,0,0,0,0,0,0,0,0,0,0,0,0,0,0,0,0,0,0,0
18,4,51,0,0,0,0,0,0,0,0,0,0,0,0,0,0,0,0,0,0,0,0,0,0,0,0,0,0,0,0,0,0,0
18,2,49,0,0,0,0,0,0,0,0,0,0,0,0,0,0,0,0,0,0,0,0,0,0,0,0,0,0,0,0,0,0,0
19,3,51,0,0,0,0,0,0,0,0,0,0,0,0,0,0,0,0,0,0,0,0,0,0,0,0,0,0,0,0,0,0,0
19,1,50,0,0,0,0,0,0,0,0,0,0,0,0,0,0,0,0,0,0,0,0,0,0,0,0,0,0,0,0,0,0,0
19,4,51,0,0,0,0,0,0,0,0,0,0,0,0,0,0,0,0,0,0,0,0,0,0,0,0,0,0,0,0,0,0,0
19,2,49,0,0,0,0,0,0,0,0,0,0,0,0,0,0,0,0,0,0,0,0,0,0,0,0,0,0,0,0,0,0,0
20,3,51,0,0,0,0,0,0,0,0,0,0,0,0,0,0,0,0,0,0,0,0,0,0,0,0,0,0,0,0,0,0,0
20,1,50,0,0,0,0,0,0,0,0,0,0,0,0,0,0,0,0,0,0,0,0,0,0,0,0,0,0,0,0,0,0,0
20,4,51,0,0,0,0,0,0,0,0,0,0,0,0,0,0,0,0,0,0,0,0,0,0,0,0,0,0,0,0,0,0,0
20,2,49,0,0,0,0,0,0,0,0,0,0,0,0,0,0,0,0,0,0,0,0,0,0,0,0,0,0,0,0,0,0,0
21,3,51,0,0,0,0,0,0,0,0,0,0,0,0,0,0,0,0,0,0,0,0,0,0,0,0,0,0,0,0,0,0,0
21,1,50,0,0,0,0,0,0,0,0,0,0,0,0,0,0,0,0,0,0,0,0,0,0,0,0,0,0,0,0,0,0,0
21,4,51,0,0,0,0,0,0,0,0,0,0,0,0,0,0,0,0,0,0,0,0,0,0,0,0,0,0,0,0,0,0,0
21,2,49,0,0,0,0,0,0,0,0,0,0,0,0,0,0,0,0,0,0,0,0,0,0,0,0,0,0,0,0,0,0,0
22,3,51,0,0,0,0,0,0,0,0,0,0,0,0,0,0,0,0,0,0,0,0,0,0,0,0,0,0,0,0,0,0,0
22,1,50,0,0,0,0,0,0,0,0,0,0,0,0,0,0,0,0,0,0,0,0,0,0,0,0,0,0,0,0,0,0,0
22,4,51,0,0,0,0,0,0,0,0,0,0,0,0,0,0,0,0,0,0,0,0,0,0,0,0,0,0,0,0,0,0,0
22,2,49,0,0,0,0,0,0,0,0,0,0,0,0,0,0,0,0,0,0,0,0,0,0,0,0,0,0,0,0,0,0,0
23,3,51,0,0,0,0,0,0,0,0,0,0,0,0,0,0,0,0,0,0,0,0,0,0,0,0,0,0,0,0,0,0,0
23,1,50,0,0,0,0,0,0,0,0,0,0,0,0,0,0,0,0,0,0,0,0,0,0,0,0,0,0,0,0,0,0,0
23,4,51,0,0,0,0,0,0,0,0,0,0,0,0,0,0,0,0,0,0,0,0,0,0,0,0,0,0,0,0,0,0,0
23,2,49,0,0,0,0,0,0,0,0,0,0,0,0,0,0,0,0,0,0,0,0,0,0,0,0,0,0,0,0,0,0,0
24,3,51,0,0,0,0,0,0,0,0,0,0,0,0,0,0,0,0,0,0,0,0,0,0,0,0,0,0,0,0,0,0,0
24,1,50,0,0,0,0,0,0,0,0,0,0,0,0,0,0,0,0,0,0,0,0,0,0,0,0,0,0,0,0,0,0,0
24,4,51,0,0,0,0,0,0,0,0,0,0,0,0,0,0,0,0,0,0,0,0,0,0,0,0,0,0,0,0,0,0,0
24,2,49,0,0,0,0,0,0,0,0,0,0,0,0,0,0,0,0,0,0,0,0,0,0,0,0,0,0,0,0,0,0,0
25,3,51,0,0,0,0,0,0,0,0,0,0,0,0,0,0,0,0,0,0,0,0,0,0,0,0,0,0,0,0,0,0,0
25,1,50,0,0,0,0,0,0,0,0,0,0,0,0,0,0,0,0,0,0,0,0,0,0,0,0,0,0,0,0,0,0,0
25,4,51,0,0,0,0,0,0,0,0,0,0,0,0,0,0,0,0,0,0,0,0,0,0,0,0,0,0,0,0,0,0,0
25,2,49,0,0,0,0,0,0,0,0,0,0,0,0,0,0,0,0,0,0,0,0,0,0,0,0,0,0,0,0,0,0,0
26,3,51,0,0,0,0,0,0,0,0,0,0,0,0,0,0,0,0,0,0,0,0,0,0,0,0,0,0,0,0,0,0,0
26,1,50,0,0,0,0,0,0,0,0,0,0,0,0,0,0,0,0,0,0,0,0,0,0,0,0,0,0,0,0,0,0,0
26,4,51,0,0,0,0,0,0,0,0,0,0,0,0,0,0,0,0,0,0,0,0,0,0,0,0,0,0,0,0,0,0,0
26,2,49,0,0,0,0,0,0,0,0,0,0,0,0,0,0,0,0,0,0,0,0,0,0,0,0,0,0,0,0,0,0,0
27,3,51,0,0,0,0,0,0,0,0,0,0,0,0,0,0,0,0,0,0,0,0,0,0,0,0,0,0,0,0,0,0,0
27,1,50,0,0,0,0,0,0,0,0,0,0,0,0,0,0,0,0,0,0,0,0,0,0,0,0,0,0,0,0,0,0,0
27,4,51,0,0,0,0,0,0,0,0,0,0,0,0,0,0,0,0,0,0,0,0,0,0,0,0,0,0,0,0,0,0,0
27,2,49,0,0,0,0,0,0,0,0,0,0,0,0,0,0,0,0,0,0,0,0,0,0,0,0,0,0,0,0,0,0,0
28,3,51,0,0,0,0,0,0,0,0,0,0,0,0,0,0,0,0,0,0,0,0,0,0,0,0,0,0,0,0,0,0,0
28,1,50,0,0,0,0,0,0,0,0,0,0,0,0,0,0,0,0,0,0,0,0,0,0,0,0,0,0,0,0,0,0,0
28,4,51,0,0,0,0,0,0,0,0,0,0,0,0,0,0,0,0,0,0,0,0,0,0,0,0,0,0,0,0,0,0,0
28,2,49,0,0,0,0,0,0,0,0,0,0,0,0,0,0,0,0,0,0,0,0,0,0,0,0,0,0,0,0,0,0,0
29,3,51,0,0,0,0,0,0,0,0,0,0,0,0,0,0,0,0,0,0,0,0,0,0,0,0,0,0,0,0,0,0,0
29,1,50,0,0,0,0,0,0,0,0,0,0,0,0,0,0,0,0,0,0,0,0,0,0,0,0,0,0,0,0,0,0,0
29,4,51,0,0,0,0,0,0,0,0,0,0,0,0,0,0,0,0,0,0,0,0,0,0,0,0,0,0,0,0,0,0,0
29,2,49,0,0,0,0,0,0,0,0,0,0,0,0,0,0,0,0,0,0,0,0,0,0,0,0,0,0,0,0,0,0,0
30,3,51,0,0,0,0,0,0,0,0,0,0,0,0,0,0,0,0,0,0,0,0,0,0,0,0,0,0,0,0,0,0,0
30,1,50,0,0,0,0,0,0,0,0,0,0,0,0,0,0,0,0,0,0,0,0,0,0,0,0,0,0,0,0,0,0,0
30,4,51,0,0,0,0,0,0,0,0,0,0,0,0,0,0,0,0,0,0,0,0,0,0,0,0,0,0,0,0,0,0,0
30,2,49,0,0,0,0,0,0,0,0,0,0,0,0,0,0,0,0,0,0,0,0,0,0,0,0,0,0,0,0,0,0,0
31,3,51,0,0,0,0,0,0,0,0,0,0,0,0,0,0,0,0,0,0,0,0,0,0,0,0,0,0,0,0,0,0,0
31,1,50,0,0,0,0,0,0,0,0,0,0,0,0,0,0,0,0,0,0,0,0,0,0,0,0,0,0,0,0,0,0,0
31,4,51,0,0,0,0,0,0,0,0,0,0,0,0,0,0,0,0,0,0,0,0,0,0,0,0,0,0,0,0,0,0,0
31,2,49,0,0,0,0,0,0,0,0,0,0,0,0,0,0,0,0,0,0,0,0,0,0,0,0,0,0,0,0,0,0,0
32,3,51,0,0,0,0,0,0,0,0,0,0,0,0,0,0,0,0,0,0,0,0,0,0,0,0,0,0,0,0,0,0,0
32,1,50,0,0,0,0,0,0,0,0,0,0,0,0,0,0,0,0,0,0,0,0,0,0,0,0,0,0,0,0,0,0,0
32,4,51,0,0,0,0,0,0,0,0,0,0,0,0,0,0,0,0,0,0,0,0,0,0,0,0,0,0,0,0,0,0,0
32,2,49,0,0,0,0,0,0,0,0,0,0,0,0,0,0,0,0,0,0,0,0,0,0,0,0,0,0,0,0,0,0,0
33,3,51,0,0,0,0,0,0,0,0,0,0,0,0,0,0,0,0,0,0,0,0,0,0,0,0,0,0,0,0,0,0,0
33,1,50,0,0,0,0,0,0,0,0,0,0,0,0,0,0,0,0,0,0,0,0,0,0,0,0,0,0,0,0,0,0,0
33,4,51,0,0,0,0,0,0,0,0,0,0,0,0,0,0,0,0,0,0,0,0,0,0,0,0,0,0,0,0,0,0,0
33,2,49,0,0,0,0,0,0,0,0,0,0,0,0,0,0,0,0,0,0,0,0,0,0,0,0,0,0,0,0,0,0,0
34,3,51,0,0,0,0,0,0,0,0,0,0,0,0,0,0,0,0,0,0,0,0,0,0,0,0,0,0,0,0,0,0,0
34,1,50,0,0,0,0,0,0,0,0,0,0,0,0,0,0,0,0,0,0,0,0,0,0,0,0,0,0,0,0,0,0,0
34,4,51,0,0,0,0,0,0,0,0,0,0,0,0,0,0,0,0,0,0,0,0,0,0,0,0,0,0,0,0,0,0,0
34,2,49,0,0,0,0,0,0,0,0,0,0,0,0,0,0,0,0,0,0,0,0,0,0,0,0,0,0,0,0,0,0,0
35,3,51,0,0,0,0,0,0,0,0,0,0,0,0,0,0,0,0,0,0,0,0,0,0,0,0,0,0,0,0,0,0,0
35,1,50,0,0,0,0,0,0,0,0,0,0,0,0,0,0,0,0,0,0,0,0,0,0,0,0,0,0,0,0,0,0,0
35,4,51,0,0,0,0,0,0,0,0,0,0,0,0,0,0,0,0,0,0,0,0,0,0,0,0,0,0,0,0,0,0,0
35,2,49,0,0,0,0,0,0,0,0,0,0,0,0,0,0,0,0,0,0,0,0,0,0,0,0,0,0,0,0,0,0,0
36,3,51,0,0,0,0,0,0,0,0,0,0,0,0,0,0,0,0,0,0,0,0,0,0,0,0,0,0,0,0,0,0,0
36,1,50,0,0,0,0,0,0,0,0,0,0,0,0,0,0,0,0,0,0,0,0,0,0,0,0,0,0,0,0,0,0,0
36,4,51,0,0,0,0,0,0,0,0,0,0,0,0,0,0,0,0,0,0,0,0,0,0,0,0,0,0,0,0,0,0,0
36,2,49,0,0,0,0,0,0,0,0,0,0,0,0,0,0,0,0,0,0,0,0,0,0,0,0,0,0,0,0,0,0,0
37,3,51,0,0,0,0,0,0,0,0,0,0,0,0,0,0,0,0,0,0,0,0,0,0,0,0,0,0,0,0,0,0,0
37,1,50,0,0,0,0,0,0,0,0,0,0,0,0,0,0,0,0,0,0,0,0,0,0,0,0,0,0,0,0,0,0,0
37,4,51,0,0,0,0,0,0,0,0,0,0,0,0,0,0,0,0,0,0,0,0,0,0,0,0,0,0,0,0,0,0,0
37,2,49,0,0,0,0,0,0,0,0,0,0,0,0,0,0,0,0,0,0,0,0,0,0,0,0,0,0,0,0,0,0,0
38,3,51,0,0,0,0,0,0,0,0,0,0,0,0,0,0,0,0,0,0,0,0,0,0,0,0,0,0,0,0,0,0,0
38,1,50,0,0,0,0,0,0,0,0,0,0,0,0,0,0,0,0,0,0,0,0,0,0,0,0,0,0,0,0,0,0,0
38,4,51,0,0,0,0,0,0,0,0,0,0,0,0,0,0,0,0,0,0,0,0,0,0,0,0,0,0,0,0,0,0,0
38,2,49,0,0,0,0,0,0,0,0,0,0,0,0,0,0,0,0,0,0,0,0,0,0,0,0,0,0,0,0,0,0,0
39,3,51,0,0,0,0,0,0,0,0,0,0,0,0,0,0,0,0,0,0,0,0,0,0,0,0,0,0,0,0,0,0,0
39,1,50,0,0,0,0,0,0,0,0,0,0,0,0,0,0,0,0,0,0,0,0,0,0,0,0,0,0,0,0,0,0,0
39,4,51,0,0,0,0,0,0,0,0,0,0,0,0,0,0,0,0,0,0,0,0,0,0,0,0,0,0,0,0,0,0,0
39,2,49,0,0,0,0,0,0,0,0,0,0,0,0,0,0,0,0,0,0,0,0,0,0,0,0,0,0,0,0,0,0,0
40,3,51,0,0,0,0,0,0,0,0,0,0,0,0,0,0,0,0,0,0,0,0,0,0,0,0,0,0,0,0,0,0,0
40,1,50,0,0,0,0,0,0,0,0,0,0,0,0,0,0,0,0,0,0,0,0,0,0,0,0,0,0,0,0,0,0,0
40,4,51,0,0,0,0,0,0,0,0,0,0,0,0,0,0,0,0,0,0,0,0,0,0,0,0,0,0,0,0,0,0,0
40,2,49,0,0,0,0,0,0,0,0,0,0,0,0,0,0,0,0,0,0,0,0,0,0,0,0,0,0,0,0,0,0,0
41,3,51,0,0,0,0,0,0,0,0,0,0,0,0,0,0,0,0,0,0,0,0,0,0,0,0,0,0,0,0,0,0,0
41,1,50,0,0,0,0,0,0,0,0,0,0,0,0,0,0,0,0,0,0,0,0,0,0,0,0,0,0,0,0,0,0,0
41,4,52,0,0,0,0,0,0,0,0,0,0,0,0,0,0,0,0,0,0,0,0,0,0,0,0,0,0,0,0,0,0,0
41,2,49,0,0,0,0,0,0,0,0,0,0,0,0,0,0,0,0,0,0,0,0,0,0,0,0,0,0,0,0,0,0,0
42,3,51,0,0,0,0,0,0,0,0,0,0,0,0,0,0,0,0,0,0,0,0,0,0,0,0,0,0,0,0,0,0,0
42,1,50,0,0,0,0,0,0,0,0,0,0,0,0,0,0,0,0,0,0,0,0,0,0,0,0,0,0,0,0,0,0,0
42,4,52,0,0,0,0,0,0,0,0,0,0,0,0,0,0,0,0,0,0,0,0,0,0,0,0,0,0,0,0,0,0,0
42,2,49,0,0,0,0,0,0,0,0,0,0,0,0,0,0,0,0,0,0,0,0,0,0,0,0,0,0,0,0,0,0,0
43,3,51,0,0,0,0,0,0,0,0,0,0,0,0,0,0,0,0,0,0,0,0,0,0,0,0,0,0,0,0,0,0,0
43,1,50,0,0,0,0,0,0,0,0,0,0,0,0,0,0,0,0,0,0,0,0,0,0,0,0,0,0,0,0,0,0,0
43,4,52,0,0,0,0,0,0,0,0,0,0,0,0,0,0,0,0,0,0,0,0,0,0,0,0,0,0,0,0,0,0,0
43,2,49,0,0,0,0,0,0,0,0,0,0,0,0,0,0,0,0,0,0,0,0,0,0,0,0,0,0,0,0,0,0,0
44,3,51,0,0,0,0,0,0,0,0,0,0,0,0,0,0,0,0,0,0,0,0,0,0,0,0,0,0,0,0,0,0,0
44,1,50,0,0,0,0,0,0,0,0,0,0,0,0,0,0,0,0,0,0,0,0,0,0,0,0,0,0,0,0,0,0,0
44,4,52,0,0,0,0,0,0,0,0,0,0,0,0,0,0,0,0,0,0,0,0,0,0,0,0,0,0,0,0,0,0,0
44,2,49,0,0,0,0,0,0,0,0,0,0,0,0,0,0,0,0,0,0,0,0,0,0,0,0,0,0,0,0,0,0,0
45,3,51,0,0,0,0,0,0,0,0,0,0,0,0,0,0,0,0,0,0,0,0,0,0,0,0,0,0,0,0,0,0,0
45,1,50,0,0,0,0,0,0,0,0,0,0,0,0,0,0,0,0,0,0,0,0,0,0,0,0,0,0,0,0,0,0,0
45,4,52,0,0,0,0,0,0,0,0,0,0,0,0,0,0,0,0,0,0,0,0,0,0,0,0,0,0,0,0,0,0,0
45,2,49,0,0,0,0,0,0,0,0,0,0,0,0,0,0,0,0,0,0,0,0,0,0,0,0,0,0,0,0,0,0,0
46,3,51,0,0,0,0,0,0,0,0,0,0,0,0,0,0,0,0,0,0,0,0,0,0,0,0,0,0,0,0,0,0,0
46,1,50,0,0,0,0,0,0,0,0,0,0,0,0,0,0,0,0,0,0,0,0,0,0,0,0,0,0,0,0,0,0,0
46,4,52,0,0,0,0,0,0,0,0,0,0,0,0,0,0,0,0,0,0,0,0,0,0,0,0,0,0,0,0,0,0,0
46,2,49,0,0,0,0,0,0,0,0,0,0,0,0,0,0,0,0,0,0,0,0,0,0,0,0,0,0,0,0,0,0,0
47,3,51,0,0,0,0,0,0,0,0,0,0,0,0,0,0,0,0,0,0,0,0,0,0,0,0,0,0,0,0,0,0,0
47,1,50,0,0,0,0,0,0,0,0,0,0,0,0,0,0,0,0,0,0,0,0,0,0,0,0,0,0,0,0,0,0,0
47,4,52,0,0,0,0,0,0,0,0,0,0,0,0,0,0,0,0,0,0,0,0,0,0,0,0,0,0,0,0,0,0,0
47,2,49,0,0,0,0,0,0,0,0,0,0,0,0,0,0,0,0,0,0,0,0,0,0,0,0,0,0,0,0,0,0,0
48,3,51,0,0,0,0,0,0,0,0,0,0,0,0,0,0,0,0,0,0,0,0,0,0,0,0,0,0,0,0,0,0,0
48,1,50,0,0,0,0,0,0,0,0,0,0,0,0,0,0,0,0,0,0,0,0,0,0,0,0,0,0,0,0,0,0,0
48,4,52,0,0,0,0,0,0,0,0,0,0,0,0,0,0,0,0,0,0,0,0,0,0,0,0,0,0,0,0,0,0,0
48,2,49,0,0,0,0,0,0,0,0,0,0,0,0,0,0,0,0,0,0,0,0,0,0,0,0,0,0,0,0,0,0,0
49,3,51,0,0,0,0,0,0,0,0,0,0,0,0,0,0,0,0,0,0,0,0,0,0,0,0,0,0,0,0,0,0,0
49,1,50,0,0,0,0,0,0,0,0,0,0,0,0,0,0,0,0,0,0,0,0,0,0,0,0,0,0,0,0,0,0,0
49,4,52,0,0,0,0,0,0,0,0,0,0,0,0,0,0,0,0,0,0,0,0,0,0,0,0,0,0,0,0,0,0,0
49,2,49,0,0,0,0,0,0,0,0,0,0,0,0,0,0,0,0,0,0,0,0,0,0,0,0,0,0,0,0,0,0,0
50,3,51,0,0,0,0,0,0,0,0,0,0,0,0,0,0,0,0,0,0,0,0,0,0,0,0,0,0,0,0,0,0,0
50,1,50,0,0,0,0,0,0,0,0,0,0,0,0,0,0,0,0,0,0,0,0,0,0,0,0,0,0,0,0,0,0,0
50,4,52,0,0,0,0,0,0,0,0,0,0,0,0,0,0,0,0,0,0,0,0,0,0,0,0,0,0,0,0,0,0,0
50,2,49,0,0,0,0,0,0,0,0,0,0,0,0,0,0,0,0,0,0,0,0,0,0,0,0,0,0,0,0,0,0,0
51,3,51,0,0,0,0,0,0,0,0,0,0,0,0,0,0,0,0,0,0,0,0,0,0,0,0,0,0,0,0,0,0,0
51,1,50,0,0,0,0,0,0,0,0,0,0,0,0,0,0,0,0,0,0,0,0,0,0,0,0,0,0,0,0,0,0,0
51,4,52,0,0,0,0,0,0,0,0,0,0,0,0,0,0,0,0,0,0,0,0,0,0,0,0,0,0,0,0,0,0,0
51,2,49,0,0,0,0,0,0,0,0,0,0,0,0,0,0,0,0,0,0,0,0,0,0,0,0,0,0,0,0,0,0,0
52,3,51,0,0,0,0,0,0,0,0,0,0,0,0,0,0,0,0,0,0,0,0,0,0,0,0,0,0,0,0,0,0,0
52,1,50,0,0,0,0,0,0,0,0,0,0,0,0,0,0,0,0,0,0,0,0,0,0,0,0,0,0,0,0,0,0,0
52,4,52,0,0,0,0,0,0,0,0,0,0,0,0,0,0,0,0,0,0,0,0,0,0,0,0,0,0,0,0,0,0,0
52,2,49,0,0,0,0,0,0,0,0,0,0,0,0,0,0,0,0,0,0,0,0,0,0,0,0,0,0,0,0,0,0,0
53,3,51,0,0,0,0,0,0,0,0,0,0,0,0,0,0,0,0,0,0,0,0,0,0,0,0,0,0,0,0,0,0,0
53,1,50,0,0,0,0,0,0,0,0,0,0,0,0,0,0,0,0,0,0,0,0,0,0,0,0,0,0,0,0,0,0,0
53,4,52,0,0,0,0,0,0,0,0,0,0,0,0,0,0,0,0,0,0,0,0,0,0,0,0,0,0,0,0,0,0,0
53,2,49,0,0,0,0,0,0,0,0,0,0,0,0,0,0,0,0,0,0,0,0,0,0,0,0,0,0,0,0,0,0,0
54,3,51,0,0,0,0,0,0,0,0,0,0,0,0,0,0,0,0,0,0,0,0,0,0,0,0,0,0,0,0,0,0,0
54,1,50,0,0,0,0,0,0,0,0,0,0,0,0,0,0,0,0,0,0,0,0,0,0,0,0,0,0,0,0,0,0,0
54,4,52,0,0,0,0,0,0,0,0,0,0,0,0,0,0,0,0,0,0,0,0,0,0,0,0,0,0,0,0,0,0,0
54,2,49,0,0,0,0,0,0,0,0,0,0,0,0,0,0,0,0,0,0,0,0,0,0,0,0,0,0,0,0,0,0,0
55,3,51,0,0,0,0,0,0,0,0,0,0,0,0,0,0,0,0,0,0,0,0,0,0,0,0,0,0,0,0,0,0,0
55,1,50,0,0,0,0,0,0,0,0,0,0,0,0,0,0,0,0,0,0,0,0,0,0,0,0,0,0,0,0,0,0,0
55,4,52,0,0,0,0,0,0,0,0,0,0,0,0,0,0,0,0,0,0,0,0,0,0,0,0,0,0,0,0,0,0,0
55,2,49,0,0,0,0,0,0,0,0,0,0,0,0,0,0,0,0,0,0,0,0,0,0,0,0,0,0,0,0,0,0,0
56,3,51,0,0,0,0,0,0,0,0,0,0,0,0,0,0,0,0,0,0,0,0,0,0,0,0,0,0,0,0,0,0,0
56,1,50,0,0,0,0,0,0,0,0,0,0,0,0,0,0,0,0,0,0,0,0,0,0,0,0,0,0,0,0,0,0,0
56,4,52,0,0,0,0,0,0,0,0,0,0,0,0,0,0,0,0,0,0,0,0,0,0,0,0,0,0,0,0,0,0,0
56,2,49,0,0,0,0,0,0,0,0,0,0,0,0,0,0,0,0,0,0,0,0,0,0,0,0,0,0,0,0,0,0,0
57,3,51,0,0,0,0,0,0,0,0,0,0,0,0,0,0,0,0,0,0,0,0,0,0,0,0,0,0,0,0,0,0,0
57,1,50,0,0,0,0,0,0,0,0,0,0,0,0,0,0,0,0,0,0,0,0,0,0,0,0,0,0,0,0,0,0,0
57,4,52,0,0,0,0,0,0,0,0,0,0,0,0,0,0,0,0,0,0,0,0,0,0,0,0,0,0,0,0,0,0,0
57,2,49,0,0,0,0,0,0,0,0,0,0,0,0,0,0,0,0,0,0,0,0,0,0,0,0,0,0,0,0,0,0,0
58,3,51,0,0,0,0,0,0,0,0,0,0,0,0,0,0,0,0,0,0,0,0,0,0,0,0,0,0,0,0,0,0,0
58,1,50,0,0,0,0,0,0,0,0,0,0,0,0,0,0,0,0,0,0,0,0,0,0,0,0,0,0,0,0,0,0,0
58,4,52,0,0,0,0,0,0,0,0,0,0,0,0,0,0,0,0,0,0,0,0,0,0,0,0,0,0,0,0,0,0,0
58,2,49,0,0,0,0,0,0,0,0,0,0,0,0,0,0,0,0,0,0,0,0,0,0,0,0,0,0,0,0,0,0,0
59,3,51,0,0,0,0,0,0,0,0,0,0,0,0,0,0,0,0,0,0,0,0,0,0,0,0,0,0,0,0,0,0,0
59,1,50,0,0,0,0,0,0,0,0,0,0,0,0,0,0,0,0,0,0,0,0,0,0,0,0,0,0,0,0,0,0,0
59,4,52,0,0,0,0,0,0,0,0,0,0,0,0,0,0,0,0,0,0,0,0,0,0,0,0,0,0,0,0,0,0,0
59,2,49,0,0,0,0,0,0,0,0,0,0,0,0,0,0,0,0,0,0,0,0,0,0,0,0,0,0,0,0,0,0,0
60,3,51,0,0,0,0,0,0,0,0,0,0,0,0,0,0,0,0,0,0,0,0,0,0,0,0,0,0,0,0,0,0,0
60,1,50,0,0,0,0,0,0,0,0,0,0,0,0,0,0,0,0,0,0,0,0,0,0,0,0,0,0,0,0,0,0,0
60,4,52,0,0,0,0,0,0,0,0,0,0,0,0,0,0,0,0,0,0,0,0,0,0,0,0,0,0,0,0,0,0,0
60,2,49,0,0,0,0,0,0,0,0,0,0,0,0,0,0,0,0,0,0,0,0,0,0,0,0,0,0,0,0,0,0,0
61,3,51,0,0,0,0,0,0,0,0,0,0,0,0,0,0,0,0,0,0,0,0,0,0,0,0,0,0,0,0,0,0,0
61,1,50,0,0,0,0,0,0,0,0,0,0,0,0,0,0,0,0,0,0,0,0,0,0,0,0,0,0,0,0,0,0,0
61,4,52,0,0,0,0,0,0,0,0,0,0,0,0,0,0,0,0,0,0,0,0,0,0,0,0,0,0,0,0,0,0,0
61,2,49,0,0,0,0,0,0,0,0,0,0,0,0,0,0,0,0,0,0,0,0,0,0,0,0,0,0,0,0,0,0,0
62,3,51,0,0,0,0,0,0,0,0,0,0,0,0,0,0,0,0,0,0,0,0,0,0,0,0,0,0,0,0,0,0,0
62,1,50,0,0,0,0,0,0,0,0,0,0,0,0,0,0,0,0,0,0,0,0,0,0,0,0,0,0,0,0,0,0,0
62,4,52,0,0,0,0,0,0,0,0,0,0,0,0,0,0,0,0,0,0,0,0,0,0,0,0,0,0,0,0,0,0,0
62,2,49,0,0,0,0,0,0,0,0,0,0,0,0,0,0,0,0,0,0,0,0,0,0,0,0,0,0,0,0,0,0,0
63,3,51,0,0,0,0,0,0,0,0,0,0,0,0,0,0,0,0,0,0,0,0,0,0,0,0,0,0,0,0,0,0,0
63,1,50,0,0,0,0,0,0,0,0,0,0,0,0,0,0,0,0,0,0,0,0,0,0,0,0,0,0,0,0,0,0,0
63,4,52,0,0,0,0,0,0,0,0,0,0,0,0,0,0,0,0,0,0,0,0,0,0,0,0,0,0,0,0,0,0,0
63,2,49,0,0,0,0,0,0,0,0,0,0,0,0,0,0,0,0,0,0,0,0,0,0,0,0,0,0,0,0,0,0,0
64,3,51,0,0,0,0,0,0,0,0,0,0,0,0,0,0,0,0,0,0,0,0,0,0,0,0,0,0,0,0,0,0,0
64,1,50,0,0,0,0,0,0,0,0,0,0,0,0,0,0,0,0,0,0,0,0,0,0,0,0,0,0,0,0,0,0,0
64,4,52,0,0,0,0,0,0,0,0,0,0,0,0,0,0,0,0,0,0,0,0,0,0,0,0,0,0,0,0,0,0,0
64,2,49,0,0,0,0,0,0,0,0,0,0,0,0,0,0,0,0,0,0,0,0,0,0,0,0,0,0,0,0,0,0,0
65,3,51,0,0,0,0,0,0,0,0,0,0,0,0,0,0,0,0,0,0,0,0,0,0,0,0,0,0,0,0,0,0,0
65,1,50,0,0,0,0,0,0,0,0,0,0,0,0,0,0,0,0,0,0,0,0,0,0,0,0,0,0,0,0,0,0,0
65,4,52,0,0,0,0,0,0,0,0,0,0,0,0,0,0,0,0,0,0,0,0,0,0,0,0,0,0,0,0,0,0,0
65,2,49,0,0,0,0,0,0,0,0,0,0,0,0,0,0,0,0,0,0,0,0,0,0,0,0,0,0,0,0,0,0,0
66,3,51,0,0,0,0,0,0,0,0,0,0,0,0,0,0,0,0,0,0,0,0,0,0,0,0,0,0,0,0,0,0,0
66,1,50,0,0,0,0,0,0,0,0,0,0,0,0,0,0,0,0,0,0,0,0,0,0,0,0,0,0,0,0,0,0,0
66,4,52,0,0,0,0,0,0,0,0,0,0,0,0,0,0,0,0,0,0,0,0,0,0,0,0,0,0,0,0,0,0,0
66,2,49,0,0,0,0,0,0,0,0,0,0,0,0,0,0,0,0,0,0,0,0,0,0,0,0,0,0,0,0,0,0,0
67,3,51,0,0,0,0,0,0,0,0,0,0,0,0,0,0,0,0,0,0,0,0,0,0,0,0,0,0,0,0,0,0,0
67,1,50,0,0,0,0,0,0,0,0,0,0,0,0,0,0,0,0,0,0,0,0,0,0,0,0,0,0,0,0,0,0,0
67,4,52,0,0,0,0,0,0,0,0,0,0,0,0,0,0,0,0,0,0,0,0,0,0,0,0,0,0,0,0,0,0,0
67,2,49,0,0,0,0,0,0,0,0,0,0,0,0,0,0,0,0,0,0,0,0,0,0,0,0,0,0,0,0,0,0,0
68,3,51,0,0,0,0,0,0,0,0,0,0,0,0,0,0,0,0,0,0,0,0,0,0,0,0,0,0,0,0,0,0,0
68,1,50,0,0,0,0,0,0,0,0,0,0,0,0,0,0,0,0,0,0,0,0,0,0,0,0,0,0,0,0,0,0,0
68,4,52,0,0,0,0,0,0,0,0,0,0,0,0,0,0,0,0,0,0,0,0,0,0,0,0,0,0,0,0,0,0,0
68,2,49,0,0,0,0,0,0,0,0,0,0,0,0,0,0,0,0,0,0,0,0,0,0,0,0,0,0,0,0,0,0,0
69,3,51,0,0,0,0,0,0,0,0,0,0,0,0,0,0,0,0,0,0,0,0,0,0,0,0,0,0,0,0,0,0,0
69,1,50,0,0,0,0,0,0,0,0,0,0,0,0,0,0,0,0,0,0,0,0,0,0,0,0,0,0,0,0,0,0,0
69,4,52,0,0,0,0,0,0,0,0,0,0,0,0,0,0,0,0,0,0,0,0,0,0,0,0,0,0,0,0,0,0,0
69,2,49,0,0,0,0,0,0,0,0,0,0,0,0,0,0,0,0,0,0,0,0,0,0,0,0,0,0,0,0,0,0,0
70,3,51,0,0,0,0,0,0,0,0,0,0,0,0,0,0,0,0,0,0,0,0,0,0,0,0,0,0,0,0,0,0,0
70,1,50,0,0,0,0,0,0,0,0,0,0,0,0,0,0,0,0,0,0,0,0,0,0,0,0,0,0,0,0,0,0,0
70,4,52,0,0,0,0,0,0,0,0,0,0,0,0,0,0,0,0,0,0,0,0,0,0,0,0,0,0,0,0,0,0,0
70,2,49,0,0,0,0,0,0,0,0,0,0,0,0,0,0,0,0,0,0,0,0,0,0,0,0,0,0,0,0,0,0,0
71,3,52,0,0,0,0,0,0,0,0,0,0,0,0,0,0,0,0,0,0,0,0,0,0,0,0,0,0,0,0,0,0,0
71,1,50,0,0,0,0,0,0,0,0,0,0,0,0,0,0,0,0,0,0,0,0,0,0,0,0,0,0,0,0,0,0,0
71,4,52,0,0,0,0,0,0,0,0,0,0,0,0,0,0,0,0,0,0,0,0,0,0,0,0,0,0,0,0,0,0,0
71,2,48,0,0,0,0,0,0,0,0,0,0,0,0,0,0,0,0,0,0,0,0,0,0,0,0,0,0,0,0,0,0,0
72,3,52,0,0,0,0,0,0,0,0,0,0,0,0,0,0,0,0,0,0,0,0,0,0,0,0,0,0,0,0,0,0,0
72,1,50,0,0,0,0,0,0,0,0,0,0,0,0,0,0,0,0,0,0,0,0,0,0,0,0,0,0,0,0,0,0,0
72,4,52,0,0,0,0,0,0,0,0,0,0,0,0,0,0,0,0,0,0,0,0,0,0,0,0,0,0,0,0,0,0,0
72,2,48,0,0,0,0,0,0,0,0,0,0,0,0,0,0,0,0,0,0,0,0,0,0,0,0,0,0,0,0,0,0,0
73,3,52,0,0,0,0,0,0,0,0,0,0,0,0,0,0,0,0,0,0,0,0,0,0,0,0,0,0,0,0,0,0,0
73,1,50,0,0,0,0,0,0,0,0,0,0,0,0,0,0,0,0,0,0,0,0,0,0,0,0,0,0,0,0,0,0,0
73,4,52,0,0,0,0,0,0,0,0,0,0,0,0,0,0,0,0,0,0,0,0,0,0,0,0,0,0,0,0,0,0,0
73,2,48,0,0,0,0,0,0,0,0,0,0,0,0,0,0,0,0,0,0,0,0,0,0,0,0,0,0,0,0,0,0,0
74,3,51,0,0,0,0,0,0,0,0,0,0,0,0,0,0,0,0,0,0,0,0,0,0,0,0,0,0,0,0,0,0,0
74,1,50,0,0,0,0,0,0,0,0,0,0,0,0,0,0,0,0,0,0,0,0,0,0,0,0,0,0,0,0,0,0,0
74,4,52,0,0,0,0,0,0,0,0,0,0,0,0,0,0,0,0,0,0,0,0,0,0,0,0,0,0,0,0,0,0,0
74,2,49,0,0,0,0,0,0,0,0,0,0,0,0,0,0,0,0,0,0,0,0,0,0,0,0,0,0,0,0,0,0,0
75,3,51,0,0,0,0,0,0,0,0,0,0,0,0,0,0,0,0,0,0,0,0,0,0,0,0,0,0,0,0,0,0,0
75,1,50,0,0,0,0,0,0,0,0,0,0,0,0,0,0,0,0,0,0,0,0,0,0,0,0,0,0,0,0,0,0,0
75,4,52,0,0,0,0,0,0,0,0,0,0,0,0,0,0,0,0,0,0,0,0,0,0,0,0,0,0,0,0,0,0,0
75,2,49,0,0,0,0,0,0,0,0,0,0,0,0,0,0,0,0,0,0,0,0,0,0,0,0,0,0,0,0,0,0,0
76,3,51,0,0,0,0,0,0,0,0,0,0,0,0,0,0,0,0,0,0,0,0,0,0,0,0,0,0,0,0,0,0,0
76,1,50,0,0,0,0,0,0,0,0,0,0,0,0,0,0,0,0,0,0,0,0,0,0,0,0,0,0,0,0,0,0,0
76,4,52,0,0,0,0,0,0,0,0,0,0,0,0,0,0,0,0,0,0,0,0,0,0,0,0,0,0,0,0,0,0,0
76,2,49,0,0,0,0,0,0,0,0,0,0,0,0,0,0,0,0,0,0,0,0,0,0,0,0,0,0,0,0,0,0,0
77,3,51,0,0,0,0,0,0,0,0,0,0,0,0,0,0,0,0,0,0,0,0,0,0,0,0,0,0,0,0,0,0,0
77,1,50,0,0,0,0,0,0,0,0,0,0,0,0,0,0,0,0,0,0,0,0,0,0,0,0,0,0,0,0,0,0,0
77,4,52,0,0,0,0,0,0,0,0,0,0,0,0,0,0,0,0,0,0,0,0,0,0,0,0,0,0,0,0,0,0,0
77,2,49,0,0,0,0,0,0,0,0,0,0,0,0,0,0,0,0,0,0,0,0,0,0,0,0,0,0,0,0,0,0,0
78,3,51,0,0,0,0,0,0,0,0,0,0,0,0,0,0,0,0,0,0,0,0,0,0,0,0,0,0,0,0,0,0,0
78,1,50,0,0,0,0,0,0,0,0,0,0,0,0,0,0,0,0,0,0,0,0,0,0,0,0,0,0,0,0,0,0,0
78,4,52,0,0,0,0,0,0,0,0,0,0,0,0,0,0,0,0,0,0,0,0,0,0,0,0,0,0,0,0,0,0,0
78,2,49,0,0,0,0,0,0,0,0,0,0,0,0,0,0,0,0,0,0,0,0,0,0,0,0,0,0,0,0,0,0,0
79,3,51,0,0,0,0,0,0,0,0,0,0,0,0,0,0,0,0,0,0,0,0,0,0,0,0,0,0,0,0,0,0,0
79,1,50,0,0,0,0,0,0,0,0,0,0,0,0,0,0,0,0,0,0,0,0,0,0,0,0,0,0,0,0,0,0,0
79,4,52,0,0,0,0,0,0,0,0,0,0,0,0,0,0,0,0,0,0,0,0,0,0,0,0,0,0,0,0,0,0,0
79,2,49,0,0,0,0,0,0,0,0,0,0,0,0,0,0,0,0,0,0,0,0,0,0,0,0,0,0,0,0,0,0,0
80,3,51,0,0,0,0,0,0,0,0,0,0,0,0,0,0,0,0,0,0,0,0,0,0,0,0,0,0,0,0,0,0,0
80,1,50,0,0,0,0,0,0,0,0,0,0,0,0,0,0,0,0,0,0,0,0,0,0,0,0,0,0,0,0,0,0,0
80,4,52,0,0,0,0,0,0,0,0,0,0,0,0,0,0,0,0,0,0,0,0,0,0,0,0,0,0,0,0,0,0,0
80,2,49,0,0,0,0,0,0,0,0,0,0,0,0,0,0,0,0,0,0,0,0,0,0,0,0,0,0,0,0,0,0,0
81,3,51,0,0,0,0,0,0,0,0,0,0,0,0,0,0,0,0,0,0,0,0,0,0,0,0,0,0,0,0,0,0,0
81,1,50,0,0,0,0,0,0,0,0,0,0,0,0,0,0,0,0,0,0,0,0,0,0,0,0,0,0,0,0,0,0,0
81,4,52,0,0,0,0,0,0,0,0,0,0,0,0,0,0,0,0,0,0,0,0,0,0,0,0,0,0,0,0,0,0,0
81,2,49,0,0,0,0,0,0,0,0,0,0,0,0,0,0,0,0,0,0,0,0,0,0,0,0,0,0,0,0,0,0,0
82,3,51,0,0,0,0,0,0,0,0,0,0,0,0,0,0,0,0,0,0,0,0,0,0,0,0,0,0,0,0,0,0,0
82,1,50,0,0,0,0,0,0,0,0,0,0,0,0,0,0,0,0,0,0,0,0,0,0,0,0,0,0,0,0,0,0,0
82,4,52,0,0,0,0,0,0,0,0,0,0,0,0,0,0,0,0,0,0,0,0,0,0,0,0,0,0,0,0,0,0,0
82,2,49,0,0,0,0,0,0,0,0,0,0,0,0,0,0,0,0,0,0,0,0,0,0,0,0,0,0,0,0,0,0,0
83,3,51,0,0,0,0,0,0,0,0,0,0,0,0,0,0,0,0,0,0,0,0,0,0,0,0,0,0,0,0,0,0,0
83,1,50,0,0,0,0,0,0,0,0,0,0,0,0,0,0,0,0,0,0,0,0,0,0,0,0,0,0,0,0,0,0,0
83,4,52,0,0,0,0,0,0,0,0,0,0,0,0,0,0,0,0,0,0,0,0,0,0,0,0,0,0,0,0,0,0,0
83,2,49,0,0,0,0,0,0,0,0,0,0,0,0,0,0,0,0,0,0,0,0,0,0,0,0,0,0,0,0,0,0,0
84,3,51,0,0,0,0,0,0,0,0,0,0,0,0,0,0,0,0,0,0,0,0,0,0,0,0,0,0,0,0,0,0,0
84,1,50,0,0,0,0,0,0,0,0,0,0,0,0,0,0,0,0,0,0,0,0,0,0,0,0,0,0,0,0,0,0,0
84,4,51,0,0,0,0,0,0,0,0,0,0,0,0,0,0,0,0,0,0,0,0,0,0,0,0,0,0,0,0,0,0,0
84,2,50,0,0,0,0,0,0,0,0,0,0,0,0,0,0,0,0,0,0,0,0,0,0,0,0,0,0,0,0,0,0,0
85,3,51,0,0,0,0,0,0,0,0,0,0,0,0,0,0,0,0,0,0,0,0,0,0,0,0,0,0,0,0,0,0,0
85,1,50,0,0,0,0,0,0,0,0,0,0,0,0,0,0,0,0,0,0,0,0,0,0,0,0,0,0,0,0,0,0,0
85,4,51,0,0,0,0,0,0,0,0,0,0,0,0,0,0,0,0,0,0,0,0,0,0,0,0,0,0,0,0,0,0,0
85,2,50,0,0,0,0,0,0,0,0,0,0,0,0,0,0,0,0,0,0,0,0,0,0,0,0,0,0,0,0,0,0,0
86,3,51,0,0,0,0,0,0,0,0,0,0,0,0,0,0,0,0,0,0,0,0,0,0,0,0,0,0,0,0,0,0,0
86,1,50,0,0,0,0,0,0,0,0,0,0,0,0,0,0,0,0,0,0,0,0,0,0,0,0,0,0,0,0,0,0,0
86,4,51,0,0,0,0,0,0,0,0,0,0,0,0,0,0,0,0,0,0,0,0,0,0,0,0,0,0,0,0,0,0,0
86,2,50,0,0,0,0,0,0,0,0,0,0,0,0,0,0,0,0,0,0,0,0,0,0,0,0,0,0,0,0,0,0,0
87,3,51,0,0,0,0,0,0,0,0,0,0,0,0,0,0,0,0,0,0,0,0,0,0,0,0,0,0,0,0,0,0,0
87,1,50,0,0,0,0,0,0,0,0,0,0,0,0,0,0,0,0,0,0,0,0,0,0,0,0,0,0,0,0,0,0,0
87,4,51,0,0,0,0,0,0,0,0,0,0,0,0,0,0,0,0,0,0,0,0,0,0,0,0,0,0,0,0,0,0,0
87,2,50,0,0,0,0,0,0,0,0,0,0,0,0,0,0,0,0,0,0,0,0,0,0,0,0,0,0,0,0,0,0,0
88,3,51,0,0,0,0,0,0,0,0,0,0,0,0,0,0,0,0,0,0,0,0,0,0,0,0,0,0,0,0,0,0,0
88,1,50,0,0,0,0,0,0,0,0,0,0,0,0,0,0,0,0,0,0,0,0,0,0,0,0,0,0,0,0,0,0,0
88,4,51,0,0,0,0,0,0,0,0,0,0,0,0,0,0,0,0,0,0,0,0,0,0,0,0,0,0,0,0,0,0,0
88,2,50,0,0,0,0,0,0,0,0,0,0,0,0,0,0,0,0,0,0,0,0,0,0,0,0,0,0,0,0,0,0,0
89,3,51,0,0,0,0,0,0,0,0,0,0,0,0,0,0,0,0,0,0,0,0,0,0,0,0,0,0,0,0,0,0,0
89,1,50,0,0,0,0,0,0,0,0,0,0,0,0,0,0,0,0,0,0,0,0,0,0,0,0,0,0,0,0,0,0,0
89,4,51,0,0,0,0,0,0,0,0,0,0,0,0,0,0,0,0,0,0,0,0,0,0,0,0,0,0,0,0,0,0,0
89,2,50,0,0,0,0,0,0,0,0,0,0,0,0,0,0,0,0,0,0,0,0,0,0,0,0,0,0,0,0,0,0,0
90,3,51,0,0,0,0,0,0,0,0,0,0,0,0,0,0,0,0,0,0,0,0,0,0,0,0,0,0,0,0,0,0,0
90,1,50,0,0,0,0,0,0,0,0,0,0,0,0,0,0,0,0,0,0,0,0,0,0,0,0,0,0,0,0,0,0,0
90,4,51,0,0,0,0,0,0,0,0,0,0,0,0,0,0,0,0,0,0,0,0,0,0,0,0,0,0,0,0,0,0,0
90,2,50,0,0,0,0,0,0,0,0,0,0,0,0,0,0,0,0,0,0,0,0,0,0,0,0,0,0,0,0,0,0,0
91,3,51,0,0,0,0,0,0,0,0,0,0,0,0,0,0,0,0,0,0,0,0,0,0,0,0,0,0,0,0,0,0,0
91,1,50,0,0,0,0,0,0,0,0,0,0,0,0,0,0,0,0,0,0,0,0,0,0,0,0,0,0,0,0,0,0,0
91,4,51,0,0,0,0,0,0,0,0,0,0,0,0,0,0,0,0,0,0,0,0,0,0,0,0,0,0,0,0,0,0,0
91,2,50,0,0,0,0,0,0,0,0,0,0,0,0,0,0,0,0,0,0,0,0,0,0,0,0,0,0,0,0,0,0,0
92,3,51,0,0,0,0,0,0,0,0,0,0,0,0,0,0,0,0,0,0,0,0,0,0,0,0,0,0,0,0,0,0,0
92,1,50,0,0,0,0,0,0,0,0,0,0,0,0,0,0,0,0,0,0,0,0,0,0,0,0,0,0,0,0,0,0,0
92,4,51,0,0,0,0,0,0,0,0,0,0,0,0,0,0,0,0,0,0,0,0,0,0,0,0,0,0,0,0,0,0,0
92,2,50,0,0,0,0,0,0,0,0,0,0,0,0,0,0,0,0,0,0,0,0,0,0,0,0,0,0,0,0,0,0,0
93,3,51,0,0,0,0,0,0,0,0,0,0,0,0,0,0,0,0,0,0,0,0,0,0,0,0,0,0,0,0,0,0,0
93,1,50,0,0,0,0,0,0,0,0,0,0,0,0,0,0,0,0,0,0,0,0,0,0,0,0,0,0,0,0,0,0,0
93,4,51,0,0,0,0,0,0,0,0,0,0,0,0,0,0,0,0,0,0,0,0,0,0,0,0,0,0,0,0,0,0,0
93,2,50,0,0,0,0,0,0,0,0,0,0,0,0,0,0,0,0,0,0,0,0,0,0,0,0,0,0,0,0,0,0,0
94,3,51,0,0,0,0,0,0,0,0,0,0,0,0,0,0,0,0,0,0,0,0,0,0,0,0,0,0,0,0,0,0,0
94,1,50,0,0,0,0,0,0,0,0,0,0,0,0,0,0,0,0,0,0,0,0,0,0,0,0,0,0,0,0,0,0,0
94,4,51,0,0,0,0,0,0,0,0,0,0,0,0,0,0,0,0,0,0,0,0,0,0,0,0,0,0,0,0,0,0,0
94,2,50,0,0,0,0,0,0,0,0,0,0,0,0,0,0,0,0,0,0,0,0,0,0,0,0,0,0,0,0,0,0,0
95,3,51,0,0,0,0,0,0,0,0,0,0,0,0,0,0,0,0,0,0,0,0,0,0,0,0,0,0,0,0,0,0,0
95,1,50,0,0,0,0,0,0,0,0,0,0,0,0,0,0,0,0,0,0,0,0,0,0,0,0,0,0,0,0,0,0,0
95,4,51,0,0,0,0,0,0,0,0,0,0,0,0,0,0,0,0,0,0,0,0,0,0,0,0,0,0,0,0,0,0,0
95,2,50,0,0,0,0,0,0,0,0,0,0,0,0,0,0,0,0,0,0,0,0,0,0,0,0,0,0,0,0,0,0,0
96,3,51,0,0,0,0,0,0,0,0,0,0,0,0,0,0,0,0,0,0,0,0,0,0,0,0,0,0,0,0,0,0,0
96,1,50,0,0,0,0,0,0,0,0,0,0,0,0,0,0,0,0,0,0,0,0,0,0,0,0,0,0,0,0,0,0,0
96,4,51,0,0,0,0,0,0,0,0,0,0,0,0,0,0,0,0,0,0,0,0,0,0,0,0,0,0,0,0,0,0,0
96,2,50,0,0,0,0,0,0,0,0,0,0,0,0,0,0,0,0,0,0,0,0,0,0,0,0,0,0,0,0,0,0,0
97,3,51,0,0,0,0,0,0,0,0,0,0,0,0,0,0,0,0,0,0,0,0,0,0,0,0,0,0,0,0,0,0,0
97,1,50,0,0,0,0,0,0,0,0,0,0,0,0,0,0,0,0,0,0,0,0,0,0,0,0,0,0,0,0,0,0,0
97,4,51,0,0,0,0,0,0,0,0,0,0,0,0,0,0,0,0,0,0,0,0,0,0,0,0,0,0,0,0,0,0,0
97,2,50,0,0,0,0,0,0,0,0,0,0,0,0,0,0,0,0,0,0,0,0,0,0,0,0,0,0,0,0,0,0,0
98,3,51,0,0,0,0,0,0,0,0,0,0,0,0,0,0,0,0,0,0,0,0,0,0,0,0,0,0,0,0,0,0,0
98,1,50,0,0,0,0,0,0,0,0,0,0,0,0,0,0,0,0,0,0,0,0,0,0,0,0,0,0,0,0,0,0,0
98,4,51,0,0,0,0,0,0,0,0,0,0,0,0,0,0,0,0,0,0,0,0,0,0,0,0,0,0,0,0,0,0,0
98,2,50,0,0,0,0,0,0,0,0,0,0,0,0,0,0,0,0,0,0,0,0,0,0,0,0,0,0,0,0,0,0,0
99,3,51,0,0,0,0,0,0,0,0,0,0,0,0,0,0,0,0,0,0,0,0,0,0,0,0,0,0,0,0,0,0,0
99,1,50,0,0,0,0,0,0,0,0,0,0,0,0,0,0,0,0,0,0,0,0,0,0,0,0,0,0,0,0,0,0,0
99,4,51,0,0,0,0,0,0,0,0,0,0,0,0,0,0,0,0,0,0,0,0,0,0,0,0,0,0,0,0,0,0,0
99,2,50,0,0,0,0,0,0,0,0,0,0,0,0,0,0,0,0,0,0,0,0,0,0,0,0,0,0,0,0,0,0,0
100,3,51,0,0,0,0,0,0,0,0,0,0,0,0,0,0,0,0,0,0,0,10,19,0.526316,0,0,0,0,0,0,0,0,0
100,1,50,8,0,0,0,0,1.25,0,0,0,0,10,2,10,2,10,2,10,0,0,10,19,0.526316,5,0,0,5,0,5,5,5,5
100,4,51,0,0,0,0,0,0,0,0,0,0,0,0,0,0,0,0,0,0,0,0,0,0,0,0,0,0,0,0,0,0,0
100,2,50,0,0,0,0,0,0,0,0,0,0,0,0,0,0,0,0,0,0,0,0,0,0,0,0,0,0,0,0,0,0,0
101,3,51,0,0,0,0,0,0,0,0,0,0,10,2,10,2,0,0,0,0,0,10,19,0.526316,0,0,0,0,0,0,0,0,0
101,1,50,8,0,0,0,0,1.25,0,0,0,0,10,2,10,2,10,2,10,0,0,10,19,0.526316,5,0,0,5,0,5,5,5,5
101,4,51,0,0,0,0,0,0,0,0,0,0,0,0,0,0,0,0,0,0,0,0,0,0,0,0,0,0,0,0,0,0,0
101,2,50,0,0,0,0,0,0,0,0,0,0,0,0,0,0,0,0,0,0,0,0,0,0,0,0,0,0,0,0,0,0,0
102,3,51,0,0,0,0,0,0,0,0,0,0,10,2,10,2,0,0,0,0,0,10,19,0.526316,0,0,0,0,0,0,0,0,0
102,1,50,8,0,0,0,0,1.25,0,0,0,0,10,2,10,2,10,2,10,0,0,10,19,0.526316,5,0,0,5,0,5,5,5,5
102,4,51,0,0,0,0,0,0,0,0,0,0,0,0,0,0,0,0,0,0,0,0,0,0,0,0,0,0,0,0,0,0,0
102,2,50,0,0,0,0,0,0,0,0,0,0,0,0,0,0,0,0,0,0,0,0,0,0,0,0,0,0,0,0,0,0,0
103,3,51,0,0,0,0,0,0,0,0,0,0,10,2,10,2,0,0,0,0,0,10,19,0.526316,0,0,0,0,0,0,0,0,0
103,1,50,8,0,0,0,0,1.25,0,0,0,0,10,2,10,2,10,2,10,0,0,10,19,0.526316,5,0,0,5,0,5,5,5,5
103,4,51,0,0,0,0,0,0,0,0,0,0,0,0,0,0,0,0,0,0,0,0,0,0,0,0,0,0,0,0,0,0,0
103,2,50,0,0,0,0,0,0,0,0,0,0,0,0,0,0,0,0,0,0,0,0,0,0,0,0,0,0,0,0,0,0,0
104,3,51,0,0,0,0,0,0,0,0,0,0,10,2,10,2,0,0,0,0,0,10,19,0.526316,0,0,0,0,0,0,0,0,0
104,1,50,8,0,0,0,0,1.25,0,0,0,0,10,2,10,2,10,2,10,0,0,10,19,0.526316,5,0,0,5,0,5,5,5,5
104,4,51,0,0,0,0,0,0,0,0,0,0,0,0,0,0,0,0,0,0,0,0,0,0,0,0,0,0,0,0,0,0,0
104,2,50,0,0,0,0,0,0,0,0,0,0,0,0,0,0,0,0,0,0,0,0,0,0,0,0,0,0,0,0,0,0,0
105,3,51,0,0,0,0,0,0,0,0,0,0,10,2,10,2,0,0,0,0,0,10,19,0.526316,0,0,0,0,0,0,0,0,0
105,1,50,8,0,0,0,0,1.25,0,0,0,0,10,2,10,2,10,2,10,0,0,10,19,0.526316,5,0,0,5,0,5,5,5,5
105,4,51,0,0,0,0,0,0,0,0,0,0,0,0,0,0,0,0,0,0,0,0,0,0,0,0,0,0,0,0,0,0,0
105,2,50,0,0,0,0,0,0,0,0,0,0,0,0,0,0,0,0,0,0,0,0,0,0,0,0,0,0,0,0,0,0,0
106,3,51,0,0,0,0,0,0,0,0,0,0,10,2,10,2,0,0,0,0,0,10,19,0.526316,0,0,0,0,0,0,0,0,0
106,1,50,8,0,0.00166576,0,0.002,1.25,0,0,0,0,10,2,10,2,10,2,10,0,0,10,19,0.526316,5,0,0,5,0,5,5,5,5
106,4,51,0,0,0,0,0,0,0,0,0,0,0,0,0,0,0,0,0,0,0,0,0,0,0,0,0,0,0,0,0,0,0
106,2,50,0,0,0,0,0,0,0,0,0,0,0,0,0,0,0,0,0,0,0,0,0,0,0,0,0,0,0,0,0,0,0
107,3,51,0,0,0,0,0,0,0,0,0,0,10,2,10,2,0,0,0,0,0,10,19,0.526316,0,0,0,0,0,0,0,0,0
107,1,50,8,0,0.00166541,0,0.002,1.25,0,0,0,0,10,2,10,2,10,2,10,0,0,10,19,0.526316,5,0,0,5,0,5,5,5,5
107,4,51,0,0,0,0,0,0,0,0,0,0,0,0,0,0,0,0,0,0,0,0,0,0,0,0,0,0,0,0,0,0,0
107,2,50,0,0,0,0,0,0,0,0,0,0,0,0,0,0,0,0,0,0,0,0,0,0,0,0,0,0,0,0,0,0,0
108,3,51,0,0,0,0,0,0,0,0,0,0,10,2,10,2,0,0,0,0,0,10,19,0.526316,0,0,0,0,0,0,0,0,0
108,1,50,8,0,0.0264439,0,0.002,1.25,0,0,0,0,10,2,10,2,10,2,10,0,0,10,19,0.526316,5,0,0,5,0,5,5,5,5
108,4,51,0,0,0,0,0,0,0,0,0,0,0,0,0,0,0,0,0,0,0,0,0,0,0,0,0,0,0,0,0,0,0
108,2,50,0,0,0,0,0,0,0,0,0,0,0,0,0,0,0,0,0,0,0,0,0,0,0,0,0,0,0,0,0,0,0
109,3,51,0,0,0,0,0,0,0,0,0,0,10,2,10,2,0,0,0,0,0,10,19,0.526316,0,0,0,0,0,0,0,0,0
109,1,50,8,0,0.0264383,0,0.002,1.25,0,0,0,0,10,2,10,2,10,2,10,0,0,10,19,0.526316,5,0,0,5,0,5,5,5,5
109,4,51,0,0,0,0,0,0,0,0,0,0,0,0,0,0,0,0,0,0,0,0,0,0,0,0,0,0,0,0,0,0,0
109,2,50,0,0,0,0,0,0,0,0,0,0,0,0,0,0,0,0,0,0,0,0,0,0,0,0,0,0,0,0,0,0,0
110,3,51,0,0,0,0,0,0,0,0,0,0,10,2,10,2,0,0,0,0,0,10,19,0.526316,0,0,0,0,0,0,0,0,0
110,1,50,8,0,0.411399,0,0.002,1.25,0,0,0,0,10,2,10,2,10,2,10,0,0,10,19,0.526316,5,0,0,5,0,5,5,5,5
110,4,51,0,0,0,0,0,0,0,0,0,0,0,0,0,0,0,0,0,0,0,0,0,0,0,0,0,0,0,0,0,0,0
110,2,50,0,0,0,0,0,0,0,0,0,0,0,0,0,0,0,0,0,0,0,0,0,0,0,0,0,0,0,0,0,0,0
111,3,51,0,0,0,0,0,0,0,0,0,0,10,2,10,2,0,0,0,0,0,10,19,0.526316,0,0,0,0,0,0,0,0,0
111,1,50,8,0,0.411313,0,0.002,1.25,0,0,0,0,10,2,10,2,10,2,10,0,0,10,19,0.526316,5,0,0,5,0,5,5,5,5
111,4,51,0,0,0,0,0,0,0,0,0,0,0,0,0,0,0,0,0,0,0,0,0,0,0,0,0,0,0,0,0,0,0
111,2,50,0,0,0,0,0,0,0,0,0,0,0,0,0,0,0,0,0,0,0,0,0,0,0,0,0,0,0,0,0,0,0
112,3,51,0,0,0,0,0,0,0,0,0,0,10,2,10,2,0,0,0,0,0,10,19,0.526316,0,0,0,0,0,0,0,0,0
112,1,50,8,0,6.40029,0,0.002,1.25,0,0,0,0,10,2,10,2,10,2,10,0,0,10,19,0.526316,5,0,0,5,0,5,5,5,5
112,4,51,0,0,0,0,0,0,0,0,0,0,0,0,0,0,0,0,0,0,0,0,0,0,0,0,0,0,0,0,0,0,0
112,2,50,0,0,0,0,0,0,0,0,0,0,0,0,0,0,0,0,0,0,0,0,0,0,0,0,0,0,0,0,0,0,0
113,3,51,0,0,0,0,0,0,0,0,0,0,10,2,10,2,0,0,0,0,0,10,19,0.526316,0,0,0,0,0,0,0,0,0
113,1,50,8,0,6.39895,0,0.002,1.25,0,0,0,0,10,2,10,2,10,2,10,0,0,10,19,0.526316,5,0,0,5,0,5,5,5,5
113,4,51,0,0,0,0,0,0,0,0,0,0,0,0,0,0,0,0,0,0,0,0,0,0,0,0,0,0,0,0,0,0,0
113,2,50,0,0,0,0,0,0,0,0,0,0,0,0,0,0,0,0,0,0,0,0,0,0,0,0,0,0,0,0,0,0,0
114,3,51,0,0,0,0,0,0,0,0,0,0,10,2,10,2,0,0,0,0,0,10,19,0.526316,0,0,0,0,0,0,0,0,0
114,1,50,8,0,99.5713,0,0.002,1.25,0,0,1,1,10,2,10,2,10,2,10,0,0,10,19,0.526316,5,0,0,5,0,5,5,5,5
114,4,51,0,0,0,0,0,0,0,0,0,0,0,0,0,0,0,0,0,0,0,0,0,0,0,0,0,0,0,0,0,0,0
114,2,50,0,0,0,0,0,0,0,0,0,0,0,0,0,0,0,0,0,0,0,0,0,0,0,0,0,0,0,0,0,0,0
115,3,51,0,0,0,0,0,0,0,0,0,0,10,2,10,2,0,0,0,0,0,10,19,0.526316,0,0,0,0,0,0,0,0,0
115,1,50,8,0,97.4379,0,0.002,1.25,0,0,3,3,10,2,10,2,10,2,10,0,0,10,19,0.526316,5,0,0,5,0,5,5,5,5
115,4,51,0,0,0,0,0,0,0,0,0,0,0,0,0,0,0,0,0,0,0,0,0,0,0,0,0,0,0,0,0,0,0
115,2,50,0,0,0,0,0,0,0,0,0,0,0,0,0,0,0,0,0,0,0,0,0,0,0,0,0,0,0,0,0,0,0
116,3,51,0,0,0,0,0,0,0,0,0,0,10,2,10,2,0,0,0,0,0,10,19,0.526316,0,0,0,0,0,0,0,0,0
116,1,50,8,0,1427.94,0,0.002,1.25,0,0,8,8,10,2,10,2,10,2,10,0,0,10,19,0.526316,5,0,0,5,0,5,5,5,5
116,4,51,0,0,0,0,0,0,0,0,0,0,0,0,0,0,0,0,0,0,0,0,0,0,0,0,0,0,0,0,0,0,0
116,2,50,0,0,0,0,0,0,0,0,0,0,0,0,0,0,0,0,0,0,0,0,0,0,0,0,0,0,0,0,0,0,0
117,3,51,0,0,0,0,0,0,0,0,0,0,10,2,10,2,0,0,0,0,0,10,19,0.526316,0,0,0,0,0,0,0,0,0
117,1,50,8,0,1078.92,0,0.002,1.25,0,0,8,8,10,2,10,2,10,2,10,0,0,10,19,0.526316,5,0,0,5,0,5,5,5,5
117,4,51,0,0,0,0,0,0,0,0,0,0,0,0,0,0,0,0,0,0,0,0,0,0,0,0,0,0,0,0,0,0,0
117,2,50,0,0,0,0,0,0,0,0,0,0,0,0,0,0,0,0,0,0,0,0,0,0,0,0,0,0,0,0,0,0,0
118,3,51,0,0,0,0,0,0,0,0,0,0,10,2,10,2,0,0,0,0,0,10,19,0.526316,0,0,0,0,0,0,0,0,0
118,1,50,8,0,9022.22,0,0.002,1.25,0,0,8,8,10,2,10,2,10,2,10,0,0,10,19,0.526316,5,0,0,5,0,5,5,5,5
118,4,51,0,0,0,0,0,0,0,0,0,0,0,0,0,0,0,0,0,0,0,0,0,0,0,0,0,0,0,0,0,0,0
118,2,50,0,0,0,0,0,0,0,0,0,0,0,0,0,0,0,0,0,0,0,0,0,0,0,0,0,0,0,0,0,0,0
119,3,51,0,0,0,0,0,0,0,0,0,0,10,2,10,2,0,0,0,0,0,10,19,0.526316,0,0,0,0,0,0,0,0,0
119,1,50,8,0,4163.01,0,0.002,1.25,0,0,7,8,10,2,10,2,10,2,10,0,0,10,19,0.526316,5,0,0,5,0,5,5,5,5
119,4,51,0,0,0,0,0,0,0,0,0,0,0,0,0,0,0,0,0,0,0,0,0,0,0,0,0,0,0,0,0,0,0
119,2,50,0,0,0,0,0,0,0,0,0,0,0,0,0,0,0,0,0,0,0,0,0,0,0,0,0,0,0,0,0,0,0
120,3,51,0,0,0,0,0,0,0,0,0,0,10,2,10,2,0,0,0,0,0,10,19,0.526316,0,0,0,0,0,0,0,0,0
120,1,50,8,0,27055.7,0,0.002,1.25,0,0,8,8,10,2,10,2,10,2,10,0,0,10,19,0.526316,5,0,0,5,0,5,5,5,5
120,4,51,0,0,0,0,0,0,0,0,0,0,0,0,0,0,0,0,0,0,0,0,0,0,0,0,0,0,0,0,0,0,0
120,2,50,0,0,0,0,0,0,0,0,0,0,0,0,0,0,0,0,0,0,0,0,0,0,0,0,0,0,0,0,0,0,0
121,3,51,0,0,0,0,0,0,0,0,0,0,10,2,10,2,0,0,0,0,0,10,19,0.526316,0,0,0,0,0,0,0,0,0
121,1,50,8,6.68477e-06,8316.41,0.00837636,0.002,1.25,0,0,0,8,10,2,10,2,10,2,10,0,0,10,19,0.526316,5,0,0,5,0,5,5,5,5
121,4,51,0,0,0,0,0,0,0,0,0,0,0,0,0,0,0,0,0,0,0,0,0,0,0,0,0,0,0,0,0,0,0
121,2,50,0,0,0,0,0,0,0,0,0,0,0,0,0,0,0,0,0,0,0,0,0,0,0,0,0,0,0,0,0,0,0
122,3,51,0,0,0,0,0,0,0,0,0,0,10,2,10,2,0,0,0,0,0,10,19,0.526316,0,0,0,0,0,0,0,0,0
122,1,50,8,3.49032e-05,34553.9,0.00634275,0.002,1.25,0,0,8,8,10,2,10,2,10,2,10,0,0,10,19,0.526316,5,0,0,5,0,5,5,5,5
122,4,51,0,0,0,0,0,0,0,0,0,0,0,0,0,0,0,0,0,0,0,0,0,0,0,0,0,0,0,0,0,0,0
122,2,50,0,0,0,0,0,0,0,0,0,0,0,0,0,0,0,0,0,0,0,0,0,0,0,0,0,0,0,0,0,0,0
123,3,51,0,0,0,0,0,0,0,0,0,0,10,2,10,2,0,0,0,0,0,10,19,0.526316,0,0,0,0,0,0,0,0,0
123,1,50,8,0.000108432,7901.62,0.135127,0.002,1.25,0,0,0,8,10,2,10,2,10,2,10,0,0,10,19,0.526316,5,0,0,5,0,5,5,5,5
123,4,51,0,0,0,0,0,0,0,0,0,0,0,0,0,0,0,0,0,0,0,0,0,0,0,0,0,0,0,0,0,0,0
123,2,50,0,0,0,0,0,0,0,0,0,0,0,0,0,0,0,0,0,0,0,0,0,0,0,0,0,0,0,0,0,0,0
124,3,51,0,0,0,0,0,0,0,0,0,0,10,2,10,2,0,0,0,0,0,10,19,0.526316,0,0,0,0,0,0,0,0,0
124,1,50,8,0.000564403,26471.8,0.10239,0.002,1.25,0,0,8,8,10,2,10,2,10,2,10,0,0,10,19,0.526316,5,0,0,5,0,5,5,5,5
124,4,51,0,0,0,0,0,0,0,0,0,0,0,0,0,0,0,0,0,0,0,0,0,0,0,0,0,0,0,0,0,0,0
124,2,50,0,0,0,0,0,0,0,0,0,0,0,0,0,0,0,0,0,0,0,0,0,0,0,0,0,0,0,0,0,0,0
125,3,51,0,0,0,0,0,0,0,0,0,0,10,2,10,2,0,0,0,0,0,10,19,0.526316,0,0,0,0,0,0,0,0,0
125,1,50,8,0.00171726,4923.19,2.10503,0.002,1.25,0,0,0,8,10,2,10,2,10,2,10,0,0,10,19,0.526316,5,0,0,5,0,5,5,5,5
125,4,51,0,0,0,0,0,0,0,0,0,0,0,0,0,0,0,0,0,0,0,0,0,0,0,0,0,0,0,0,0,0,0
125,2,50,0,0,0,0,0,0,0,0,0,0,0,0,0,0,0,0,0,0,0,0,0,0,0,0,0,0,0,0,0,0,0
126,3,51,0,0,0,0,0,0,0,0,0,0,10,2,10,2,0,0,0,0,0,10,19,0.526316,0,0,0,0,0,0,0,0,0
126,1,50,8,0.00859273,13498.7,1.59541,0.002,1.25,0,0,8,8,10,2,10,2,10,2,10,0,0,10,19,0.526316,5,0,0,5,0,5,5,5,5
126,4,51,0,0,0,0,0,0,0,0,0,0,0,0,0,0,0,0,0,0,0,0,0,0,0,0,0,0,0,0,0,0,0
126,2,50,0,0,0,0,0,0,0,0,0,0,0,0,0,0,0,0,0,0,0,0,0,0,0,0,0,0,0,0,0,0,0
127,3,51,0,0,0,0,0,0,0,0,0,0,10,2,10,2,0,0,0,0,0,10,19,0.526316,0,0,0,0,0,0,0,0,0
127,1,50,8,0.0243577,2166.66,30.8156,0.002,1.25,0,0,0,8,10,2,10,2,10,2,10,0,0,10,19,0.526316,5,0,0,5,0,5,5,5,5
127,4,51,0,0,0,0,0,0,0,0,0,0,0,0,0,0,0,0,0,0,0,0,0,0,0,0,0,0,0,0,0,0,0
127,2,50,0,0,0,0,0,0,0,0,0,0,0,0,0,0,0,0,0,0,0,0,0,0,0,0,0,0,0,0,0,0,0
128,3,51,0,0,0,0,0,0,0,0,0,0,10,2,10,2,0,0,0,0,0,10,19,0.526316,0,0,0,0,0,0,0,0,0
128,1,50,8,0.0841445,5318.79,23.3553,0.002,1.25,0,0,8,8,10,2,10,2,10,2,10,0,0,10,19,0.526316,5,0,0,5,0,5,5,5,5
128,4,51,0,0,0,0,0,0,0,0,0,0,0,0,0,0,0,0,0,0,0,0,0,0,0,0,0,0,0,0,0,0,0
128,2,50,0,0,0,0,0,0,0,0,0,0,0,0,0,0,0,0,0,0,0,0,0,0,0,0,0,0,0,0,0,0,0
129,3,51,0,0,0,0,0,0,0,0,0,0,10,2,10,2,0,0,0,0,0,10,19,0.526316,0,0,0,0,0,0,0,0,0
129,1,50,8,0.116288,797.358,217.703,0.002,1.25,0,0,0,8,10,2,10,2,10,2,10,0,0,10,19,0.526316,5,0,0,5,0,5,5,5,5
129,4,51,0,0,0,0,0,0,0,0,0,0,0,0,0,0,0,0,0,0,0,0,0,0,0,0,0,0,0,0,0,0,0
129,2,50,0,0,0,0,0,0,0,0,0,0,0,0,0,0,0,0,0,0,0,0,0,0,0,0,0,0,0,0,0,0,0
130,3,51,0,0,0,0,0,0,0,0,0,0,10,2,10,2,0,0,0,0,0,10,19,0.526316,0,0,0,0,0,0,0,0,0
130,1,50,8,0.159266,1850.24,165.011,0.002,1.25,0,0,8,8,10,2,10,2,10,2,10,0,0,10,19,0.526316,5,0,0,5,0,5,5,5,5
130,4,51,0,0,0,0,0,0,0,0,0,0,0,0,0,0,0,0,0,0,0,0,0,0,0,0,0,0,0,0,0,0,0
130,2,50,0,0,0,0,0,0,0,0,0,0,0,0,0,0,0,0,0,0,0,0,0,0,0,0,0,0,0,0,0,0,0
131,3,51,0,0,0,0,0,0,0,0,0,0,10,2,10,2,0,0,0,0,0,10,19,0.526316,0,0,0,0,0,0,0,0,0
131,1,50,8,0.159645,271.472,748.196,0.002,1.25,0,0,0,8,10,2,10,2,10,2,10,0,0,10,19,0.526316,5,0,0,5,0,5,5,5,5
131,4,51,0,0,0,0,0,0,0,0,0,0,0,0,0,0,0,0,0,0,0,0,0,0,0,0,0,0,0,0,0,0,0
131,2,50,0,0,0,0,0,0,0,0,0,0,0,0,0,0,0,0,0,0,0,0,0,0,0,0,0,0,0,0,0,0,0
132,3,51,0,0,0,0,0,0,0,0,0,0,10,2,10,2,0,0,0,0,0,10,19,0.526316,0,0,0,0,0,0,0,0,0
132,1,50,8,0.16,612.293,567.127,0.002,1.25,0,0,2,7,10,2,10,2,10,2,10,0,0,10,19,0.526316,5,0,0,5,0,5,5,5,5
132,4,51,0,0,0,0,0,0,0,0,0,0,0,0,0,0,0,0,0,0,0,0,0,0,0,0,0,0,0,0,0,0,0
132,2,50,0,0,0,0,0,0,0,0,0,0,0,0,0,0,0,0,0,0,0,0,0,0,0,0,0,0,0,0,0,0,0
133,3,52,0,0,0,0,0,0,0,0,0,0,10,2,10,2,0,0,0,0,0,10,19,0.526316,0,0,0,0,0,0,0,0,0
133,1,50,8,0.16,88.9774,1266.55,0.002,1.25,0,0,0,7,10,2,10,2,10,2,10,0,0,10,19,0.526316,5,0,0,5,0,5,5,5,5
133,4,51,0,0,0,0,0,0,0,0,0,0,0,0,0,0,0,0,0,0,0,0,0,0,0,0,0,0,0,0,0,0,0
133,2,50,0,0,0,0,0,0,0,0,0,0,0,0,0,0,0,0,0,0,0,0,0,0,0,0,0,0,0,0,0,0,0
134,3,52,0,0,0,0,0,0,0,0,0,0,10,2,10,2,0,0,0,0,0,10,19,0.526316,0,0,0,0,0,0,0,0,0
134,1,50,8,0.16,197.837,960.058,0.002,1.25,0,0,0,2,10,2,10,2,10,2,10,0,0,10,19,0.526316,5,0,0,5,0,5,5,5,5
134,4,51,0,0,0,0,0,0,0,0,0,0,0,0,0,0,0,0,0,0,0,0,0,0,0,0,0,0,0,0,0,0,0
134,2,50,0,0,0,0,0,0,0,0,0,0,0,0,0,0,0,0,0,0,0,0,0,0,0,0,0,0,0,0,0,0,0
135,3,52,0,0,0,0,0,0,0,0,0,0,10,2,10,2,0,0,0,0,0,10,19,0.526316,0,0,0,0,0,0,0,0,0
135,1,50,8,0.16,28.4511,1385.46,0.002,1.25,0,0,0,0,10,2,10,2,10,2,10,0,0,10,19,0.526316,5,0,0,5,0,5,5,5,5
135,4,51,0,0,0,0,0,0,0,0,0,0,0,0,0,0,0,0,0,0,0,0,0,0,0,0,0,0,0,0,0,0,0
135,2,50,0,0,0,0,0,0,0,0,0,0,0,0,0,0,0,0,0,0,0,0,0,0,0,0,0,0,0,0,0,0,0
136,3,52,0,0,0,0,0,0,0,0,0,0,10,2,10,2,0,0,0,0,0,10,19,0.526316,0,0,0,0,0,0,0,0,0
136,1,50,8,0.16,62.8127,1050.2,0.002,1.25,0,0,0,0,10,2,10,2,10,2,10,0,0,10,19,0.526316,5,0,0,5,0,5,5,5,5
136,4,51,0,0,0,0,0,0,0,0,0,0,0,0,0,0,0,0,0,0,0,0,0,0,0,0,0,0,0,0,0,0,0
136,2,50,0,0,0,0,0,0,0,0,0,0,0,0,0,0,0,0,0,0,0,0,0,0,0,0,0,0,0,0,0,0,0
137,3,52,0,0,0,0,0,0,0,0,0,0,10,2,10,2,0,0,0,0,0,10,19,0.526316,0,0,0,0,0,0,0,0,0
137,1,50,8,0.16,8.98593,1139.15,0.002,1.25,0,0,0,0,10,2,10,2,10,2,10,0,0,10,19,0.526316,5,0,0,5,0,5,5,5,5
137,4,51,0,0,0,0,0,0,0,0,0,0,0,0,0,0,0,0,0,0,0,0,0,0,0,0,0,0,0,0,0,0,0
137,2,50,0,0,0,0,0,0,0,0,0,0,0,0,0,0,0,0,0,0,0,0,0,0,0,0,0,0,0,0,0,0,0
138,3,52,0,0,0,0,0,0,0,0,0,0,10,2,10,2,0,0,0,0,0,10,19,0.526316,0,0,0,0,0,0,0,0,0
138,1,50,8,0.16,19.7699,863.499,0.002,1.25,0,0,0,0,10,2,10,2,10,2,10,0,0,10,19,0.526316,5,0,0,5,0,5,5,5,5
138,4,51,0,0,0,0,0,0,0,0,0,0,0,0,0,0,0,0,0,0,0,0,0,0,0,0,0,0,0,0,0,0,0
138,2,50,0,0,0,0,0,0,0,0,0,0,0,0,0,0,0,0,0,0,0,0,0,0,0,0,0,0,0,0,0,0,0
139,3,52,0,0,0,0,0,0,0,0,0,0,10,2,10,2,0,0,0,0,0,10,19,0.526316,0,0,0,0,0,0,0,0,0
139,1,50,8,0.16,2.82041,791.326,0.002,1.25,0,0,0,0,10,2,10,2,10,2,10,0,0,10,19,0.526316,5,0,0,5,0,5,5,5,5
139,4,51,0,0,0,0,0,0,0,0,0,0,0,0,0,0,0,0,0,0,0,0,0,0,0,0,0,0,0,0,0,0,0
139,2,50,0,0,0,0,0,0,0,0,0,0,0,0,0,0,0,0,0,0,0,0,0,0,0,0,0,0,0,0,0,0,0
140,3,52,0,0,0,0,0,0,0,0,0,0,10,2,10,2,0,0,0,0,0,10,19,0.526316,0,0,0,0,0,0,0,0,0
140,1,50,8,0.16,6.19478,599.843,0.002,1.25,0,0,0,0,10,2,10,2,10,2,10,0,0,10,19,0.526316,5,0,0,5,0,5,5,5,5
140,4,51,0,0,0,0,0,0,0,0,0,0,0,0,0,0,0,0,0,0,0,0,0,0,0,0,0,0,0,0,0,0,0
140,2,50,0,0,0,0,0,0,0,0,0,0,0,0,0,0,0,0,0,0,0,0,0,0,0,0,0,0,0,0,0,0,0
141,3,52,0,0,0,0,0,0,0,0,0,0,10,2,10,2,0,0,0,0,0,10,19,0.526316,0,0,0,0,0,0,0,0,0
141,1,50,8,0.16,0.882658,502.562,0.002,1.25,0,0,0,0,10,2,10,2,10,2,10,0,0,10,19,0.526316,5,0,0,5,0,5,5,5,5
141,4,51,0,0,0,0,0,0,0,0,0,0,0,0,0,0,0,0,0,0,0,0,0,0,0,0,0,0,0,0,0,0,0
141,2,50,0,0,0,0,0,0,0,0,0,0,0,0,0,0,0,0,0,0,0,0,0,0,0,0,0,0,0,0,0,0,0
142,3,52,0,0,0,0,0,0,0,0,0,0,10,2,10,2,0,0,0,0,0,10,19,0.526316,0,0,0,0,0,0,0,0,0
142,1,50,8,0.16,1.93777,380.954,0.002,1.25,0,0,0,0,10,2,10,2,10,2,10,0,0,10,19,0.526316,5,0,0,5,0,5,5,5,5
142,4,51,0,0,0,0,0,0,0,0,0,0,0,0,0,0,0,0,0,0,0,0,0,0,0,0,0,0,0,0,0,0,0
142,2,50,0,0,0,0,0,0,0,0,0,0,0,0,0,0,0,0,0,0,0,0,0,0,0,0,0,0,0,0,0,0,0
143,3,52,0,0,0,0,0,0,0,0,0,0,10,2,10,2,0,0,0,0,0,10,19,0.526316,0,0,0,0,0,0,0,0,0
143,1,50,8,0.16,0.275913,304.662,0.002,1.25,0,0,0,0,10,2,10,2,10,2,10,0,0,10,19,0.526316,5,0,0,5,0,5,5,5,5
143,4,51,0,0,0,0,0,0,0,0,0,0,0,0,0,0,0,0,0,0,0,0,0,0,0,0,0,0,0,0,0,0,0
143,2,50,0,0,0,0,0,0,0,0,0,0,0,0,0,0,0,0,0,0,0,0,0,0,0,0,0,0,0,0,0,0,0
144,3,52,0,0,0,0,0,0,0,0,0,0,10,2,10,2,0,0,0,0,0,10,19,0.526316,0,0,0,0,0,0,0,0,0
144,1,50,8,0.16,0.605616,230.94,0.002,1.25,0,0,0,0,10,2,10,2,10,2,10,0,0,10,19,0.526316,5,0,0,5,0,5,5,5,5
144,4,51,0,0,0,0,0,0,0,0,0,0,0,0,0,0,0,0,0,0,0,0,0,0,0,0,0,0,0,0,0,0,0
144,2,50,0,0,0,0,0,0,0,0,0,0,0,0,0,0,0,0,0,0,0,0,0,0,0,0,0,0,0,0,0,0,0
145,3,52,0,0,0,0,0,0,0,0,0,0,10,2,10,2,0,0,0,0,0,10,19,0.526316,0,0,0,0,0,0,0,0,0
145,1,50,8,0.159999,0.0862,180.2,0.002,1.25,0,0,0,0,10,2,10,2,10,2,10,0,0,10,19,0.526316,5,0,0,5,0,5,5,5,5
145,4,51,0,0,0,0,0,0,0,0,0,0,0,0,0,0,0,0,0,0,0,0,0,0,0,0,0,0,0,0,0,0,0
145,2,50,0,0,0,0,0,0,0,0,0,0,0,0,0,0,0,0,0,0,0,0,0,0,0,0,0,0,0,0,0,0,0
146,3,52,0,0,0,0,0,0,0,0,0,0,10,2,10,2,0,0,0,0,0,10,19,0.526316,0,0,0,0,0,0,0,0,0
146,1,50,10,0.159988,0.189184,136.595,0.002,1.2,0,0,0,0,10,2,10,2,10,2,12,2,0,12,19,0.526316,5,0,0,7,0,7,5,7,5
146,4,51,0,0,0,0,0,0,0,0,0,0,0,0,0,0,0,0,0,0,0,0,0,0,0,0,0,0,0,0,0,0,0
146,2,50,0,0,0,0,0,0,0,0,0,0,0,0,0,0,0,0,0,0,0,0,0,0,0,0,0,0,0,0,0,0,0
147,3,52,0,0,0,0,0,0,0,0,0,0,10,2,10,2,0,0,0,0,0,12,19,0.526316,0,0,0,0,0,0,0,0,0
147,1,50,16,0.159925,0.0269185,105.176,0.002,1.625,0,0,0,0,18,4,18,4,18,4,26,9,2,26,19,0.526316,8,4,2,12,0,12,8,12,8
147,4,51,0,0,0,0,0,0,0,0,0,0,0,0,0,0,0,0,0,0,0,0,0,0,0,0,0,0,0,0,0,0,0
147,2,50,0,0,0,0,0,0,0,0,0,0,0,0,0,0,0,0,0,0,0,0,0,0,0,0,0,0,0,0,0,0,0
148,3,52,0,0,0,0,0,0,0,0,0,0,18,4,18,4,0,0,0,0,0,26,19,0.526316,0,0,0,0,0,0,0,0,0
148,1,50,16,0.159644,0.0590836,79.7269,0.002,1.625,0,0,0,0,18,4,18,4,18,4,26,9,2,26,19,0.526316,8,4,2,12,0,12,8,12,8
148,4,51,0,0,0,0,0,0,0,0,0,0,0,0,0,0,0,0,0,0,0,0,0,0,0,0,0,0,0,0,0,0,0
148,2,50,0,0,0,0,0,0,0,0,0,0,0,0,0,0,0,0,0,0,0,0,0,0,0,0,0,0,0,0,0,0,0
149,3,52,0,0,0,0,0,0,0,0,0,0,18,4,18,4,0,0,0,0,0,26,19,0.526316,0,0,0,0,0,0,0,0,0
149,1,50,19,0.15877,0.00840353,60.9494,0.002,1.78947,0,0,0,0,20,4,20,4,20,4,34,16,3,34,19,0.526316,9,5,3,17,0,15,9,15,9
149,4,51,0,0,0,0,0,0,0,0,0,0,0,0,0,0,0,0,0,0,0,0,0,0,0,0,0,0,0,0,0,0,0
149,2,50,0,0,0,0,0,0,0,0,0,0,0,0,0,0,0,0,0,0,0,0,0,0,0,0,0,0,0,0,0,0,0
150,3,52,0,0,0,0,0,0,0,0,0,0,20,4,20,4,0,0,0,0,0,34,19,0.526316,0,0,0,0,0,0,0,0,0
150,1,50,25,0.156552,0.0183881,46.2008,0.002,1.8,0,0,0,0,23,4,23,4,23,4,45,25,4,45,19,0.526316,11,5,4,25,0,20,12,20,12
150,4,51,0,0,0,0,0,0,0,0,0,0,0,0,0,0,0,0,0,0,0,0,0,0,0,0,0,0,0,0,0,0,0
150,2,50,0,0,0,0,0,0,0,0,0,0,0,0,0,0,0,0,0,0,0,0,0,0,0,0,0,0,0,0,0,0,0
151,3,52,0,0,0,0,0,0,0,0,0,0,23,4,23,4,0,0,0,0,0,45,19,0.526316,0,0,0,0,0,0,0,0,0
151,1,50,25,0.152192,0.00262014,35.1825,0.002,1.92,0,0,0,0,23,4,23,4,23,4,48,28,4,48,19,0.526316,11,5,4,28,0,21,12,21,12
151,4,51,0,0,0,0,0,0,0,0,0,0,0,0,0,0,0,0,0,0,0,0,0,0,0,0,0,0,0,0,0,0,0
151,2,50,0,0,0,0,0,0,0,0,0,0,0,0,0,0,0,0,0,0,0,0,0,0,0,0,0,0,0,0,0,0,0
152,3,52,0,0,0,0,0,0,0,0,0,0,23,4,23,4,0,0,0,0,0,48,19,0.526316,0,0,0,0,0,0,0,0,0
152,1,50,27,0.144857,0.00576351,26.6692,0.002,2.22222,0,0,0,0,26,4,26,4,26,4,60,38,6,60,19,0.526316,14,7,4,35,0,23,15,23,15
152,4,51,0,0,0,0,0,0,0,0,0,0,0,0,0,0,0,0,0,0,0,0,0,0,0,0,0,0,0,0,0,0,0
152,2,50,0,0,0,0,0,0,0,0,0,0,0,0,0,0,0,0,0,0,0,0,0,0,0,0,0,0,0,0,0,0,0
153,3,52,0,0,0,0,0,0,0,0,0,0,26,4,26,4,0,0,0,0,0,60,19,0.526316,0,0,0,0,0,0,0,0,0
153,1,50,32,0.134502,0.00254735,20.2664,0.0024,2.375,0,0,0,0,29,4,29,4,29,4,76,48,8,76,19,0.526316,20,9,6,41,0,26,19,26,19
153,4,51,0,0,0,0,0,0,0,0,0,0,0,0,0,0,0,0,0,0,0,0,0,0,0,0,0,0,0,0,0,0,0
153,2,50,0,0,0,0,0,0,0,0,0,0,0,0,0,0,0,0,0,0,0,0,0,0,0,0,0,0,0,0,0,0,0
154,3,52,0,0,0,0,0,0,0,0,0,0,29,4,29,4,0,0,0,0,0,76,19,0.526316,0,0,0,0,0,0,0,0,0
154,1,50,35,0.12139,0.00544984,15.3622,0.00412,2.4,0,0,0,0,30,4,30,4,30,4,84,55,9,84,19,0.526316,21,9,7,47,0,30,19,30,19
154,4,51,0,0,0,0,0,0,0,0,0,0,0,0,0,0,0,0,0,0,0,0,0,0,0,0,0,0,0,0,0,0,0
154,2,50,0,0,0,0,0,0,0,0,0,0,0,0,0,0,0,0,0,0,0,0,0,0,0,0,0,0,0,0,0,0,0
155,3,52,0,0,0,0,0,0,0,0,0,0,30,4,30,4,0,0,0,0,0,84,19,0.526316,0,0,0,0,0,0,0,0,0
155,1,50,38,0.106613,0.0295792,11.6606,0.00412,2.44737,0,0,0,0,30,4,30,4,30,4,93,64,9,93,19,0.526316,26,9,7,51,0,32,23,32,23
155,4,51,0,0,0,0,0,0,0,0,0,0,0,0,0,0,0,0,0,0,0,0,0,0,0,0,0,0,0,0,0,0,0
155,2,50,0,0,0,0,0,0,0,0,0,0,0,0,0,0,0,0,0,0,0,0,0,0,0,0,0,0,0,0,0,0,0
156,3,52,0,0,0,0,0,0,0,0,0,0,30,4,30,4,0,0,0,0,0,93,19,0.526316,0,0,0,0,0,0,0,0,0
156,1,50,40,0.0911683,0.0603519,8.83914,0.00536,2.55,0,0,0,0,32,4,32,4,32,4,102,72,10,102,19,0.526316,33,10,7,52,0,32,27,32,27
156,4,51,0,0,0,0,0,0,0,0,0,0,0,0,0,0,0,0,0,0,0,0,0,0,0,0,0,0,0,0,0,0,0
156,2,50,0,0,0,0,0,0,0,0,0,0,0,0,0,0,0,0,0,0,0,0,0,0,0,0,0,0,0,0,0,0,0
157,3,52,0,0,0,0,0,0,0,0,0,0,32,4,32,4,0,0,0,0,0,102,19,0.526316,0,0,0,0,0,0,0,0,0
157,1,50,42,0.0762038,0.460041,6.70511,0.007,2.57143,0,0,0,0,33,4,33,4,33,4,108,77,11,108,19,0.526316,37,10,7,54,0,33,30,33,30
157,4,51,0,0,0,0,0,0,0,0,0,0,0,0,0,0,0,0,0,0,0,0,0,0,0,0,0,0,0,0,0,0,0
157,2,50,0,0,0,0,0,0,0,0,0,0,0,0,0,0,0,0,0,0,0,0,0,0,0,0,0,0,0,0,0,0,0
158,3,52,0,0,0,0,0,0,0,0,0,0,33,4,33,4,0,0,0,0,0,108,19,0.526316,0,0,0,0,0,0,0,0,0
158,1,50,43,0.0624109,0.9314,5.08262,0.00748,2.81395,0,0,0,0,34,4,34,4,34,4,121,90,11,121,19,0.526316,44,10,8,59,0,35,32,35,32
158,4,51,0,0,0,0,0,0,0,0,0,0,0,0,0,0,0,0,0,0,0,0,0,0,0,0,0,0,0,0,0,0,0
158,2,50,0,0,0,0,0,0,0,0,0,0,0,0,0,0,0,0,0,0,0,0,0,0,0,0,0,0,0,0,0,0,0
159,3,52,0,0,0,0,0,0,0,0,0,0,34,4,34,4,0,0,0,0,0,121,19,0.526316,0,0,0,0,0,0,0,0,0
159,1,50,46,0.0502838,7.14112,3.8541,0.00916,2.95652,0,0,0,0,35,4,35,4,35,4,136,100,15,136,19,0.526316,50,12,8,66,0,37,33,37,33
159,4,51,0,0,0,0,0,0,0,0,0,0,0,0,0,0,0,0,0,0,0,0,0,0,0,0,0,0,0,0,0,0,0
159,2,50,0,0,0,0,0,0,0,0,0,0,0,0,0,0,0,0,0,0,0,0,0,0,0,0,0,0,0,0,0,0,0
160,3,52,0,0,0,0,0,0,0,0,0,0,35,4,35,4,0,0,0,0,0,136,19,0.526316,0,0,0,0,0,0,0,0,0
160,1,50,46,0.0399541,14.4766,2.92145,0.01124,3.15217,0,0,0,0,38,4,38,4,38,4,145,105,17,145,19,0.526316,55,13,8,69,0,37,34,37,34
160,4,51,0,0,0,0,0,0,0,0,0,0,0,0,0,0,0,0,0,0,0,0,0,0,0,0,0,0,0,0,0,0,0
160,2,50,0,0,0,0,0,0,0,0,0,0,0,0,0,0,0,0,0,0,0,0,0,0,0,0,0,0,0,0,0,0,0
161,3,52,0,0,0,0,0,0,0,0,0,0,38,4,38,4,0,0,0,0,0,145,19,0.526316,0,0,0,0,0,0,0,0,0
161,1,50,47,0.0313381,110.783,2.21502,0.01244,3.34043,0,0,1,1,41,4,41,4,41,4,157,113,19,157,19,0.526316,61,14,10,72,0,38,38,38,38
161,4,51,0,0,0,0,0,0,0,0,0,0,0,0,0,0,0,0,0,0,0,0,0,0,0,0,0,0,0,0,0,0,0
161,2,50,0,0,0,0,0,0,0,0,0,0,0,0,0,0,0,0,0,0,0,0,0,0,0,0,0,0,0,0,0,0,0
162,3,52,0,0,0,0,0,0,0,0,0,0,41,4,41,4,0,0,0,0,0,157,19,0.526316,0,0,0,0,0,0,0,0,0
162,1,50,47,0.0242886,215.628,1.67903,0.01396,3.57447,0,0,4,4,42,4,42,4,42,4,168,122,20,168,19,0.526316,65,15,10,78,0,39,38,39,38
162,4,51,0,0,0,0,0,0,0,0,0,0,0,0,0,0,0,0,0,0,0,0,0,0,0,0,0,0,0,0,0,0,0
162,2,50,0,0,0,0,0,0,0,0,0,0,0,0,0,0,0,0,0,0,0,0,0,0,0,0,0,0,0,0,0,0,0
163,3,52,0,0,0,0,0,0,0,0,0,0,42,4,42,4,0,0,0,0,0,168,19,0.526316,0,0,0,0,0,0,0,0,0
163,1,50,49,0.0181541,1102.92,1.27285,0.01528,3.4898,0,0,7,7,42,4,42,4,42,4,171,125,20,171,19,0.526316,66,15,10,80,0,41,38,41,38
163,4,51,0,0,0,0,0,0,0,0,0,0,0,0,0,0,0,0,0,0,0,0,0,0,0,0,0,0,0,0,0,0,0
163,2,50,0,0,0,0,0,0,0,0,0,0,0,0,0,0,0,0,0,0,0,0,0,0,0,0,0,0,0,0,0,0,0
164,3,52,0,0,0,0,0,0,0,0,0,0,42,4,42,4,0,0,0,0,0,171,19,0.526316,0,0,0,0,0,0,0,0,0
164,1,50,49,0.0132365,2269.02,0.964819,0.0162,3.67347,0,0,9,9,45,4,45,4,45,4,180,131,22,180,19,0.526316,70,16,11,83,0,41,40,41,40
164,4,51,0,0,0,0,0,0,0,0,0,0,0,0,0,0,0,0,0,0,0,0,0,0,0,0,0,0,0,0,0,0,0
164,2,50,0,0,0,0,0,0,0,0,0,0,0,0,0,0,0,0,0,0,0,0,0,0,0,0,0,0,0,0,0,0,0
165,3,52,0,0,0,0,0,0,0,0,0,0,45,4,45,4,0,0,0,0,0,180,19,0.526316,0,0,0,0,0,0,0,0,0
165,1,50,50,0.0091736,5197.53,0.731451,0.01788,3.88,0,0,14,14,49,4,49,4,49,4,194,140,25,194,19,0.526316,74,18,12,90,0,44,42,44,42
165,4,51,0,0,0,0,0,0,0,0,0,0,0,0,0,0,0,0,0,0,0,0,0,0,0,0,0,0,0,0,0,0,0
165,2,50,0,0,0,0,0,0,0,0,0,0,0,0,0,0,0,0,0,0,0,0,0,0,0,0,0,0,0,0,0,0,0
166,3,52,0,0,0,0,0,0,0,0,0,0,49,4,49,4,0,0,0,0,0,194,19,0.526316,0,0,0,0,0,0,0,0,0
166,1,50,50,0.00584283,12036,0.554471,0.02028,4.12,0,0,15,16,49,4,49,4,49,4,206,147,28,206,19,0.526316,80,19,12,95,0,44,43,44,43
166,4,51,0,0,0,0,0,0,0,0,0,0,0,0,0,0,0,0,0,0,0,0,0,0,0,0,0,0,0,0,0,0,0
166,2,50,0,0,0,0,0,0,0,0,0,0,0,0,0,0,0,0,0,0,0,0,0,0,0,0,0,0,0,0,0,0,0
167,3,52,0,0,0,0,0,0,0,0,0,0,49,4,49,4,0,0,0,0,0,206,19,0.526316,0,0,0,0,0,0,0,0,0
167,1,50,50,0.00363605,13483.6,0.420328,0.02104,4.26,0,0,18,21,49,4,49,4,49,4,213,153,29,213,19,0.526316,85,19,12,97,0,45,43,45,43
167,4,51,0,0,0,0,0,0,0,0,0,0,0,0,0,0,0,0,0,0,0,0,0,0,0,0,0,0,0,0,0,0,0
167,2,50,0,0,0,0,0,0,0,0,0,0,0,0,0,0,0,0,0,0,0,0,0,0,0,0,0,0,0,0,0,0,0
168,3,52,0,0,0,0,0,0,0,0,0,0,49,4,49,4,0,0,0,0,0,213,19,0.526316,0,0,0,0,0,0,0,0,0
168,1,50,50,0.00194498,34911.7,0.327215,0.0226,4.46,0,0,25,26,53,4,53,4,53,4,223,159,31,223,19,0.526316,87,20,14,102,0,46,43,46,43
168,4,51,0,0,0,0,0,0,0,0,0,0,0,0,0,0,0,0,0,0,0,0,0,0,0,0,0,0,0,0,0,0,0
168,2,50,0,0,0,0,0,0,0,0,0,0,0,0,0,0,0,0,0,0,0,0,0,0,0,0,0,0,0,0,0,0,0
169,3,52,0,0,0,0,0,0,0,0,0,0,53,4,53,4,0,0,0,0,0,223,19,0.526316,0,0,0,0,0,0,0,0,0
169,1,50,50,0.0012072,27029.7,0.25774,0.02396,4.56,0,0,24,29,53,4,53,4,53,4,228,164,31,228,19,0.526316,91,20,14,103,0,46,45,46,45
169,4,51,0,0,0,0,0,0,0,0,0,0,0,0,0,0,0,0,0,0,0,0,0,0,0,0,0,0,0,0,0,0,0
169,2,50,0,0,0,0,0,0,0,0,0,0,0,0,0,0,0,0,0,0,0,0,0,0,0,0,0,0,0,0,0,0,0
170,3,52,0,0,0,0,0,0,0,0,0,0,53,4,53,4,0,0,0,0,0,228,19,0.526316,0,0,0,0,0,0,0,0,0
170,1,50,50,0.000885315,55295.2,0.328872,0.02436,4.76,71,1,31,33,56,4,56,4,56,4,238,173,33,239,19,0.526316,95,21,14,108,0,47,44,47,44
170,4,51,0,0,0,0,0,0,0,0,0,0,0,0,0,0,0,0,0,0,0,0,0,0,0,0,0,0,0,0,0,0,0
170,2,50,0,0,0,0,0,0,0,0,0,0,0,0,0,0,0,0,0,0,0,0,0,0,0,0,0,0,0,0,0,0,0
171,3,52,0,0,0,0,0,0,0,0,0,0,56,4,56,4,0,0,0,0,0,239,19,0.526316,0,0,0,0,0,0,0,0,0
171,1,50,50,0.000881079,47730.7,0.398868,0.02544,4.9,0,0,33,38,56,4,56,4,56,4,245,179,34,246,19,0.526316,100,21,15,109,0,47,44,47,44
171,4,51,0,0,0,0,0,0,0,0,0,0,0,0,0,0,0,0,0,0,0,0,0,0,0,0,0,0,0,0,0,0,0
171,2,50,0,0,0,0,0,0,0,0,0,0,0,0,0,0,0,0,0,0,0,0,0,0,0,0,0,0,0,0,0,0,0
172,3,52,0,0,0,0,0,0,0,0,0,0,56,4,56,4,0,0,0,0,0,246,19,0.526316,0,0,0,0,0,0,0,0,0
172,1,50,50,0.00222552,66099.5,2.38623,0.02728,4.88,73,5,33,40,56,4,56,4,56,4,244,182,35,250,19,0.526316,98,21,15,110,0,47,44,47,44
172,4,51,0,0,0,0,0,0,0,0,0,0,0,0,0,0,0,0,0,0,0,0,0,0,0,0,0,0,0,0,0,0,0
172,2,50,0,0,0,0,0,0,0,0,0,0,0,0,0,0,0,0,0,0,0,0,0,0,0,0,0,0,0,0,0,0,0
173,3,52,0,0,0,0,0,0,0,0,0,0,56,4,56,4,0,0,0,0,0,250,19,0.526316,0,0,0,0,0,0,0,0,0
173,1,50,50,0.00963703,67512.4,4.25055,0.02828,5.14,0,0,37,41,57,4,57,4,57,4,257,192,37,263,19,0.526316,105,21,16,115,0,47,46,47,46
173,4,51,0,0,0,0,0,0,0,0,0,0,0,0,0,0,0,0,0,0,0,0,0,0,0,0,0,0,0,0,0,0,0
173,2,50,0,0,0,0,0,0,0,0,0,0,0,0,0,0,0,0,0,0,0,0,0,0,0,0,0,0,0,0,0,0,0
174,3,52,0,0,0,0,0,0,0,0,0,0,57,4,57,4,0,0,0,0,0,263,19,0.526316,0,0,0,0,0,0,0,0,0
174,1,50,50,0.0193599,73770.9,24.4031,0.02916,5.18,75,3,34,43,57,4,57,4,57,4,259,196,38,268,19,0.526316,107,21,16,115,0,48,46,48,46
174,4,51,0,0,0,0,0,0,0,0,0,0,0,0,0,0,0,0,0,0,0,0,0,0,0,0,0,0,0,0,0,0,0
174,2,50,0,0,0,0,0,0,0,0,0,0,0,0,0,0,0,0,0,0,0,0,0,0,0,0,0,0,0,0,0,0,0
175,3,52,0,0,0,0,0,0,0,0,0,0,57,4,57,4,0,0,0,0,0,268,19,0.526316,0,0,0,0,0,0,0,0,0
175,1,50,50,0.0553323,77632.3,54.2194,0.02996,5.28,0,0,38,44,58,4,58,4,58,4,264,200,39,273,19,0.526316,108,21,16,119,0,49,46,49,46
175,4,51,0,0,0,0,0,0,0,0,0,0,0,0,0,0,0,0,0,0,0,0,0,0,0,0,0,0,0,0,0,0,0
175,2,50,0,0,0,0,0,0,0,0,0,0,0,0,0,0,0,0,0,0,0,0,0,0,0,0,0,0,0,0,0,0,0
176,3,52,0,0,0,0,0,0,0,0,0,0,58,4,58,4,0,0,0,0,0,273,19,0.526316,0,0,0,0,0,0,0,0,0
176,1,50,50,0.0864581,77908.4,129.665,0.03072,5.38,77,1,35,46,59,4,59,4,59,4,269,204,40,279,19,0.526316,112,21,16,120,0,49,47,49,47
176,4,51,0,0,0,0,0,0,0,0,0,0,0,0,0,0,0,0,0,0,0,0,0,0,0,0,0,0,0,0,0,0,0
176,2,50,0,0,0,0,0,0,0,0,0,0,0,0,0,0,0,0,0,0,0,0,0,0,0,0,0,0,0,0,0,0,0
177,3,52,0,0,0,0,0,0,0,0,0,0,59,4,59,4,0,0,0,0,0,279,19,0.526316,0,0,0,0,0,0,0,0,0
177,1,50,50,0.147714,78674.2,330.838,0.03208,5.44,0,0,37,46,60,4,60,4,60,4,272,207,40,282,19,0.526316,113,21,16,122,0,49,47,49,47
177,4,51,0,0,0,0,0,0,0,0,0,0,0,0,0,0,0,0,0,0,0,0,0,0,0,0,0,0,0,0,0,0,0
177,2,50,0,0,0,0,0,0,0,0,0,0,0,0,0,0,0,0,0,0,0,0,0,0,0,0,0,0,0,0,0,0,0
178,3,52,0,0,0,0,0,0,0,0,0,0,60,4,60,4,0,0,0,0,0,282,19,0.526316,0,0,0,0,0,0,0,0,0
178,1,50,50,0.185619,74993.5,447.263,0.03264,5.5,0,0,37,46,60,4,60,4,60,4,275,210,40,285,19,0.526316,115,21,16,123,0,49,48,49,48
178,4,51,0,0,0,0,0,0,0,0,0,0,0,0,0,0,0,0,0,0,0,0,0,0,0,0,0,0,0,0,0,0,0
178,2,50,0,0,0,0,0,0,0,0,0,0,0,0,0,0,0,0,0,0,0,0,0,0,0,0,0,0,0,0,0,0,0
179,3,52,0,0,0,0,0,0,0,0,0,0,60,4,60,4,0,0,0,0,0,285,19,0.526316,0,0,0,0,0,0,0,0,0
179,1,50,50,0.263514,72863.9,1075.84,0.03328,5.6,0,0,41,47,61,4,61,4,61,4,280,214,41,290,19,0.526316,118,21,16,125,0,49,48,49,48
179,4,51,0,0,0,0,0,0,0,0,0,0,0,0,0,0,0,0,0,0,0,0,0,0,0,0,0,0,0,0,0,0,0
179,2,50,0,0,0,0,0,0,0,0,0,0,0,0,0,0,0,0,0,0,0,0,0,0,0,0,0,0,0,0,0,0,0
180,3,52,0,0,0,0,0,0,0,0,0,0,61,4,61,4,0,0,0,0,0,290,19,0.526316,0,0,0,0,0,0,0,0,0
180,1,50,50,0.342218,71676.6,1193.81,0.03476,5.74,0,0,42,50,62,4,62,4,62,4,287,219,43,297,19,0.526316,123,21,17,126,0,49,48,49,48
180,4,51,0,0,0,0,0,0,0,0,0,0,0,0,0,0,0,0,0,0,0,0,0,0,0,0,0,0,0,0,0,0,0
180,2,50,0,0,0,0,0,0,0,0,0,0,0,0,0,0,0,0,0,0,0,0,0,0,0,0,0,0,0,0,0,0,0
181,3,52,0,0,0,0,0,0,0,0,0,0,62,4,62,4,0,0,0,0,0,297,19,0.526316,0,0,0,0,0,0,0,0,0
181,1,50,50,0.410819,64436.7,2071.5,0.03532,5.8,0,0,41,50,63,4,63,4,63,4,290,222,43,300,19,0.526316,125,22,17,126,0,49,49,49,49
181,4,51,0,0,0,0,0,0,0,0,0,0,0,0,0,0,0,0,0,0,0,0,0,0,0,0,0,0,0,0,0,0,0
181,2,50,0,0,0,0,0,0,0,0,0,0,0,0,0,0,0,0,0,0,0,0,0,0,0,0,0,0,0,0,0,0,0
182,3,52,0,0,0,0,0,0,0,0,0,0,63,4,63,4,0,0,0,0,0,300,19,0.526316,0,0,0,0,0,0,0,0,0
182,1,50,50,0.488064,69112.6,2368.77,0.03588,5.9,0,0,41,49,64,4,64,4,64,4,295,224,44,305,19,0.526316,128,22,17,128,0,49,49,49,49
182,4,51,0,0,0,0,0,0,0,0,0,0,0,0,0,0,0,0,0,0,0,0,0,0,0,0,0,0,0,0,0,0,0
182,2,50,0,0,0,0,0,0,0,0,0,0,0,0,0,0,0,0,0,0,0,0,0,0,0,0,0,0,0,0,0,0,0
183,3,52,0,0,0,0,0,0,0,0,0,0,64,4,64,4,0,0,0,0,0,305,19,0.526316,0,0,0,0,0,0,0,0,0
183,1,50,50,0.553836,58945,3110.19,0.03648,6.04,0,0,39,48,64,4,64,4,64,4,302,228,45,312,19,0.526316,130,24,18,130,0,49,49,49,49
183,4,51,0,0,0,0,0,0,0,0,0,0,0,0,0,0,0,0,0,0,0,0,0,0,0,0,0,0,0,0,0,0,0
183,2,50,0,0,0,0,0,0,0,0,0,0,0,0,0,0,0,0,0,0,0,0,0,0,0,0,0,0,0,0,0,0,0
184,3,52,0,0,0,0,0,0,0,0,0,0,64,4,64,4,0,0,0,0,0,312,19,0.526316,0,0,0,0,0,0,0,0,0
184,1,50,50,0.610626,63697,3621.4,0.03676,6.06,0,0,37,47,64,4,64,4,64,4,303,229,45,313,19,0.526316,131,24,18,130,0,49,49,49,49
184,4,51,0,0,0,0,0,0,0,0,0,0,0,0,0,0,0,0,0,0,0,0,0,0,0,0,0,0,0,0,0,0,0
184,2,50,0,0,0,0,0,0,0,0,0,0,0,0,0,0,0,0,0,0,0,0,0,0,0,0,0,0,0,0,0,0,0
185,3,52,0,0,0,0,0,0,0,0,0,0,64,4,64,4,0,0,0,0,0,313,19,0.526316,0,0,0,0,0,0,0,0,0
185,1,50,50,0.699864,55220.8,4155.03,0.03732,6.06,35,1,36,46,64,4,64,4,64,4,303,229,45,314,19,0.526316,131,24,18,130,0,49,49,49,49
185,4,51,0,0,0,0,0,0,0,0,0,0,0,0,0,0,0,0,0,0,0,0,0,0,0,0,0,0,0,0,0,0,0
185,2,50,0,0,0,0,0,0,0,0,0,0,0,0,0,0,0,0,0,0,0,0,0,0,0,0,0,0,0,0,0,0,0
186,3,52,0,0,0,0,0,0,0,0,0,0,64,4,64,4,0,0,0,0,0,314,19,0.526316,0,0,0,0,0,0,0,0,0
186,1,50,50,0.756507,60385.7,4639.32,0.03784,6.08,0,0,37,45,64,4,64,4,64,4,304,230,45,315,19,0.526316,131,24,18,131,0,49,49,49,49
186,4,51,0,0,0,0,0,0,0,0,0,0,0,0,0,0,0,0,0,0,0,0,0,0,0,0,0,0,0,0,0,0,0
186,2,50,0,0,0,0,0,0,0,0,0,0,0,0,0,0,0,0,0,0,0,0,0,0,0,0,0,0,0,0,0,0,0
187,3,52,0,0,0,0,0,0,0,0,0,0,64,4,64,4,0,0,0,0,0,315,19,0.526316,0,0,0,0,0,0,0,0,0
187,1,50,50,0.796632,49877,5004.9,0.0384,6.12,0,0,35,44,66,4,66,4,66,4,306,231,46,317,19,0.526316,131,24,20,131,0,49,49,49,49
187,4,51,0,0,0,0,0,0,0,0,0,0,0,0,0,0,0,0,0,0,0,0,0,0,0,0,0,0,0,0,0,0,0
187,2,50,0,0,0,0,0,0,0,0,0,0,0,0,0,0,0,0,0,0,0,0,0,0,0,0,0,0,0,0,0,0,0
188,3,52,0,0,0,0,0,0,0,0,0,0,66,4,66,4,0,0,0,0,0,317,19,0.526316,0,0,0,0,0,0,0,0,0
188,1,50,50,0.82969,53236.3,5322.75,0.03876,6.14,0,0,37,44,66,4,66,4,66,4,307,232,46,318,19,0.526316,132,24,20,131,0,49,49,49,49
188,4,51,0,0,0,0,0,0,0,0,0,0,0,0,0,0,0,0,0,0,0,0,0,0,0,0,0,0,0,0,0,0,0
188,2,51,0,0,0,0,0,0,0,0,0,0,0,0,0,0,0,0,0,0,0,0,0,0,0,0,0,0,0,0,0,0,0
189,3,52,0,0,0,0,0,0,0,0,0,0,66,4,66,4,0,0,0,0,0,318,19,0.526316,0,0,0,0,0,0,0,0,0
189,1,50,50,0.864085,44649.4,5474.67,0.03948,6.16,0,0,35,45,66,4,66,4,66,4,308,233,46,319,19,0.526316,132,24,20,132,0,49,49,49,49
189,4,51,0,0,0,0,0,0,0,0,0,0,0,0,0,0,0,0,0,0,0,0,0,0,0,0,0,0,0,0,0,0,0
189,2,51,0,0,0,0,0,0,0,0,0,0,0,0,0,0,0,0,0,0,0,0,0,0,0,0,0,0,0,0,0,0,0
190,3,52,0,0,0,0,0,0,0,0,0,0,66,4,66,4,0,0,0,0,0,319,19,0.526316,0,0,0,0,0,0,0,0,0
190,1,50,50,0.873354,46080.9,5557.25,0.04024,6.2,0,0,36,45,66,4,66,4,66,4,310,234,47,321,19,0.526316,132,24,22,132,0,49,49,49,49
190,4,51,0,0,0,0,0,0,0,0,0,0,0,0,0,0,0,0,0,0,0,0,0,0,0,0,0,0,0,0,0,0,0
190,2,51,0,0,0,0,0,0,0,0,0,0,0,0,0,0,0,0,0,0,0,0,0,0,0,0,0,0,0,0,0,0,0
191,3,52,0,0,0,0,0,0,0,0,0,0,66,4,66,4,0,0,0,0,0,321,19,0.526316,0,0,0,0,0,0,0,0,0
191,1,50,50,0.896005,46111.6,5609.65,0.04024,6.18,33,1,30,45,66,4,66,4,66,4,309,233,47,321,19,0.526316,132,24,22,131,0,49,49,49,49
191,4,51,0,0,0,0,0,0,0,0,0,0,0,0,0,0,0,0,0,0,0,0,0,0,0,0,0,0,0,0,0,0,0
191,2,51,0,0,0,0,0,0,0,0,0,0,0,0,0,0,0,0,0,0,0,0,0,0,0,0,0,0,0,0,0,0,0
192,3,52,0,0,0,0,0,0,0,0,0,0,66,4,66,4,0,0,0,0,0,321,19,0.526316,0,0,0,0,0,0,0,0,0
192,1,50,50,0.901505,43397.3,5457.22,0.04044,6.2,0,0,33,45,66,4,66,4,66,4,310,234,47,322,19,0.526316,132,24,22,132,0,49,49,49,49
192,4,51,0,0,0,0,0,0,0,0,0,0,0,0,0,0,0,0,0,0,0,0,0,0,0,0,0,0,0,0,0,0,0
192,2,51,0,0,0,0,0,0,0,0,0,0,0,0,0,0,0,0,0,0,0,0,0,0,0,0,0,0,0,0,0,0,0
193,3,52,0,0,0,0,0,0,0,0,0,0,66,4,66,4,0,0,0,0,0,322,19,0.526316,0,0,0,0,0,0,0,0,0
193,1,50,50,0.917724,48950.6,5518.63,0.0406,6.24,35,1,27,45,67,4,67,4,67,4,312,235,48,325,19,0.526316,131,26,22,133,0,49,49,49,49
193,4,51,0,0,0,0,0,0,0,0,0,0,0,0,0,0,0,0,0,0,0,0,0,0,0,0,0,0,0,0,0,0,0
193,2,51,0,0,0,0,0,0,0,0,0,0,0,0,0,0,0,0,0,0,0,0,0,0,0,0,0,0,0,0,0,0,0
194,3,52,0,0,0,0,0,0,0,0,0,0,67,4,67,4,0,0,0,0,0,325,19,0.526316,0,0,0,0,0,0,0,0,0
194,1,50,50,0.955463,44576.6,5267.92,0.0406,6.26,0,0,29,44,67,4,67,4,67,4,313,236,48,326,19,0.526316,131,26,22,134,0,49,49,49,49
194,4,51,0,0,0,0,0,0,0,0,0,0,0,0,0,0,0,0,0,0,0,0,0,0,0,0,0,0,0,0,0,0,0
194,2,51,0,0,0,0,0,0,0,0,0,0,0,0,0,0,0,0,0,0,0,0,0,0,0,0,0,0,0,0,0,0,0
195,3,52,0,0,0,0,0,0,0,0,0,0,67,4,67,4,0,0,0,0,0,326,19,0.526316,0,0,0,0,0,0,0,0,0
195,1,50,50,0.940741,47647.4,5263.4,0.0406,6.38,0,0,28,42,69,4,69,4,69,4,319,240,50,332,19,0.526316,132,26,23,138,0,49,49,49,49
195,4,51,0,0,0,0,0,0,0,0,0,0,0,0,0,0,0,0,0,0,0,0,0,0,0,0,0,0,0,0,0,0,0
195,2,51,0,0,0,0,0,0,0,0,0,0,0,0,0,0,0,0,0,0,0,0,0,0,0,0,0,0,0,0,0,0,0
196,3,52,0,0,0,0,0,0,0,0,0,0,69,4,69,4,0,0,0,0,0,332,19,0.526316,0,0,0,0,0,0,0,0,0
196,1,50,50,0.962683,41768.4,5010.77,0.04068,6.42,47,1,25,42,71,4,71,4,71,4,321,242,50,335,19,0.526316,133,26,23,139,0,49,49,49,49
196,4,50,0,0,0,0,0,0,0,0,0,0,0,0,0,0,0,0,0,0,0,0,0,0,0,0,0,0,0,0,0,0,0
196,2,52,0,0,0,0,0,0,0,0,0,0,0,0,0,0,0,0,0,0,0,0,0,0,0,0,0,0,0,0,0,0,0
197,3,52,0,0,0,0,0,0,0,0,0,0,71,4,71,4,0,0,0,0,0,335,19,0.526316,0,0,0,0,0,0,0,0,0
197,1,50,50,0.945227,39985.5,5007.6,0.04068,6.5,0,0,26,40,75,4,75,4,75,4,325,243,51,339,19,0.526316,134,29,23,139,0,49,49,49,49
197,4,50,0,0,0,0,0,0,0,0,0,0,0,0,0,0,0,0,0,0,0,0,0,0,0,0,0,0,0,0,0,0,0
197,2,52,0,0,0,0,0,0,0,0,0,0,0,0,0,0,0,0,0,0,0,0,0,0,0,0,0,0,0,0,0,0,0
198,3,52,0,0,0,0,0,0,0,0,0,0,75,4,75,4,0,0,0,0,0,339,19,0.526316,0,0,0,0,0,0,0,0,0
198,1,50,50,0.948618,35233.2,4711.44,0.04068,6.66,43,1,25,40,76,4,76,4,76,4,333,250,52,348,19,0.526316,137,30,23,143,0,50,49,50,49
198,4,50,0,0,0,0,0,0,0,0,0,0,0,0,0,0,0,0,0,0,0,0,0,0,0,0,0,0,0,0,0,0,0
198,2,52,0,0,0,0,0,0,0,0,0,0,0,0,0,0,0,0,0,0,0,0,0,0,0,0,0,0,0,0,0,0,0
199,3,52,0,0,0,0,0,0,0,0,0,0,76,4,76,4,0,0,0,0,0,348,19,0.526316,0,0,0,0,0,0,0,0,0
199,1,50,50,0.92973,30293.5,4646.99,0.04068,6.8,0,0,24,39,78,4,78,4,78,4,340,254,54,355,19,0.526316,139,31,23,147,0,50,49,50,49
199,4,50,0,0,0,0,0,0,0,0,0,0,0,0,0,0,0,0,0,0,0,0,0,0,0,0,0,0,0,0,0,0,0
199,2,52,0,0,0,0,0,0,0,0,0,0,0,0,0,0,0,0,0,0,0,0,0,0,0,0,0,0,0,0,0,0,0
200,3,52,0,0,0,0,0,0,0,0,0,0,78,4,78,4,0,0,0,0,0,355,19,0.526316,0,0,0,0,0,0,0,0,0
200,1,50,50,0.924011,26936.6,4351.2,0.04096,7.16,0,0,23,35,87,4,87,4,87,4,358,264,60,373,19,0.526316,143,33,25,157,0,50,49,50,49
200,4,50,0,0,0,0,0,0,0,0,0,0,0,0,0,0,0,0,0,0,0,0,0,0,0,0,0,0,0,0,0,0,0
200,2,52,0,0,0,0,0,0,0,0,0,0,0,0,0,0,0,0,0,0,0,0,0,0,0,0,0,0,0,0,0,0,0
201,3,52,0,0,0,0,0,0,0,0,0,0,87,4,87,4,0,0,0,0,0,373,19,0.526316,0,0,0,0,0,0,0,0,0
201,1,50,50,0.924353,23829.3,4197.48,0.04112,7.58,45,1,21,35,90,4,90,4,89,4,379,281,64,395,19,0.526316,150,35,26,168,0,50,49,50,49
201,4,50,0,0,0,0,0,0,0,0,0,0,0,0,0,0,0,0,0,0,0,0,0,0,0,0,0,0,0,0,0,0,0
201,2,52,0,0,0,0,0,0,0,0,0,0,0,0,0,0,0,0,0,0,0,0,0,0,0,0,0,0,0,0,0,0,0
202,3,52,0,0,0,0,0,0,0,0,0,0,90,4,90,4,0,0,0,0,0,395,19,0.526316,0,0,0,0,0,0,0,0,0
202,1,50,50,0.934405,22770.4,4073.52,0.04132,7.72,0,0,19,33,92,4,92,4,91,4,386,288,64,402,19,0.526316,152,36,27,171,0,50,49,50,49
202,4,50,0,0,0,0,0,0,0,0,0,0,0,0,0,0,0,0,0,0,0,0,0,0,0,0,0,0,0,0,0,0,0
202,2,52,0,0,0,0,0,0,0,0,0,0,0,0,0,0,0,0,0,0,0,0,0,0,0,0,0,0,0,0,0,0,0
203,3,52,0,0,0,0,0,0,0,0,0,0,92,4,92,4,0,0,0,0,0,402,19,0.526316,0,0,0,0,0,0,0,0,0
203,1,50,50,0.943741,22135.2,3891.3,0.0416,7.86,39,1,14,29,96,4,96,4,95,4,393,291,67,410,19,0.526316,155,38,28,172,0,50,49,50,49
203,4,50,0,0,0,0,0,0,0,0,0,0,0,0,0,0,0,0,0,0,0,0,0,0,0,0,0,0,0,0,0,0,0
203,2,52,0,0,0,0,0,0,0,0,0,0,0,0,0,0,0,0,0,0,0,0,0,0,0,0,0,0,0,0,0,0,0
204,3,52,0,0,0,0,0,0,0,0,0,0,96,4,96,4,0,0,0,0,0,410,19,0.526316,0,0,0,0,0,0,0,0,0
204,1,50,50,0.956224,21507.4,3922.47,0.04196,8.2,31,1,18,27,104,4,104,4,103,4,410,303,70,428,19,0.526316,160,41,30,179,0,50,49,50,49
204,4,50,0,0,0,0,0,0,0,0,0,0,0,0,0,0,0,0,0,0,0,0,0,0,0,0,0,0,0,0,0,0,0
204,2,52,0,0,0,0,0,0,0,0,0,0,0,0,0,0,0,0,0,0,0,0,0,0,0,0,0,0,0,0,0,0,0
205,3,52,0,0,0,0,0,0,0,0,0,0,104,4,104,4,0,0,0,0,0,428,19,0.526316,0,0,0,0,0,0,0,0,0
205,1,50,50,0.953048,17839.5,3796.53,0.04256,8.44,0,0,12,25,108,4,108,4,107,4,422,312,73,440,19,0.526316,163,43,33,183,0,50,49,50,49
205,4,50,0,0,0,0,0,0,0,0,0,0,0,0,0,0,0,0,0,0,0,0,0,0,0,0,0,0,0,0,0,0,0
205,2,52,0,0,0,0,0,0,0,0,0,0,0,0,0,0,0,0,0,0,0,0,0,0,0,0,0,0,0,0,0,0,0
206,3,52,0,0,0,0,0,0,0,0,0,0,108,4,108,4,0,0,0,0,0,440,19,0.526316,0,0,0,0,0,0,0,0,0
206,1,50,50,0.955034,16591.6,3821.5,0.04332,8.62,42.75,1,13,23,112,4,112,4,111,4,431,318,76,450,19,0.526316,163,45,34,189,0,50,49,50,49
206,4,50,0,0,0,0,0,0,0,0,0,0,0,0,0,0,0,0,0,0,0,0,0,0,0,0,0,0,0,0,0,0,0
206,2,52,0,0,0,0,0,0,0,0,0,0,0,0,0,0,0,0,0,0,0,0,0,0,0,0,0,0,0,0,0,0,0
207,3,52,0,0,0,0,0,0,0,0,0,0,112,4,112,4,0,0,0,0,0,450,19,0.526316,0,0,0,0,0,0,0,0,0
207,1,51,51,0.932676,11786.9,3610.9,0.0435294,8.64706,40,4,10,22,118,4,118,4,117,4,441,326,80,464,19,0.526316,167,46,36,192,0,50,50,50,50
207,4,49,0,0,0,0,0,0,0,0,0,0,0,0,0,0,0,0,0,0,0,0,0,0,0,0,0,0,0,0,0,0,0
207,2,52,0,0,0,0,0,0,0,0,0,0,0,0,0,0,0,0,0,0,0,0,0,0,0,0,0,0,0,0,0,0,0
208,3,52,0,0,0,0,0,0,0,0,0,0,118,4,118,4,0,0,0,0,0,464,19,0.526316,0,0,0,0,0,0,0,0,0
208,1,51,51,0.924003,10222.5,3505.55,0.0448627,8.66667,35,1,10,19,118,4,118,4,117,4,442,327,80,466,19,0.526316,167,46,36,193,0,50,50,50,50
208,4,50,1,0,0,0,0,1,0,0,0,0,1,1,1,1,1,1,1,1,0,1,13,0.230769,1,0,0,0,0,0,1,0,1
208,2,51,0,0,0,0,0,0,0,0,0,0,1,1,1,1,0,0,0,0,0,1,13,0.230769,0,0,0,0,0,0,0,0,0
209,3,52,0,0,0,0,0,0,0,0,0,0,118,4,118,4,0,0,0,0,0,466,19,0.526316,0,0,0,0,0,0,0,0,0
209,1,51,51,0.917906,6988.83,3329.95,0.0455294,8.70588,53,1,8,18,120,4,120,4,119,4,444,328,81,469,19,0.526316,169,45,36,194,0,50,50,50,50
209,4,50,1,0,0,0,0,1,0,0,0,0,1,1,1,1,1,1,1,1,0,1,13,0.230769,1,0,0,0,0,0,1,0,1
209,2,51,0,0,0,0,0,0,0,0,0,0,1,1,1,1,0,0,0,0,0,1,13,0.230769,0,0,0,0,0,0,0,0,0
210,3,52,0,0,0,0,0,0,0,0,0,0,120,4,120,4,0,0,0,0,0,469,19,0.526316,0,0,0,0,0,0,0,0,0
210,1,51,51,0.918457,5396.01,3095.92,0.046,8.94118,60,2,10,16,129,4,129,4,128,4,456,335,85,483,19,0.526316,174,47,38,197,0,50,50,50,50
210,4,50,1,0,0,0,0,1,0,0,0,0,1,1,1,1,1,1,1,1,0,1,13,0.230769,1,0,0,0,0,0,1,0,1
210,2,51,0,0,0,0,0,0,0,0,0,0,1,1,1,1,0,0,0,0,0,1,13,0.230769,0,0,0,0,0,0,0,0,0
211,3,52,0,0,0,0,0,0,0,0,0,0,129,4,129,4,0,0,0,0,0,483,19,0.526316,0,0,0,0,0,0,0,0,0
211,1,51,51,0.909228,4066.65,2861.67,0.046902,9.07843,0,0,7,16,133,4,133,4,132,4,463,338,87,490,19,0.526316,177,47,38,201,0,50,50,50,50
211,4,51,1,0,0,0,0,1,0,0,0,0,1,1,1,1,1,1,1,1,0,1,13,0.230769,1,0,0,0,0,0,1,0,1
211,2,51,0,0,0,0,0,0,0,0,0,0,1,1,1,1,0,0,0,0,0,1,13,0.230769,0,0,0,0,0,0,0,0,0
212,3,52,0,0,0,0,0,0,0,0,0,0,133,4,133,4,0,0,0,0,0,490,19,0.526316,0,0,0,0,0,0,0,0,0
212,1,51,51,0.912025,3707.61,2616.47,0.0479216,9.19608,51.625,2,9,16,140,4,140,4,139,4,469,339,90,498,19,0.526316,180,48,40,201,0,51,50,51,50
212,4,51,1,0,0,0,0,1,0,0,0,0,1,1,1,1,1,1,1,1,0,1,13,0.230769,1,0,0,0,0,0,1,0,1
212,2,51,0,0,0,0,0,0,0,0,0,0,1,1,1,1,0,0,0,0,0,1,13,0.230769,0,0,0,0,0,0,0,0,0
213,3,52,0,0,0,0,0,0,0,0,0,0,140,4,140,4,0,0,0,0,0,498,19,0.526316,0,0,0,0,0,0,0,0,0
213,1,51,51,0.893822,3245.69,2412.21,0.0486667,9.23529,63.5,4,8,14,143,4,143,4,142,4,471,341,90,504,19,0.526316,182,48,42,199,0,51,50,51,50
213,4,51,1,0,0,0,0,1,0,0,0,0,1,1,1,1,1,1,1,1,0,1,13,0.230769,1,0,0,0,0,0,1,0,1
213,2,51,0,0,0,0,0,0,0,0,0,0,1,1,1,1,0,0,0,0,0,1,13,0.230769,0,0,0,0,0,0,0,0,0
214,3,52,0,0,0,0,0,0,0,0,0,0,143,4,143,4,0,0,0,0,0,504,19,0.526316,0,0,0,0,0,0,0,0,0
214,1,51,51,0.878168,5568.34,2241.94,0.0494902,9.33333,64.3333,6,9,15,147,4,147,4,146,4,476,342,93,515,19,0.526316,187,49,43,197,0,51,51,51,51
214,4,51,1,0,0,0,0,1,0,0,0,0,1,1,1,1,1,1,1,1,0,1,13,0.230769,1,0,0,0,0,0,1,0,1
214,2,51,0,0,0,0,0,0,0,0,0,0,1,1,1,1,0,0,0,0,0,1,13,0.230769,0,0,0,0,0,0,0,0,0
215,3,52,0,0,0,0,0,0,0,0,0,0,147,4,147,4,0,0,0,0,0,515,19,0.526316,0,0,0,0,0,0,0,0,0
215,1,51,51,0.850597,5196.75,2111.96,0.0494902,9.35294,52.1429,7,9,14,150,4,150,4,149,4,477,344,93,523,19,0.526316,190,51,42,194,0,51,51,51,51
215,4,51,1,0,5.88235e-05,0,0.000196078,1,0,0,0,0,1,1,1,1,1,1,1,1,0,1,13,0.230769,1,0,0,0,0,0,1,0,1
215,2,51,0,0,0,0,0,0,0,0,0,0,1,1,1,1,0,0,0,0,0,1,13,0.230769,0,0,0,0,0,0,0,0,0
216,3,52,0,0,0,0,0,0,0,0,0,0,150,4,150,4,0,0,0,0,0,523,19,0.526316,0,0,0,0,0,0,0,0,0
216,1,51,51,0.81838,9461.24,1931.38,0.0498039,9.33333,67.6154,13,13,15,158,4,158,4,154,4,476,346,94,535,19,0.526316,190,50,40,196,0,51,51,51,51
216,4,51,1,0,5.88235e-05,0,0.000196078,1,0,0,0,0,1,1,1,1,1,1,1,1,0,1,13,0.230769,1,0,0,0,0,0,1,0,1
216,2,51,0,0,0,0,0,0,0,0,0,0,1,1,1,1,0,0,0,0,0,1,13,0.230769,0,0,0,0,0,0,0,0,0
217,3,52,0,0,0,0,0,0,0,0,0,0,158,4,158,4,0,0,0,0,0,535,19,0.526316,0,0,0,0,0,0,0,0,0
217,1,51,51,0.765281,9240.99,1792.75,0.0505882,9.41177,58,4,18,20,162,4,162,4,157,4,480,350,96,543,19,0.526316,189,51,42,198,0,51,51,51,51
217,4,51,1,0,0.000934686,0,0.000196078,1,0,0,0,0,1,1,1,1,1,1,1,1,0,1,13,0.230769,1,0,0,0,0,0,1,0,1
217,2,51,0,0,0,0,0,0,0,0,0,0,1,1,1,1,0,0,0,0,0,1,13,0.230769,0,0,0,0,0,0,0,0,0
218,3,52,0,0,0,0,0,0,0,0,0,0,162,4,162,4,0,0,0,0,0,543,19,0.526316,0,0,0,0,0,0,0,0,0
218,1,51,51,0.698198,13793.2,1580.34,0.0508627,9.35294,62.1111,9,21,23,165,4,165,4,157,4,477,349,94,549,19,0.526316,192,49,41,195,0,51,51,51,51
218,4,51,1,0,0.000934686,0,0.000196078,1,0,0,0,0,1,1,1,1,1,1,1,1,0,1,13,0.230769,1,0,0,0,0,0,1,0,1
218,2,51,0,0,0,0,0,0,0,0,0,0,1,1,1,1,0,0,0,0,0,1,13,0.230769,0,0,0,0,0,0,0,0,0
219,3,52,0,0,0,0,0,0,0,0,0,0,165,4,165,4,0,0,0,0,0,549,19,0.526316,0,0,0,0,0,0,0,0,0
219,1,51,51,0.631199,17103.4,1406.22,0.0515686,9.43137,66.4286,7,25,26,172,4,172,4,164,4,481,352,94,560,19,0.526316,194,49,42,196,0,51,51,51,51
219,4,51,1,0,0.0145549,0,0.000196078,1,0,0,0,0,1,1,1,1,1,1,1,1,0,1,13,0.230769,1,0,0,0,0,0,1,0,1
219,2,51,0,0,0,0,0,0,0,0,0,0,1,1,1,1,0,0,0,0,0,1,13,0.230769,0,0,0,0,0,0,0,0,0
220,3,52,0,0,0,0,0,0,0,0,0,0,172,4,172,4,0,0,0,0,0,560,19,0.526316,0,0,0,0,0,0,0,0,0
220,1,51,51,0.562133,20409,1200.2,0.0520784,9.39216,62.1667,12,23,27,175,4,175,4,165,4,479,350,97,570,19,0.526316,196,47,43,193,0,51,51,51,51
220,4,52,1,0,0.014275,0,0.000192308,1,0,0,0,0,1,1,1,1,1,1,1,1,0,1,13,0.230769,1,0,0,0,0,0,1,0,1
220,2,51,0,0,0,0,0,0,0,0,0,0,1,1,1,1,0,0,0,0,0,1,13,0.230769,0,0,0,0,0,0,0,0,0
221,3,52,0,0,0,0,0,0,0,0,0,0,175,4,175,4,0,0,0,0,0,570,19,0.526316,0,0,0,0,0,0,0,0,0
221,1,51,51,0.542491,26926.7,1017.25,0.0527843,9.39216,64,10,26,30,181,4,181,4,168,4,479,350,97,580,19,0.526316,198,46,44,191,0,51,51,51,51
221,4,52,1,0,0.222291,0,0.000192308,1,0,0,0,0,1,1,1,1,1,1,1,1,0,1,13,0.230769,1,0,0,0,0,0,1,0,1
221,2,51,0,0,0,0,0,0,0,0,0,0,1,1,1,1,0,0,0,0,0,1,13,0.230769,0,0,0,0,0,0,0,0,0
222,3,52,0,0,0,0,0,0,0,0,0,0,181,4,181,4,0,0,0,0,0,580,19,0.526316,0,0,0,0,0,0,0,0,0
222,1,51,51,0.495096,29141.3,849.314,0.053098,9.4902,66.3333,3,25,31,185,4,185,4,171,4,484,356,97,588,19,0.526316,200,46,44,194,0,51,51,51,51
222,4,52,1,0,0.222291,0,0.000192308,1,0,0,0,0,1,1,1,1,1,1,1,1,0,1,13,0.230769,1,0,0,0,0,0,1,0,1
222,2,51,0,0,0,0,0,0,0,0,0,0,1,1,1,1,0,0,0,0,0,1,13,0.230769,0,0,0,0,0,0,0,0,0
223,3,52,0,0,0,0,0,0,0,0,0,0,185,4,185,4,0,0,0,0,0,588,19,0.526316,0,0,0,0,0,0,0,0,0
223,1,51,51,0.482517,32457.2,716.731,0.0538824,9.2549,59.3667,15,25,31,187,4,187,4,173,4,472,345,97,591,19,0.526316,193,46,44,189,0,51,51,51,51
223,4,52,1,0,3.46154,0,0.000192308,1,0,0,0,0,1,1,1,1,1,1,1,1,0,1,13,0.230769,1,0,0,0,0,0,1,0,1
223,2,51,0,0,0,0,0,0,0,0,0,0,1,1,1,1,0,0,0,0,0,1,13,0.230769,0,0,0,0,0,0,0,0,0
224,3,52,0,0,0,0,0,0,0,0,0,0,187,4,187,4,0,0,0,0,0,591,19,0.526316,0,0,0,0,0,0,0,0,0
224,1,51,51,0.429024,32052,598.713,0.0545098,9.27451,64.2308,13,24,33,194,4,194,4,180,4,473,344,99,605,19,0.526316,196,46,44,187,0,51,51,51,51
224,4,52,1,0,3.46154,0,0.000192308,1,0,0,0,0,1,1,1,1,1,1,1,1,0,1,13,0.230769,1,0,0,0,0,0,1,0,1
224,2,51,0,0,0,0,0,0,0,0,0,0,1,1,1,1,0,0,0,0,0,1,13,0.230769,0,0,0,0,0,0,0,0,0
225,3,52,1,0,0,0,0,3,0,0,0,0,195,4,195,4,3,2,3,1,1,608,19,0.526316,1,0,0,2,0,1,1,1,1
225,1,51,51,0.425978,32752.1,565.537,0.054902,9.2549,60.1429,7,28,35,198,4,198,4,182,4,472,344,98,614,19,0.526316,198,45,44,185,0,51,51,51,51
225,4,52,1,0,53.9034,0,0.000192308,1,0,0,1,1,1,1,1,1,1,1,1,1,0,1,13,0.230769,1,0,0,0,0,0,1,0,1
225,2,51,0,0,0,0,0,0,0,0,0,0,1,1,1,1,0,0,0,0,0,1,13,0.230769,0,0,0,0,0,0,0,0,0
226,3,52,1,0,0,0,0,3,0,0,0,0,198,4,198,4,3,2,3,1,1,614,19,0.526316,1,0,0,2,0,1,1,1,1
226,1,51,51,0.388198,32191.4,509.466,0.0553333,9.19608,61.9688,12,23,35,204,4,204,4,186,4,469,342,97,623,19,0.526316,193,45,44,187,0,51,51,51,51
226,4,52,1,0,49.1386,0,0.000192308,1,0,0,1,1,1,1,1,1,1,1,1,1,0,1,13,0.230769,1,0,0,0,0,0,1,0,1
226,2,51,0,0,0,0,0,0,0,0,0,0,1,1,1,1,0,0,0,0,0,1,13,0.230769,0,0,0,0,0,0,0,0,0
227,3,52,1,0,0,0,0,3,0,0,0,0,204,4,204,4,3,2,3,1,1,623,19,0.526316,1,0,0,2,0,1,1,1,1
227,1,51,51,0.409206,29106.5,579.577,0.0556863,9.31373,69.4,10,27,33,210,4,210,4,192,4,475,342,102,639,19,0.526316,193,46,45,191,0,51,51,51,51
227,4,52,1,0,538.533,0,0.000192308,1,0,0,1,1,1,1,1,1,1,1,1,1,0,1,13,0.230769,1,0,0,0,0,0,1,0,1
227,2,51,0,0,0,0,0,0,0,0,0,0,1,1,1,1,0,0,0,0,0,1,13,0.230769,0,0,0,0,0,0,0,0,0
228,3,52,1,0,0,0,0,3,0,0,0,0,210,4,210,4,3,2,3,1,1,639,19,0.526316,1,0,0,2,0,1,1,1,1
228,1,51,51,0.387215,29339.3,593.584,0.0560784,9.21569,64.8269,13,24,32,214,4,214,4,195,4,470,340,98,647,19,0.526316,191,45,45,189,0,51,51,51,51
228,4,52,1,0,268.811,0,0.000192308,1,0,0,1,1,1,1,1,1,1,1,1,1,0,1,13,0.230769,1,0,0,0,0,0,1,0,1
228,2,51,0,0,0,0,0,0,0,0,0,0,1,1,1,1,0,0,0,0,0,1,13,0.230769,0,0,0,0,0,0,0,0,0
229,3,52,1,0,0,0,0,3,0,0,0,0,214,4,214,4,3,2,3,1,1,647,19,0.526316,1,0,0,2,0,1,1,1,1
229,1,51,51,0.419989,23164.8,715.208,0.056549,9.05882,67.1538,13,23,32,216,4,216,4,195,4,462,334,97,652,19,0.526316,188,43,46,185,0,50,51,50,51
229,4,52,1,0,1983.72,0,0.000192308,1,0,0,1,1,1,1,1,1,1,1,1,1,0,1,13,0.230769,1,0,0,0,0,0,1,0,1
229,2,51,0,0,0,0,0,0,0,0,0,0,1,1,1,1,0,0,0,0,0,1,13,0.230769,0,0,0,0,0,0,0,0,0
230,3,52,1,0,0,0,0,3,0,0,0,0,216,4,216,4,3,2,3,1,1,652,19,0.526316,1,0,0,2,0,1,1,1,1
230,1,51,51,0.448937,23966,858.764,0.0566667,8.98039,59.5,12,23,30,220,4,220,4,196,4,458,331,96,660,19,0.526316,188,44,45,181,0,50,51,50,51
230,4,52,1,2.27014e-07,720.375,0.000291308,0.000192308,1,0,0,0,1,1,1,1,1,1,1,1,1,0,1,13,0.230769,1,0,0,0,0,0,1,0,1
230,2,51,0,0,0,0,0,0,0,0,0,0,1,1,1,1,0,0,0,0,0,1,13,0.230769,0,0,0,0,0,0,0,0,0
231,3,52,1,0,0,0,0,3,0,0,0,0,220,4,220,4,3,2,3,1,1,660,19,0.526316,1,0,0,2,0,1,1,1,1
231,1,51,51,0.499733,18551.6,1019.63,0.0574902,9.09804,57.8,5,24,32,227,4,227,4,203,4,464,335,97,671,19,0.526316,186,44,48,186,0,50,51,50,51
231,4,52,1,1.19731e-06,3268.1,0.000221277,0.000192308,1,0,0,1,1,1,1,1,1,1,1,1,1,0,1,13,0.230769,1,0,0,0,0,0,1,0,1
231,2,51,0,0,0,0,0,0,0,0,0,0,1,1,1,1,0,0,0,0,0,1,13,0.230769,0,0,0,0,0,0,0,0,0
232,3,52,1,0,0.000230769,0,0.000538462,3,0,0,0,0,227,4,227,4,3,2,3,1,1,671,19,0.526316,1,0,0,2,0,1,1,1,1
232,1,51,51,0.547147,18855.1,1284.83,0.0579216,9.15686,69,5,21,32,232,4,232,4,207,4,467,339,96,679,19,0.526316,191,43,48,185,0,50,51,50,51
232,4,52,1,3.8104e-06,796.653,0.0047042,0.000192308,1,0,0,0,1,1,1,1,1,1,1,1,1,0,1,13,0.230769,1,0,0,0,0,0,1,0,1
232,2,51,0,0,0,0,0,0,0,0,0,0,1,1,1,1,0,0,0,0,0,1,13,0.230769,0,0,0,0,0,0,0,0,0
233,3,52,1,0,0.000230769,0,0.000538462,3,0,0,0,0,232,4,232,4,3,2,3,1,1,679,19,0.526316,1,0,0,2,0,1,1,1,1
233,1,51,51,0.579948,18323,1511.5,0.0583137,9.17647,62.4375,16,22,33,239,4,239,4,211,4,468,340,95,696,19,0.526316,189,44,50,185,0,50,51,50,51
233,4,52,1,1.98286e-05,2848.88,0.00356545,0.000192308,1,0,0,1,1,1,1,1,1,1,1,1,1,0,1,13,0.230769,1,0,0,0,0,0,1,0,1
233,2,51,0,0,0,0,0,0,0,0,0,0,1,1,1,1,0,0,0,0,0,1,13,0.230769,0,0,0,0,0,0,0,0,0
234,3,52,2,0,0.00366746,0,0.000538462,2.5,0,0,0,0,240,4,240,4,5,2,5,2,2,698,19,0.526316,1,0,0,4,0,2,1,2,1
234,1,51,51,0.618458,16617.3,1768.49,0.0586275,9.09804,53.375,12,27,32,243,4,243,4,212,4,464,338,93,706,19,0.526316,186,43,50,185,0,50,51,50,51
234,4,52,1,5.98086e-05,562.223,0.0733441,0.000192308,1,0,0,0,1,1,1,1,1,1,1,1,1,0,1,13,0.230769,1,0,0,0,0,0,1,0,1
234,2,51,0,0,0,0,0,0,0,0,0,0,1,1,1,1,0,0,0,0,0,1,13,0.230769,0,0,0,0,0,0,0,0,0
235,3,52,2,0,0.00366746,0,0.000538462,2.5,0,0,0,0,243,4,243,4,5,2,5,2,2,706,19,0.526316,1,0,0,4,0,2,1,2,1
235,1,51,51,0.634585,21624.1,1939.34,0.0590588,9.2549,61.8889,9,25,34,251,4,251,4,216,4,472,347,92,723,19,0.526316,193,43,50,186,0,50,51,50,51
235,4,52,1,0.0003084,1614.57,0.0555987,0.000192308,1,0,0,1,1,1,1,1,1,1,1,1,1,0,1,13,0.230769,1,0,0,0,0,0,1,0,1
235,2,51,0,0,0,0,0,0,0,0,0,0,1,1,1,1,0,0,0,0,0,1,13,0.230769,0,0,0,0,0,0,0,0,0
236,3,52,2,0,0.0571189,0,0.000538462,2.5,0,0,0,0,251,4,251,4,5,2,5,2,2,723,19,0.526316,1,0,0,4,0,2,1,2,1
236,1,51,51,0.645368,16905.1,2095.07,0.059451,9.21569,64.1667,12,26,35,256,4,256,4,218,4,470,350,90,733,19,0.526316,195,43,49,183,0,51,51,51,51
236,4,52,1,0.000958076,267.068,1.14221,0.000192308,1,0,0,0,1,1,1,1,1,1,1,1,1,0,1,13,0.230769,1,0,0,0,0,0,1,0,1
236,2,51,0,0,0,0,0,0,0,0,0,0,1,1,1,1,0,0,0,0,0,1,13,0.230769,0,0,0,0,0,0,0,0,0
237,3,52,3,0,0.0571189,0,0.000538462,2.66667,0,0,0,0,259,4,259,4,8,2,8,3,3,736,19,0.526316,1,0,0,7,0,3,1,3,1
237,1,51,51,0.656974,23947.5,2202.51,0.0596078,9.21569,60.5556,9,26,33,264,4,264,4,223,4,470,353,88,745,19,0.526316,194,45,49,182,0,51,51,51,51
237,4,52,1,0.00441565,672.902,0.865863,0.000192308,1,0,0,1,1,1,1,1,1,1,1,1,1,0,1,13,0.230769,1,0,0,0,0,0,1,0,1
237,2,51,0,0,0,0,0,0,0,0,0,0,1,1,1,1,0,0,0,0,0,1,13,0.230769,0,0,0,0,0,0,0,0,0
238,3,52,3,0,0.889601,0,0.000538462,2.66667,0,0,0,0,264,4,264,4,8,2,8,3,3,745,19,0.526316,1,0,0,7,0,3,1,3,1
238,1,51,51,0.647057,17964.2,2213.96,0.0596078,9.35294,51.4444,9,24,32,270,4,270,4,228,4,477,358,90,761,19,0.526316,200,46,50,181,0,51,51,51,51
238,4,52,1,0.00919089,102.341,12.4779,0.000192308,1,0,0,0,1,1,1,1,1,1,1,1,1,0,1,13,0.230769,1,0,0,0,0,0,1,0,1
238,2,51,0,0,0,0,0,0,0,0,0,0,1,1,1,1,0,0,0,0,0,1,13,0.230769,0,0,0,0,0,0,0,0,0
239,3,52,3,0,0.889601,0,0.000538462,2.66667,0,0,0,0,270,4,270,4,8,2,8,3,3,761,19,0.526316,1,0,0,7,0,3,1,3,1
239,1,50,50,0.648136,23330,2237.63,0.06016,9.18,61.8068,11,21,31,272,4,272,4,223,4,459,346,87,764,19,0.526316,191,45,49,174,0,49,50,49,50
239,4,53,2,0.0361919,1207.22,71.0549,0.000981132,5.5,0,0,2,2,1,1,1,1,10,2,11,7,2,1,13,0.230769,10,0,1,0,0,1,2,1,2
239,2,51,0,0,0,0,0,0,0,0,0,0,1,1,1,1,0,0,0,0,0,1,13,0.230769,0,0,0,0,0,0,0,0,0
240,3,52,3,0,13.8551,0,0.000538462,2.66667,0,0,0,0,272,4,272,4,8,2,8,3,3,764,19,0.526316,1,0,0,7,0,3,1,3,1
240,1,50,50,0.646173,19081,2113.11,0.06064,9.2,65,4,21,30,274,4,274,4,224,4,460,347,88,769,19,0.526316,193,44,49,174,0,49,50,49,50
240,4,53,2,0.0360189,340.52,109.021,0.000981132,5.5,0,0,1,2,1,1,1,1,10,2,11,7,2,1,13,0.230769,10,0,1,0,0,1,2,1,2
240,2,51,0,0,0,0,0,0,0,0,0,0,1,1,1,1,0,0,0,0,0,1,13,0.230769,0,0,0,0,0,0,0,0,0
241,3,52,3,0,13.837,0,0.000769231,2.66667,0,0,1,1,274,4,274,4,8,2,8,3,3,769,19,0.526316,1,0,0,7,0,3,1,3,1
241,1,50,50,0.638621,22518.3,2028.64,0.06128,9.18,52.4722,9,21,29,277,4,277,4,226,4,459,346,89,777,19,0.526316,191,45,48,175,0,48,50,48,50
241,4,53,3,0.0377315,447.823,148.014,0.000981132,4.66667,0,0,2,2,4,2,4,2,13,3,14,8,3,4,19,0.368421,11,0,1,2,0,2,3,2,3
241,2,51,0,0,0,0,0,0,0,0,0,0,4,2,4,2,0,0,0,0,0,4,19,0.368421,0,0,0,0,0,0,0,0,0
242,3,51,3,0,214.788,0,0.000784314,2.66667,0,0,1,1,277,4,277,4,8,2,8,3,3,777,19,0.526316,1,0,0,7,0,3,1,3,1
242,1,51,50,0.613416,17371.2,1803.67,0.061098,9.04,64.3056,9,18,26,278,4,278,4,226,4,452,340,88,779,19,0.526316,185,45,48,174,0,48,50,48,50
242,4,53,3,0.0377233,118.301,227.343,0.000981132,4.66667,0,0,1,2,4,2,4,2,13,3,14,8,3,4,19,0.368421,11,0,1,2,0,2,3,2,3
242,2,51,0,0,0,0,0,0,0,0,0,0,4,2,4,2,0,0,0,0,0,4,19,0.368421,0,0,0,0,0,0,0,0,0
243,3,51,4,0,181.752,0,0.000784314,2.25,0,0,1,1,279,4,279,4,9,3,9,4,3,780,19,0.526316,1,1,0,7,0,3,2,3,2
243,1,51,50,0.614205,20533.9,1678.05,0.061451,8.9,49.4135,13,19,27,280,4,280,4,223,4,445,333,89,786,19,0.526316,188,45,47,165,0,48,50,48,50
243,4,53,3,0.0377358,153.367,230.119,0.000981132,4.66667,0,0,1,1,4,2,4,2,13,3,14,8,3,4,19,0.368421,11,0,1,2,0,2,3,2,3
243,2,51,0,0,0,0,0,0,0,0,0,0,4,2,4,2,0,0,0,0,0,4,19,0.368421,0,0,0,0,0,0,0,0,0
244,3,51,4,0,1721.87,0,0.00113725,2.25,0,0,1,1,280,4,280,4,9,3,9,4,3,786,19,0.526316,1,1,0,7,0,3,2,3,2
244,1,51,50,0.633988,14883.6,1553.03,0.0615686,9.04,54.2,10,21,28,290,4,290,4,232,4,452,338,89,803,19,0.526316,192,47,48,165,0,48,50,48,50
244,4,53,4,0.0377358,37.0996,310.522,0.000981132,4,0,0,0,1,6,2,6,2,14,3,16,9,4,6,19,0.421053,13,0,1,2,0,3,4,3,4
244,2,51,0,0,0,0,0,0,0,0,0,0,6,2,6,2,0,0,0,0,0,6,19,0.421053,0,0,0,0,0,0,0,0,0
245,3,51,4,0,824.883,0,0.00113725,2.25,0,0,1,1,290,4,290,4,9,3,9,4,3,803,19,0.526316,1,1,0,7,0,3,2,3,2
245,1,51,50,0.621803,18744,1427.87,0.0621176,9.12,54.1111,9,22,29,297,4,297,4,237,4,456,337,92,816,19,0.526316,194,49,48,165,0,49,50,49,50
245,4,53,4,0.0377358,49.8884,278.791,0.000981132,4,0,0,0,1,6,2,6,2,14,3,16,9,4,6,19,0.421053,13,0,1,2,0,3,4,3,4
245,2,51,0,0,0,0,0,0,0,0,0,0,6,2,6,2,0,0,0,0,0,6,19,0.421053,0,0,0,0,0,0,0,0,0
246,3,51,5,0,5703.81,0,0.00113725,2.4,0,0,1,1,299,4,299,4,11,4,12,5,4,819,19,0.526316,1,2,1,8,0,4,3,4,3
246,1,51,50,0.648145,13072.9,1445.15,0.0621176,9.3,58.25,8,19,29,302,4,302,4,238,4,465,343,95,836,19,0.526316,200,50,49,166,0,50,50,50,50
246,4,53,4,0.0377358,11.2315,322.483,0.000981132,4,0,0,0,0,6,2,6,2,14,3,16,9,4,6,19,0.421053,13,0,1,2,0,3,4,3,4
246,2,51,0,0,0,0,0,0,0,0,0,0,6,2,6,2,0,0,0,0,0,6,19,0.421053,0,0,0,0,0,0,0,0,0
247,3,52,5,8.42019e-07,1895.28,0.00116563,0.00111538,2.4,0,0,0,1,302,4,302,4,11,4,12,5,4,836,19,0.526316,1,2,1,8,0,4,3,4,3
247,1,50,50,0.678826,17672.2,1376.52,0.0636,9.22,50.4205,11,22,29,304,4,304,4,235,4,461,342,94,843,19,0.526316,200,50,49,162,0,50,50,50,50
247,4,53,4,0.0377358,15.9666,269.665,0.000981132,4,0,0,0,0,6,2,6,2,14,3,16,9,4,6,19,0.421053,13,0,1,2,0,3,4,3,4
247,2,51,0,0,0,0,0,0,0,0,0,0,6,2,6,2,0,0,0,0,0,6,19,0.421053,0,0,0,0,0,0,0,0,0
248,3,52,5,4.53871e-06,8302.53,0.000884204,0.00111538,2.4,0,0,1,1,304,4,304,4,11,4,12,5,4,843,19,0.526316,1,2,1,8,0,4,3,4,3
248,1,50,50,0.716858,12198.9,1501.45,0.06372,9.18,53.6042,6,17,28,306,4,306,4,235,4,459,340,94,847,19,0.526316,198,50,49,162,0,50,50,50,50
248,4,53,4,0.0377358,3.38378,269.257,0.0014717,4,0,0,0,0,6,2,6,2,14,3,16,9,4,6,19,0.421053,13,0,1,2,0,3,4,3,4
248,2,51,0,0,0,0,0,0,0,0,0,0,6,2,6,2,0,0,0,0,0,6,19,0.421053,0,0,0,0,0,0,0,0,0
249,3,52,5,1.45995e-05,1985.18,0.0188242,0.00111538,2.4,0,0,0,1,306,4,306,4,11,4,12,5,4,847,19,0.526316,1,2,1,8,0,4,3,4,3
249,1,50,50,0.758253,15579.9,1430.49,0.06372,9.08,51.875,9,19,28,309,4,309,4,235,4,454,341,90,851,19,0.526316,193,50,49,162,0,50,50,50,50
249,4,53,4,0.0377358,5.10324,215.382,0.0014717,4,0,0,0,0,6,2,6,2,14,3,16,9,4,6,19,0.421053,13,0,1,2,0,3,4,3,4
249,2,51,0,0,0,0,0,0,0,0,0,0,6,2,6,2,0,0,0,0,0,6,19,0.421053,0,0,0,0,0,0,0,0,0
250,3,52,5,7.69085e-05,6846.6,0.0142759,0.00130769,2.4,0,0,2,2,309,4,309,4,11,4,12,5,4,851,19,0.526316,1,2,1,8,0,4,3,4,3
250,1,50,50,0.760129,10952.5,1559.51,0.06392,9.18,32.5,4,18,29,314,4,314,4,238,4,459,344,92,860,19,0.526316,198,51,49,161,0,50,50,50,50
250,4,53,4,0.0377358,1.03128,192.237,0.0014717,4,0,0,0,0,6,2,6,2,14,3,16,9,4,6,19,0.421053,13,0,1,2,0,3,4,3,4
250,2,51,0,0,0,0,0,0,0,0,0,0,6,2,6,2,0,0,0,0,0,6,19,0.421053,0,0,0,0,0,0,0,0,0
251,3,52,5,0.000227685,1480.2,0.293581,0.00130769,2.4,0,0,1,2,314,4,314,4,11,4,12,5,4,860,19,0.526316,1,2,1,8,0,4,3,4,3
251,1,50,50,0.773659,13529.5,1520.23,0.06468,9.24,42.1429,7,21,30,322,4,322,4,243,4,462,347,92,870,19,0.526316,199,52,49,162,0,50,50,50,50
251,4,53,4,0.0377358,1.65426,149.87,0.00181132,4,0,0,0,0,6,2,6,2,14,3,16,9,4,6,19,0.421053,13,0,1,2,0,3,4,3,4
251,2,51,0,0,0,0,0,0,0,0,0,0,6,2,6,2,0,0,0,0,0,6,19,0.421053,0,0,0,0,0,0,0,0,0
252,3,52,5,0.00116875,3806.62,0.222552,0.00130769,2.4,0,0,2,2,322,4,322,4,11,4,12,5,4,870,19,0.526316,1,2,1,8,0,4,3,4,3
252,1,49,49,0.760207,8929.88,1639.04,0.065551,9.18367,42.0909,11,17,30,324,4,324,4,240,4,450,341,87,878,19,0.526316,199,50,47,154,0,49,49,49,49
252,4,54,5,0.0413466,568.802,124.053,0.00307407,5,0,0,1,1,6,2,6,2,22,4,25,16,6,6,19,0.421053,14,1,3,7,0,4,5,4,5
252,2,51,0,0,0,0,0,0,0,0,0,0,6,2,6,2,0,0,0,0,0,6,19,0.421053,0,0,0,0,0,0,0,0,0
253,3,52,5,0.00327302,1686.74,4.48208,0.00169231,2.4,0,0,2,3,324,4,324,4,11,4,12,5,4,878,19,0.526316,1,2,1,8,0,4,3,4,3
253,1,49,49,0.71498,11137.3,1549.71,0.0662857,9.2449,38.7143,7,23,31,327,4,327,4,240,4,453,344,87,888,19,0.526316,202,50,49,152,0,49,49,49,49
253,4,54,5,0.0437336,109.003,105.405,0.00307407,5,0,0,1,1,6,2,6,2,22,4,25,16,6,6,19,0.421053,14,1,3,7,0,4,5,4,5
253,2,51,0,0,0,0,0,0,0,0,0,0,6,2,6,2,0,0,0,0,0,6,19,0.421053,0,0,0,0,0,0,0,0,0
254,3,52,5,0.0119732,2157.38,3.39767,0.00169231,2.4,0,0,3,3,327,4,327,4,11,4,12,5,4,888,19,0.526316,1,2,1,8,0,4,3,4,3
254,1,49,49,0.667056,9400.09,1613.37,0.0664898,9.12245,48.6696,14,15,29,330,4,330,4,237,4,447,341,87,896,19,0.526316,201,49,46,151,0,49,49,49,49
254,4,54,5,0.0446352,403.739,83.5781,0.00307407,5,0,0,1,1,6,2,6,2,22,4,25,16,6,6,19,0.421053,14,1,3,7,0,4,5,4,5
254,2,51,0,0,0,0,0,0,0,0,0,0,6,2,6,2,0,0,0,0,0,6,19,0.421053,0,0,0,0,0,0,0,0,0
255,3,52,5,0.0160495,3471.85,39.9184,0.00169231,2.4,0,0,2,3,330,4,330,4,11,4,12,5,4,896,19,0.526316,1,2,1,8,0,4,3,4,3
255,1,49,49,0.632995,11043.5,1466.01,0.0664898,9.28571,48.5,4,18,31,336,4,336,4,240,4,455,348,88,908,19,0.526316,204,53,46,152,0,49,49,49,49
255,4,54,5,0.050911,133.791,85.4638,0.00307407,5,0,0,0,1,6,2,6,2,22,4,25,16,6,6,19,0.421053,14,1,3,7,0,4,5,4,5
255,2,51,0,0,0,0,0,0,0,0,0,0,6,2,6,2,0,0,0,0,0,6,19,0.421053,0,0,0,0,0,0,0,0,0
256,3,52,5,0.0192294,2878.8,30.2611,0.00169231,2.4,0,0,2,3,336,4,336,4,11,4,12,5,4,908,19,0.526316,1,2,1,8,0,4,3,4,3
256,1,49,49,0.641679,11867.3,1517.64,0.0665306,9.44898,55.8,5,19,29,344,4,344,4,247,4,463,353,91,921,19,0.526316,204,53,49,157,0,49,49,49,49
256,4,54,5,0.0551221,636.741,65.9909,0.00307407,5,0,0,1,1,6,2,6,2,22,4,25,16,6,6,19,0.421053,14,1,3,7,0,4,5,4,5
256,2,51,0,0,0,0,0,0,0,0,0,0,6,2,6,2,0,0,0,0,0,6,19,0.421053,0,0,0,0,0,0,0,0,0
257,3,52,5,0.0192298,4748.63,150.054,0.00169231,2.4,0,0,2,3,344,4,344,4,11,4,12,5,4,921,19,0.526316,1,2,1,8,0,4,3,4,3
257,1,49,49,0.620845,11134.4,1334.45,0.0668163,9.38776,47.75,8,17,26,345,4,345,4,244,4,460,352,89,926,19,0.526316,203,52,49,156,0,49,49,49,49
257,4,54,7,0.0537168,167.391,86.719,0.00307407,4,0,0,2,2,8,2,8,2,24,4,28,18,7,9,19,0.421053,17,1,3,7,0,4,7,4,7
257,2,51,0,0,0,0,0,0,0,0,0,0,8,2,8,2,0,0,0,0,0,9,19,0.421053,0,0,0,0,0,0,0,0,0
258,3,52,5,0.019242,5298.47,113.763,0.00169231,2.4,0,0,3,4,345,4,345,4,11,4,12,5,4,926,19,0.526316,1,2,1,8,0,4,3,4,3
258,1,49,49,0.639667,12023,1392.35,0.0672653,9.30612,51,8,18,27,347,4,347,4,244,4,456,350,88,930,19,0.526316,200,53,50,153,0,49,49,49,49
258,4,54,7,0.055201,747.309,66.1241,0.00307407,3.85714,25,1,2,2,8,2,8,2,24,4,27,18,6,9,19,0.421053,17,1,3,6,0,4,7,4,7
258,2,51,0,0,0,0,0,0,0,0,0,0,8,2,8,2,0,0,0,0,0,9,19,0.421053,0,0,0,0,0,0,0,0,0
259,3,52,5,0.0192905,4560.91,286.218,0.00169231,2.4,0,0,2,4,347,4,347,4,11,4,12,5,4,930,19,0.526316,1,2,1,8,0,4,3,4,3
259,1,49,49,0.649041,11152.9,1218.7,0.0676735,9.36735,50.7778,9,15,25,354,4,354,4,249,4,459,354,86,942,19,0.526316,200,57,49,153,0,49,49,49,49
259,4,54,7,0.0548044,298.815,89.5631,0.00307407,4,0,0,1,2,8,2,8,2,24,4,28,19,6,10,19,0.421053,18,1,3,6,0,4,7,4,7
259,2,51,0,0,0,0,0,0,0,0,0,0,8,2,8,2,0,0,0,0,0,10,19,0.421053,0,0,0,0,0,0,0,0,0
260,3,52,5,0.019413,6851.04,217.181,0.00169231,2.4,0,0,3,5,354,4,354,4,11,4,12,5,4,942,19,0.526316,1,2,1,8,0,4,3,4,3
260,1,50,50,0.643229,9771.78,1286.1,0.06804,9.26,41.3077,13,17,27,356,4,356,4,246,4,463,362,83,951,19,0.526316,201,57,53,152,0,50,50,50,50
260,4,53,8,0.0370171,1568.33,15.4085,0.00181132,2.875,0,0,2,2,9,2,9,2,17,3,23,15,5,13,19,0.421053,20,0,1,2,0,4,7,4,7
260,2,51,0,0,0,0,0,0,0,0,0,0,9,2,9,2,0,0,0,0,0,13,19,0.421053,0,0,0,0,0,0,0,0,0
261,3,52,5,0.0201518,3374.71,333.708,0.00169231,2.4,0,0,3,5,356,4,356,4,11,4,12,5,4,951,19,0.526316,1,2,1,8,0,4,3,4,3
261,1,50,50,0.644098,9875,1159.19,0.06844,9.28,45,7,16,30,360,4,360,4,248,4,464,362,83,959,19,0.526316,202,57,53,152,0,50,50,50,50
261,4,53,8,0.0361427,1006.16,11.6867,0.00181132,2.875,0,0,2,2,9,2,9,2,17,3,23,15,5,13,19,0.421053,20,0,1,2,0,4,7,4,7
261,2,51,0,0,0,0,0,0,0,0,0,0,9,2,9,2,0,0,0,0,0,13,19,0.421053,0,0,0,0,0,0,0,0,0
262,3,52,5,0.022033,6827.4,256.271,0.00169231,2.4,0,0,3,4,360,4,360,4,11,4,12,5,4,959,19,0.526316,1,2,1,8,0,4,3,4,3
262,1,50,50,0.639386,7249.92,1161.66,0.06904,9.28,60.875,6,22,30,362,4,362,4,248,4,464,363,82,965,19,0.526316,200,58,52,154,0,50,50,50,50
262,4,53,9,0.0348043,5490.54,8.89947,0.00181132,2.66667,0,0,2,2,9,2,9,2,17,3,24,16,5,14,19,0.421053,21,0,1,2,0,4,8,4,8
262,2,51,0,0,0,0,0,0,0,0,0,0,9,2,9,2,0,0,0,0,0,14,19,0.421053,0,0,0,0,0,0,0,0,0
263,3,52,5,0.0298858,3395.44,287.445,0.00169231,2.4,0,0,2,4,362,4,362,4,11,4,12,5,4,965,19,0.526316,1,2,1,8,0,4,3,4,3
263,1,50,50,0.626468,9132.26,1040.34,0.06948,9.24,50.4688,12,18,27,368,4,368,4,252,4,462,358,85,975,19,0.526316,200,58,52,152,0,50,50,50,50
263,4,53,11,0.0329582,3464.86,6.74842,0.00181132,2.36364,0,0,1,2,9,2,9,2,17,3,26,18,5,16,19,0.421053,23,0,1,2,0,4,10,4,10
263,2,51,0,0,0,0,0,0,0,0,0,0,9,2,9,2,0,0,0,0,0,16,19,0.421053,0,0,0,0,0,0,0,0,0
264,3,52,5,0.0346458,6390.5,241.793,0.00169231,2.4,0,0,3,4,368,4,368,4,11,4,12,5,4,975,19,0.526316,1,2,1,8,0,4,3,4,3
264,1,50,50,0.633574,8110.01,1012.64,0.06968,9.3,55.6667,9,21,28,372,4,372,4,256,4,465,363,84,987,19,0.526316,200,61,52,152,0,49,50,49,50
264,4,53,11,0.0306404,8836.29,5.12879,0.00218868,2.36364,0,0,1,2,9,2,9,2,17,3,26,18,5,16,19,0.421053,23,0,1,2,0,4,10,4,10
264,2,51,0,0,0,0,0,0,0,0,0,0,9,2,9,2,0,0,0,0,0,16,19,0.421053,0,0,0,0,0,0,0,0,0
265,3,52,5,0.0418014,5285.06,225.132,0.00169231,2.4,0,0,2,4,372,4,372,4,11,4,12,5,4,987,19,0.526316,1,2,1,8,0,4,3,4,3
265,1,50,50,0.640167,12503,939.032,0.06968,9.26,51.2727,11,17,26,375,4,375,4,256,4,463,363,82,996,19,0.526316,198,62,52,151,0,49,50,49,50
265,4,53,12,0.0278696,6638.37,3.90378,0.00218868,2.25,0,0,1,2,9,2,9,2,17,3,27,19,5,17,19,0.421053,24,0,1,2,0,4,11,4,11
265,2,51,0,0,0,0,0,0,0,0,0,0,9,2,9,2,0,0,0,0,0,17,19,0.421053,0,0,0,0,0,0,0,0,0
266,3,52,5,0.0505672,5305.48,241.64,0.00169231,2.4,0,0,2,4,375,4,375,4,11,4,12,5,4,996,19,0.526316,1,2,1,8,0,4,3,4,3
266,1,50,50,0.665498,12631.5,918.778,0.07024,9.18,49,13,16,26,377,4,377,4,254,4,459,364,78,1005,19,0.526316,196,60,52,151,0,49,49,49,49
266,4,53,14,0.0248103,8100.85,2.96537,0.00218868,2.07143,0,0,1,2,10,2,10,2,18,3,29,21,5,19,19,0.421053,26,0,1,2,0,5,12,5,12
266,2,51,0,0,0,0,0,0,0,0,0,0,10,2,10,2,0,0,0,0,0,19,19,0.421053,0,0,0,0,0,0,0,0,0
267,3,52,5,0.0539734,7182.49,227.48,0.00169231,2.4,0,0,2,4,377,4,377,4,11,4,12,5,4,1005,19,0.526316,1,2,1,8,0,4,3,4,3
267,1,50,50,0.696038,16837.9,934.052,0.0704,9.34,53.7679,7,13,25,387,4,387,4,261,4,467,369,79,1020,19,0.526316,202,60,54,151,0,49,50,49,50
267,4,53,14,0.0216439,6929.8,2.49572,0.00275472,2.07143,0,0,1,2,10,2,10,2,18,3,29,21,5,19,19,0.421053,26,0,1,2,0,5,12,5,12
267,2,51,0,0,0,0,0,0,0,0,0,0,10,2,10,2,0,0,0,0,0,19,19,0.421053,0,0,0,0,0,0,0,0,0
268,3,52,5,0.0579687,3575.78,270.08,0.00169231,2.4,0,0,2,4,387,4,387,4,11,4,12,5,4,1020,19,0.526316,1,2,1,8,0,4,3,4,3
268,1,50,50,0.691034,15347.8,906.97,0.07072,9.44,51.6354,12,12,21,393,4,393,4,264,4,472,374,80,1037,19,0.526316,203,62,54,153,0,49,50,49,50
268,4,53,15,0.0191988,4912.8,1.91684,0.00275472,2,0,0,1,2,10,2,10,2,18,3,30,22,5,20,19,0.421053,27,0,1,2,0,5,13,5,13
268,2,51,0,0,0,0,0,0,0,0,0,0,10,2,10,2,0,0,0,0,0,20,19,0.421053,0,0,0,0,0,0,0,0,0
269,3,52,5,0.0585684,5748.32,305.221,0.00169231,2.4,0,0,1,3,393,4,393,4,11,4,12,5,4,1037,19,0.526316,1,2,1,8,0,4,3,4,3
269,1,50,50,0.703927,16292.3,933.846,0.07108,9.42,52.7778,9,16,19,396,4,396,4,264,4,471,374,79,1045,19,0.526316,202,62,54,153,0,49,50,49,50
269,4,52,16,0.0184271,4829.77,5.39598,0.003,1.9375,0,0,1,2,10,2,10,2,18,3,31,23,5,21,19,0.421053,28,0,1,2,0,5,14,5,14
269,2,52,0,0,0,0,0,0,0,0,0,0,10,2,10,2,0,0,0,0,0,21,19,0.421053,0,0,0,0,0,0,0,0,0
270,3,52,5,0.061771,1898.25,309.526,0.00169231,2.4,0,0,2,3,396,4,396,4,11,4,12,5,4,1045,19,0.526316,1,2,1,8,0,4,3,4,3
270,1,50,50,0.658301,13125.2,914.786,0.0714,9.46,42.5536,7,12,19,400,4,400,4,265,4,473,377,79,1054,19,0.526316,201,63,53,156,0,49,50,49,50
270,4,52,16,0.024069,2259.96,4.46009,0.00338462,1.9375,0,0,1,2,10,2,10,2,18,3,31,23,5,21,19,0.421053,28,0,1,2,0,5,14,5,14
270,2,52,0,0,0,0,0,0,0,0,0,0,10,2,10,2,0,0,0,0,0,21,19,0.421053,0,0,0,0,0,0,0,0,0
271,3,52,5,0.0670521,3170.34,384.481,0.00169231,2.4,0,0,1,3,400,4,400,4,11,4,12,5,4,1054,19,0.526316,1,2,1,8,0,4,3,4,3
271,1,50,50,0.675275,13337.6,877.551,0.07192,9.54,52.1719,8,15,21,405,4,405,4,266,4,477,379,81,1066,19,0.526316,200,63,55,159,0,49,50,49,50
271,4,52,16,0.0271627,2294.01,38.2674,0.00338462,1.9375,0,0,1,2,10,2,10,2,18,3,31,23,5,21,19,0.421053,28,0,1,2,0,5,14,5,14
271,2,52,0,0,0,0,0,0,0,0,0,0,10,2,10,2,0,0,0,0,0,21,19,0.421053,0,0,0,0,0,0,0,0,0
272,3,52,5,0.0778952,793.812,336.199,0.00169231,2.4,0,0,1,3,405,4,405,4,11,4,12,5,4,1066,19,0.526316,1,2,1,8,0,4,3,4,3
272,1,50,50,0.634968,9693.84,864.749,0.07216,9.42,54.7778,9,12,21,405,4,405,4,262,4,471,375,79,1069,19,0.526316,200,63,53,155,0,49,50,49,50
272,4,52,18,0.0313076,858.278,34.3839,0.00357692,1.88889,0,0,1,2,12,2,12,2,20,3,34,25,6,24,19,0.421053,31,0,1,2,0,6,16,6,16
272,2,52,0,0,0,0,0,0,0,0,0,0,12,2,12,2,0,0,0,0,0,24,19,0.421053,0,0,0,0,0,0,0,0,0
273,3,52,8,0.084789,1274.07,409.963,0.00169231,2.375,0,0,1,2,409,4,409,4,15,4,19,8,6,1076,19,0.526316,2,4,1,12,0,7,4,7,4
273,1,50,50,0.668297,10836.4,781.037,0.07248,9.36,49.2,10,16,21,413,4,413,4,262,4,468,372,79,1083,19,0.526316,199,63,52,154,0,49,50,49,50
273,4,52,18,0.0391071,888.113,148.352,0.00396154,1.88889,0,0,2,3,12,2,12,2,20,3,34,25,6,24,19,0.421053,31,0,1,2,0,6,16,6,16
273,2,52,0,0,0,0,0,0,0,0,0,0,12,2,12,2,0,0,0,0,0,24,19,0.421053,0,0,0,0,0,0,0,0,0
274,3,52,9,0.0904537,281.914,352.845,0.00169231,2.44444,0,0,1,2,416,4,416,4,18,4,22,9,7,1086,19,0.526316,2,5,2,13,0,8,5,8,5
274,1,50,50,0.63914,7505.6,778.047,0.0726,9.62,54.175,5,10,21,423,4,423,4,266,4,481,380,83,1104,19,0.526316,202,64,54,161,0,50,50,50,50
274,4,52,18,0.0406388,556.253,149.131,0.00396154,2.11111,0,0,3,4,15,2,15,2,23,3,38,27,7,28,19,0.421053,35,0,1,2,0,7,17,7,17
274,2,52,0,0,0,0,0,0,0,0,0,0,15,2,15,2,0,0,0,0,0,28,19,0.421053,0,0,0,0,0,0,0,0,0
