Time,NodeID,Alleles,VectorPopulation,STATE_MALE
0,1,Ad,0,0
0,1,Am,0,0
0,1,Aw,8742,8971
0,1,Bd,0,0
0,1,Bm,0,0
0,1,Bw,8742,8971
0,1,Ce,0,0
0,1,Cm,0,0
0,1,Cw,8742,8971
0,1,X,8742,8971
0,1,Y,0,8971
1,1,Ad,0,0
1,1,Am,0,0
1,1,Aw,7540,8045
1,1,Bd,0,0
1,1,Bm,0,0
1,1,Bw,7540,8045
1,1,Ce,0,0
1,1,Cm,0,0
1,1,Cw,7540,8045
1,1,X,7540,8045
1,1,Y,0,8045
2,1,Ad,0,0
2,1,Am,0,0
2,1,Aw,6527,7132
2,1,Bd,0,0
2,1,Bm,0,0
2,1,Bw,6527,7132
2,1,Ce,0,0
2,1,Cm,0,0
2,1,Cw,6527,7132
2,1,X,6527,7132
2,1,Y,0,7132
3,1,Ad,0,0
3,1,Am,0,0
3,1,Aw,5629,6340
3,1,Bd,0,0
3,1,Bm,0,0
3,1,Bw,5629,6340
3,1,Ce,0,0
3,1,Cm,0,0
3,1,Cw,5629,6340
3,1,X,5629,6340
3,1,Y,0,6340
4,1,Ad,0,0
4,1,Am,0,0
4,1,Aw,4811,5601
4,1,Bd,0,0
4,1,Bm,0,0
4,1,Bw,4811,5601
4,1,Ce,0,0
4,1,Cm,0,0
4,1,Cw,4811,5601
4,1,X,4811,5601
4,1,Y,0,5601
5,1,Ad,0,0
5,1,Am,0,0
5,1,Aw,4099,4939
5,1,Bd,0,0
5,1,Bm,0,0
5,1,Bw,4099,4939
5,1,Ce,0,0
5,1,Cm,0,0
5,1,Cw,4099,4939
5,1,X,4099,4939
5,1,Y,0,4939
6,1,Ad,0,0
6,1,Am,0,0
6,1,Aw,3513,4341
6,1,Bd,0,0
6,1,Bm,0,0
6,1,Bw,3513,4341
6,1,Ce,0,0
6,1,Cm,0,0
6,1,Cw,3513,4341
6,1,X,3513,4341
6,1,Y,0,4341
7,1,Ad,0,0
7,1,Am,0,0
7,1,Aw,2981,3799
7,1,Bd,0,0
7,1,Bm,0,0
7,1,Bw,2981,3799
7,1,Ce,0,0
7,1,Cm,0,0
7,1,Cw,2981,3799
7,1,X,2981,3799
7,1,Y,0,3799
8,1,Ad,0,0
8,1,Am,0,0
8,1,Aw,2491,3304
8,1,Bd,0,0
8,1,Bm,0,0
8,1,Bw,2491,3304
8,1,Ce,0,0
8,1,Cm,0,0
8,1,Cw,2491,3304
8,1,X,2491,3304
8,1,Y,0,3304
9,1,Ad,0,0
9,1,Am,0,0
9,1,Aw,2064,2858
9,1,Bd,0,0
9,1,Bm,0,0
9,1,Bw,2064,2858
9,1,Ce,0,0
9,1,Cm,0,0
9,1,Cw,2064,2858
9,1,X,2064,2858
9,1,Y,0,2858
10,1,Ad,0,0
10,1,Am,0,0
10,1,Aw,1691,2480
10,1,Bd,0,0
10,1,Bm,0,0
10,1,Bw,1691,2480
10,1,Ce,0,0
10,1,Cm,0,0
10,1,Cw,1691,2480
10,1,X,1691,2480
10,1,Y,0,2480
11,1,Ad,0,0
11,1,Am,0,0
11,1,Aw,1398,2118
11,1,Bd,0,0
11,1,Bm,0,0
11,1,Bw,1398,2118
11,1,Ce,0,0
11,1,Cm,0,0
11,1,Cw,1398,2118
11,1,X,1398,2118
11,1,Y,0,2118
12,1,Ad,0,0
12,1,Am,0,0
12,1,Aw,1149,1789
12,1,Bd,0,0
12,1,Bm,0,0
12,1,Bw,1149,1789
12,1,Ce,0,0
12,1,Cm,0,0
12,1,Cw,1149,1789
12,1,X,1149,1789
12,1,Y,0,1789
13,1,Ad,0,0
13,1,Am,0,0
13,1,Aw,918,1534
13,1,Bd,0,0
13,1,Bm,0,0
13,1,Bw,918,1534
13,1,Ce,0,0
13,1,Cm,0,0
13,1,Cw,918,1534
13,1,X,918,1534
13,1,Y,0,1534
14,1,Ad,0,0
14,1,Am,0,0
14,1,Aw,758,1279
14,1,Bd,0,0
14,1,Bm,0,0
14,1,Bw,758,1279
14,1,Ce,0,0
14,1,Cm,0,0
14,1,Cw,758,1279
14,1,X,758,1279
14,1,Y,0,1279
15,1,Ad,0,0
15,1,Am,0,0
15,1,Aw,617,1082
15,1,Bd,0,0
15,1,Bm,0,0
15,1,Bw,617,1082
15,1,Ce,0,0
15,1,Cm,0,0
15,1,Cw,617,1082
15,1,X,617,1082
15,1,Y,0,1082
16,1,Ad,0,0
16,1,Am,0,0
16,1,Aw,524,905
16,1,Bd,0,0
16,1,Bm,0,0
16,1,Bw,524,905
16,1,Ce,0,0
16,1,Cm,0,0
16,1,Cw,524,905
16,1,X,524,905
16,1,Y,0,905
17,1,Ad,0,0
17,1,Am,0,0
17,1,Aw,408,738
17,1,Bd,0,0
17,1,Bm,0,0
17,1,Bw,408,738
17,1,Ce,0,0
17,1,Cm,0,0
17,1,Cw,408,738
17,1,X,408,738
17,1,Y,0,738
18,1,Ad,0,0
18,1,Am,0,0
18,1,Aw,329,602
18,1,Bd,0,0
18,1,Bm,0,0
18,1,Bw,329,602
18,1,Ce,0,0
18,1,Cm,0,0
18,1,Cw,329,602
18,1,X,329,602
18,1,Y,0,602
19,1,Ad,0,0
19,1,Am,0,0
19,1,Aw,263,496
19,1,Bd,0,0
19,1,Bm,0,0
19,1,Bw,263,496
19,1,Ce,0,0
19,1,Cm,0,0
19,1,Cw,263,496
19,1,X,263,496
19,1,Y,0,496
20,1,Ad,0,0
20,1,Am,0,0
20,1,Aw,203,400
20,1,Bd,0,0
20,1,Bm,0,0
20,1,Bw,203,400
20,1,Ce,0,0
20,1,Cm,0,0
20,1,Cw,203,400
20,1,X,203,400
20,1,Y,0,400
21,1,Ad,0,0
21,1,Am,0,0
21,1,Aw,152,316
21,1,Bd,0,0
21,1,Bm,0,0
21,1,Bw,152,316
21,1,Ce,0,0
21,1,Cm,0,0
21,1,Cw,152,316
21,1,X,152,316
21,1,Y,0,316
22,1,Ad,0,0
22,1,Am,0,0
22,1,Aw,23015,23700
22,1,Bd,0,0
22,1,Bm,0,0
22,1,Bw,23015,23700
22,1,Ce,0,0
22,1,Cm,0,0
22,1,Cw,23015,23700
22,1,X,23015,23700
22,1,Y,0,23700
23,1,Ad,0,0
23,1,Am,0,0
23,1,Aw,28761,31307
23,1,Bd,0,0
23,1,Bm,0,0
23,1,Bw,28761,31307
23,1,Ce,0,0
23,1,Cm,0,0
23,1,Cw,28761,31307
23,1,X,28761,31307
23,1,Y,0,31307
24,1,Ad,0,0
24,1,Am,0,0
24,1,Aw,36483,39500
24,1,Bd,0,0
24,1,Bm,0,0
24,1,Bw,36483,39500
24,1,Ce,0,0
24,1,Cm,0,0
24,1,Cw,36483,39500
24,1,X,36483,39500
24,1,Y,0,39500
25,1,Ad,0,0
25,1,Am,0,0
25,1,Aw,43158,46954
25,1,Bd,0,0
25,1,Bm,0,0
25,1,Bw,43158,46954
25,1,Ce,0,0
25,1,Cm,0,0
25,1,Cw,43158,46954
25,1,X,43158,46954
25,1,Y,0,46954
26,1,Ad,0,0
26,1,Am,0,0
26,1,Aw,47808,53721
26,1,Bd,0,0
26,1,Bm,0,0
26,1,Bw,47808,53721
26,1,Ce,0,0
26,1,Cm,0,0
26,1,Cw,47808,53721
26,1,X,47808,53721
26,1,Y,0,53721
27,1,Ad,0,0
27,1,Am,0,0
27,1,Aw,52847,59663
27,1,Bd,0,0
27,1,Bm,0,0
27,1,Bw,52847,59663
27,1,Ce,0,0
27,1,Cm,0,0
27,1,Cw,52847,59663
27,1,X,52847,59663
27,1,Y,0,59663
28,1,Ad,0,0
28,1,Am,0,0
28,1,Aw,57245,65162
28,1,Bd,0,0
28,1,Bm,0,0
28,1,Bw,57245,65162
28,1,Ce,0,0
28,1,Cm,0,0
28,1,Cw,57245,65162
28,1,X,57245,65162
28,1,Y,0,65162
29,1,Ad,0,0
29,1,Am,0,0
29,1,Aw,60293,69793
29,1,Bd,0,0
29,1,Bm,0,0
29,1,Bw,60293,69793
29,1,Ce,0,0
29,1,Cm,0,0
29,1,Cw,60293,69793
29,1,X,60293,69793
29,1,Y,0,69793
30,1,Ad,0,0
30,1,Am,0,0
30,1,Aw,63414,73983
30,1,Bd,0,0
30,1,Bm,0,0
30,1,Bw,63414,73983
30,1,Ce,0,0
30,1,Cm,0,0
30,1,Cw,63414,73983
30,1,X,63414,73983
30,1,Y,0,73983
31,1,Ad,0,0
31,1,Am,0,0
31,1,Aw,62750,74371
31,1,Bd,0,0
31,1,Bm,0,0
31,1,Bw,62750,74371
31,1,Ce,0,0
31,1,Cm,0,0
31,1,Cw,62750,74371
31,1,X,62750,74371
31,1,Y,0,74371
32,1,Ad,0,0
32,1,Am,0,0
32,1,Aw,60595,72857
32,1,Bd,0,0
32,1,Bm,0,0
32,1,Bw,60595,72857
32,1,Ce,0,0
32,1,Cm,0,0
32,1,Cw,60595,72857
32,1,X,60595,72857
32,1,Y,0,72857
33,1,Ad,0,0
33,1,Am,0,0
33,1,Aw,59348,71981
33,1,Bd,0,0
33,1,Bm,0,0
33,1,Bw,59348,71981
33,1,Ce,0,0
33,1,Cm,0,0
33,1,Cw,59348,71981
33,1,X,59348,71981
33,1,Y,0,71981
34,1,Ad,0,0
34,1,Am,0,0
34,1,Aw,55160,68308
34,1,Bd,0,0
34,1,Bm,0,0
34,1,Bw,55160,68308
34,1,Ce,0,0
34,1,Cm,0,0
34,1,Cw,55160,68308
34,1,X,55160,68308
34,1,Y,0,68308
35,1,Ad,0,0
35,1,Am,0,0
35,1,Aw,50777,64171
35,1,Bd,0,0
35,1,Bm,0,0
35,1,Bw,50777,64171
35,1,Ce,0,0
35,1,Cm,0,0
35,1,Cw,50777,64171
35,1,X,50777,64171
35,1,Y,0,64171
36,1,Ad,0,0
36,1,Am,0,0
36,1,Aw,47273,60322
36,1,Bd,0,0
36,1,Bm,0,0
36,1,Bw,47273,60322
36,1,Ce,0,0
36,1,Cm,0,0
36,1,Cw,47273,60322
36,1,X,47273,60322
36,1,Y,0,60322
37,1,Ad,0,0
37,1,Am,0,0
37,1,Aw,42613,55561
37,1,Bd,0,0
37,1,Bm,0,0
37,1,Bw,42613,55561
37,1,Ce,0,0
37,1,Cm,0,0
37,1,Cw,42613,55561
37,1,X,42613,55561
37,1,Y,0,55561
38,1,Ad,0,0
38,1,Am,0,0
38,1,Aw,38311,50823
38,1,Bd,0,0
38,1,Bm,0,0
38,1,Bw,38311,50823
38,1,Ce,0,0
38,1,Cm,0,0
38,1,Cw,38311,50823
38,1,X,38311,50823
38,1,Y,0,50823
39,1,Ad,0,0
39,1,Am,0,0
39,1,Aw,34498,46530
39,1,Bd,0,0
39,1,Bm,0,0
39,1,Bw,34498,46530
39,1,Ce,0,0
39,1,Cm,0,0
39,1,Cw,34498,46530
39,1,X,34498,46530
39,1,Y,0,46530
40,1,Ad,0,0
40,1,Am,0,0
40,1,Aw,30262,41771
40,1,Bd,0,0
40,1,Bm,0,0
40,1,Bw,30262,41771
40,1,Ce,0,0
40,1,Cm,0,0
40,1,Cw,30262,41771
40,1,X,30262,41771
40,1,Y,0,41771
41,1,Ad,0,0
41,1,Am,0,0
41,1,Aw,26567,37574
41,1,Bd,0,0
41,1,Bm,0,0
41,1,Bw,26567,37574
41,1,Ce,0,0
41,1,Cm,0,0
41,1,Cw,26567,37574
41,1,X,26567,37574
41,1,Y,0,37574
42,1,Ad,0,0
42,1,Am,0,0
42,1,Aw,23366,33707
42,1,Bd,0,0
42,1,Bm,0,0
42,1,Bw,23366,33707
42,1,Ce,0,0
42,1,Cm,0,0
42,1,Cw,23366,33707
42,1,X,23366,33707
42,1,Y,0,33707
43,1,Ad,0,0
43,1,Am,0,0
43,1,Aw,20018,29618
43,1,Bd,0,0
43,1,Bm,0,0
43,1,Bw,20018,29618
43,1,Ce,0,0
43,1,Cm,0,0
43,1,Cw,20018,29618
43,1,X,20018,29618
43,1,Y,0,29618
44,1,Ad,0,0
44,1,Am,0,0
44,1,Aw,17376,25961
44,1,Bd,0,0
44,1,Bm,0,0
44,1,Bw,17376,25961
44,1,Ce,0,0
44,1,Cm,0,0
44,1,Cw,17376,25961
44,1,X,17376,25961
44,1,Y,0,25961
45,1,Ad,0,0
45,1,Am,0,0
45,1,Aw,14951,22814
45,1,Bd,0,0
45,1,Bm,0,0
45,1,Bw,14951,22814
45,1,Ce,0,0
45,1,Cm,0,0
45,1,Cw,14951,22814
45,1,X,14951,22814
45,1,Y,0,22814
46,1,Ad,0,0
46,1,Am,0,0
46,1,Aw,12538,19742
46,1,Bd,0,0
46,1,Bm,0,0
46,1,Bw,12538,19742
46,1,Ce,0,0
46,1,Cm,0,0
46,1,Cw,12538,19742
46,1,X,12538,19742
46,1,Y,0,19742
47,1,Ad,0,0
47,1,Am,0,0
47,1,Aw,10789,17145
47,1,Bd,0,0
47,1,Bm,0,0
47,1,Bw,10789,17145
47,1,Ce,0,0
47,1,Cm,0,0
47,1,Cw,10789,17145
47,1,X,10789,17145
47,1,Y,0,17145
48,1,Ad,0,0
48,1,Am,0,0
48,1,Aw,123152,128963
48,1,Bd,0,0
48,1,Bm,0,0
48,1,Bw,123152,128963
48,1,Ce,0,0
48,1,Cm,0,0
48,1,Cw,123152,128963
48,1,X,123152,128963
48,1,Y,0,128963
49,1,Ad,0,0
49,1,Am,0,0
49,1,Aw,104232,118948
49,1,Bd,0,0
49,1,Bm,0,0
49,1,Bw,104232,118948
49,1,Ce,0,0
49,1,Cm,0,0
49,1,Cw,104232,118948
49,1,X,104232,118948
49,1,Y,0,118948
50,1,Ad,0,0
50,1,Am,0,0
50,1,Aw,106424,120083
50,1,Bd,0,0
50,1,Bm,0,0
50,1,Bw,106424,120083
50,1,Ce,0,0
50,1,Cm,0,0
50,1,Cw,106424,120083
50,1,X,106424,120083
50,1,Y,0,120083
51,1,Ad,0,0
51,1,Am,0,0
51,1,Aw,106971,120474
51,1,Bd,0,0
51,1,Bm,0,0
51,1,Bw,106971,120474
51,1,Ce,0,0
51,1,Cm,0,0
51,1,Cw,106971,120474
51,1,X,106971,120474
51,1,Y,0,120474
52,1,Ad,0,0
52,1,Am,0,0
52,1,Aw,100698,120020
52,1,Bd,0,0
52,1,Bm,0,0
52,1,Bw,100698,120020
52,1,Ce,0,0
52,1,Cm,0,0
52,1,Cw,100698,120020
52,1,X,100698,120020
52,1,Y,0,120020
53,1,Ad,0,0
53,1,Am,0,0
53,1,Aw,100988,119819
53,1,Bd,0,0
53,1,Bm,0,0
53,1,Bw,100988,119819
53,1,Ce,0,0
53,1,Cm,0,0
53,1,Cw,100988,119819
53,1,X,100988,119819
53,1,Y,0,119819
54,1,Ad,0,0
54,1,Am,0,0
54,1,Aw,100489,119099
54,1,Bd,0,0
54,1,Bm,0,0
54,1,Bw,100489,119099
54,1,Ce,0,0
54,1,Cm,0,0
54,1,Cw,100489,119099
54,1,X,100489,119099
54,1,Y,0,119099
55,1,Ad,0,0
55,1,Am,0,0
55,1,Aw,95705,118309
55,1,Bd,0,0
55,1,Bm,0,0
55,1,Bw,95705,118309
55,1,Ce,0,0
55,1,Cm,0,0
55,1,Cw,95705,118309
55,1,X,95705,118309
55,1,Y,0,118309
56,1,Ad,0,0
56,1,Am,0,0
56,1,Aw,95518,117316
56,1,Bd,0,0
56,1,Bm,0,0
56,1,Bw,95518,117316
56,1,Ce,0,0
56,1,Cm,0,0
56,1,Cw,95518,117316
56,1,X,95518,117316
56,1,Y,0,117316
57,1,Ad,0,0
57,1,Am,0,0
57,1,Aw,94632,116301
57,1,Bd,0,0
57,1,Bm,0,0
57,1,Bw,94632,116301
57,1,Ce,0,0
57,1,Cm,0,0
57,1,Cw,94632,116301
57,1,X,94632,116301
57,1,Y,0,116301
58,1,Ad,0,0
58,1,Am,0,0
58,1,Aw,91415,115218
58,1,Bd,0,0
58,1,Bm,0,0
58,1,Bw,91415,115218
58,1,Ce,0,0
58,1,Cm,0,0
58,1,Cw,91415,115218
58,1,X,91415,115218
58,1,Y,0,115218
59,1,Ad,0,0
59,1,Am,0,0
59,1,Aw,90812,113977
59,1,Bd,0,0
59,1,Bm,0,0
59,1,Bw,90812,113977
59,1,Ce,0,0
59,1,Cm,0,0
59,1,Cw,90812,113977
59,1,X,90812,113977
59,1,Y,0,113977
60,1,Ad,0,0
60,1,Am,0,0
60,1,Aw,90010,112948
60,1,Bd,0,0
60,1,Bm,0,0
60,1,Bw,90010,112948
60,1,Ce,0,0
60,1,Cm,0,0
60,1,Cw,90010,112948
60,1,X,90010,112948
60,1,Y,0,112948
61,1,Ad,0,0
61,1,Am,0,0
61,1,Aw,88220,111868
61,1,Bd,0,0
61,1,Bm,0,0
61,1,Bw,88220,111868
61,1,Ce,0,0
61,1,Cm,0,0
61,1,Cw,88220,111868
61,1,X,88220,111868
61,1,Y,0,111868
62,1,Ad,0,0
62,1,Am,0,0
62,1,Aw,87734,110387
62,1,Bd,0,0
62,1,Bm,0,0
62,1,Bw,87734,110387
62,1,Ce,0,0
62,1,Cm,0,0
62,1,Cw,87734,110387
62,1,X,87734,110387
62,1,Y,0,110387
63,1,Ad,0,0
63,1,Am,0,0
63,1,Aw,86987,109353
63,1,Bd,0,0
63,1,Bm,0,0
63,1,Bw,86987,109353
63,1,Ce,0,0
63,1,Cm,0,0
63,1,Cw,86987,109353
63,1,X,86987,109353
63,1,Y,0,109353
64,1,Ad,0,0
64,1,Am,0,0
64,1,Aw,85379,108588
64,1,Bd,0,0
64,1,Bm,0,0
64,1,Bw,85379,108588
64,1,Ce,0,0
64,1,Cm,0,0
64,1,Cw,85379,108588
64,1,X,85379,108588
64,1,Y,0,108588
65,1,Ad,0,0
65,1,Am,0,0
65,1,Aw,84613,107730
65,1,Bd,0,0
65,1,Bm,0,0
65,1,Bw,84613,107730
65,1,Ce,0,0
65,1,Cm,0,0
65,1,Cw,84613,107730
65,1,X,84613,107730
65,1,Y,0,107730
66,1,Ad,0,0
66,1,Am,0,0
66,1,Aw,105075,128127
66,1,Bd,0,0
66,1,Bm,0,0
66,1,Bw,105075,128127
66,1,Ce,0,0
66,1,Cm,0,0
66,1,Cw,105075,128127
66,1,X,105075,128127
66,1,Y,0,128127
67,1,Ad,0,0
67,1,Am,0,0
67,1,Aw,98825,123693
67,1,Bd,0,0
67,1,Bm,0,0
67,1,Bw,98825,123693
67,1,Ce,0,0
67,1,Cm,0,0
67,1,Cw,98825,123693
67,1,X,98825,123693
67,1,Y,0,123693
68,1,Ad,0,0
68,1,Am,0,0
68,1,Aw,99888,123783
68,1,Bd,0,0
68,1,Bm,0,0
68,1,Bw,99888,123783
68,1,Ce,0,0
68,1,Cm,0,0
68,1,Cw,99888,123783
68,1,X,99888,123783
68,1,Y,0,123783
69,1,Ad,0,0
69,1,Am,0,0
69,1,Aw,100029,123584
69,1,Bd,0,0
69,1,Bm,0,0
69,1,Bw,100029,123584
69,1,Ce,0,0
69,1,Cm,0,0
69,1,Cw,100029,123584
69,1,X,100029,123584
69,1,Y,0,123584
70,1,Ad,0,0
70,1,Am,0,0
70,1,Aw,98642,123157
70,1,Bd,0,0
70,1,Bm,0,0
70,1,Bw,98642,123157
70,1,Ce,0,0
70,1,Cm,0,0
70,1,Cw,98642,123157
70,1,X,98642,123157
70,1,Y,0,123157
71,1,Ad,0,0
71,1,Am,0,0
71,1,Aw,98357,122667
71,1,Bd,0,0
71,1,Bm,0,0
71,1,Bw,98357,122667
71,1,Ce,0,0
71,1,Cm,0,0
71,1,Cw,98357,122667
71,1,X,98357,122667
71,1,Y,0,122667
72,1,Ad,0,0
72,1,Am,0,0
72,1,Aw,98373,122404
72,1,Bd,0,0
72,1,Bm,0,0
72,1,Bw,98373,122404
72,1,Ce,0,0
72,1,Cm,0,0
72,1,Cw,98373,122404
72,1,X,98373,122404
72,1,Y,0,122404
73,1,Ad,0,0
73,1,Am,0,0
73,1,Aw,97353,121974
73,1,Bd,0,0
73,1,Bm,0,0
73,1,Bw,97353,121974
73,1,Ce,0,0
73,1,Cm,0,0
73,1,Cw,97353,121974
73,1,X,97353,121974
73,1,Y,0,121974
74,1,Ad,0,0
74,1,Am,0,0
74,1,Aw,97564,121803
74,1,Bd,0,0
74,1,Bm,0,0
74,1,Bw,97564,121803
74,1,Ce,0,0
74,1,Cm,0,0
74,1,Cw,97564,121803
74,1,X,97564,121803
74,1,Y,0,121803
75,1,Ad,0,0
75,1,Am,0,0
75,1,Aw,97436,121433
75,1,Bd,0,0
75,1,Bm,0,0
75,1,Bw,97436,121433
75,1,Ce,0,0
75,1,Cm,0,0
75,1,Cw,97436,121433
75,1,X,97436,121433
75,1,Y,0,121433
76,1,Ad,0,0
76,1,Am,0,0
76,1,Aw,96673,120993
76,1,Bd,0,0
76,1,Bm,0,0
76,1,Bw,96673,120993
76,1,Ce,0,0
76,1,Cm,0,0
76,1,Cw,96673,120993
76,1,X,96673,120993
76,1,Y,0,120993
77,1,Ad,0,0
77,1,Am,0,0
77,1,Aw,96525,120742
77,1,Bd,0,0
77,1,Bm,0,0
77,1,Bw,96525,120742
77,1,Ce,0,0
77,1,Cm,0,0
77,1,Cw,96525,120742
77,1,X,96525,120742
77,1,Y,0,120742
78,1,Ad,0,0
78,1,Am,0,0
78,1,Aw,96433,120359
78,1,Bd,0,0
78,1,Bm,0,0
78,1,Bw,96433,120359
78,1,Ce,0,0
78,1,Cm,0,0
78,1,Cw,96433,120359
78,1,X,96433,120359
78,1,Y,0,120359
79,1,Ad,0,0
79,1,Am,0,0
79,1,Aw,96079,120300
79,1,Bd,0,0
79,1,Bm,0,0
79,1,Bw,96079,120300
79,1,Ce,0,0
79,1,Cm,0,0
79,1,Cw,96079,120300
79,1,X,96079,120300
79,1,Y,0,120300
80,1,Ad,0,8960
80,1,Am,0,0
80,1,Aw,95720,128804
80,1,Bd,0,0
80,1,Bm,0,0
80,1,Bw,95720,128804
80,1,Ce,0,0
80,1,Cm,0,0
80,1,Cw,95720,128804
80,1,X,95720,128804
80,1,Y,0,128804
81,1,Ad,0,8028
81,1,Am,0,0
81,1,Aw,95404,127756
81,1,Bd,0,0
81,1,Bm,0,0
81,1,Bw,95404,127756
81,1,Ce,0,0
81,1,Cm,0,0
81,1,Cw,95404,127756
81,1,X,95404,127756
81,1,Y,0,127756
82,1,Ad,0,7170
82,1,Am,0,0
82,1,Aw,95082,126644
82,1,Bd,0,0
82,1,Bm,0,0
82,1,Bw,95082,126644
82,1,Ce,0,0
82,1,Cm,0,0
82,1,Cw,95082,126644
82,1,X,95082,126644
82,1,Y,0,126644
83,1,Ad,0,6427
83,1,Am,0,0
83,1,Aw,94903,125674
83,1,Bd,0,0
83,1,Bm,0,0
83,1,Bw,94903,125674
83,1,Ce,0,0
83,1,Cm,0,0
83,1,Cw,94903,125674
83,1,X,94903,125674
83,1,Y,0,125674
84,1,Ad,0,5697
84,1,Am,0,0
84,1,Aw,98677,128762
84,1,Bd,0,0
84,1,Bm,0,0
84,1,Bw,98677,128762
84,1,Ce,0,0
84,1,Cm,0,0
84,1,Cw,98677,128762
84,1,X,98677,128762
84,1,Y,0,128762
85,1,Ad,0,5054
85,1,Am,0,0
85,1,Aw,97482,127228
85,1,Bd,0,0
85,1,Bm,0,0
85,1,Bw,97482,127228
85,1,Ce,0,0
85,1,Cm,0,0
85,1,Cw,97482,127228
85,1,X,97482,127228
85,1,Y,0,127228
86,1,Ad,0,4478
86,1,Am,0,0
86,1,Aw,97568,126939
86,1,Bd,0,0
86,1,Bm,0,0
86,1,Bw,97568,126939
86,1,Ce,0,0
86,1,Cm,0,0
86,1,Cw,97568,126939
86,1,X,97568,126939
86,1,Y,0,126939
87,1,Ad,0,3928
87,1,Am,0,0
87,1,Aw,97510,126164
87,1,Bd,0,0
87,1,Bm,0,0
87,1,Bw,97510,126164
87,1,Ce,0,0
87,1,Cm,0,0
87,1,Cw,97510,126164
87,1,X,97510,126164
87,1,Y,0,126164
88,1,Ad,0,3376
88,1,Am,0,0
88,1,Aw,97305,125630
88,1,Bd,0,0
88,1,Bm,0,0
88,1,Bw,97305,125630
88,1,Ce,0,0
88,1,Cm,0,0
88,1,Cw,97305,125630
88,1,X,97305,125630
88,1,Y,0,125630
89,1,Ad,0,2992
89,1,Am,0,0
89,1,Aw,97393,125029
89,1,Bd,0,0
89,1,Bm,0,0
89,1,Bw,97393,125029
89,1,Ce,0,0
89,1,Cm,0,0
89,1,Cw,97393,125029
89,1,X,97393,125029
89,1,Y,0,125029
90,1,Ad,0,2638
90,1,Am,0,0
90,1,Aw,97305,124441
90,1,Bd,0,0
90,1,Bm,0,0
90,1,Bw,97305,124441
90,1,Ce,0,0
90,1,Cm,0,0
90,1,Cw,97305,124441
90,1,X,97305,124441
90,1,Y,0,124441
91,1,Ad,0,2285
91,1,Am,0,0
91,1,Aw,97313,123927
91,1,Bd,0,0
91,1,Bm,0,0
91,1,Bw,97313,123927
91,1,Ce,0,0
91,1,Cm,0,0
91,1,Cw,97313,123927
91,1,X,97313,123927
91,1,Y,0,123927
92,1,Ad,0,1973
92,1,Am,0,0
92,1,Aw,97528,123669
92,1,Bd,0,0
92,1,Bm,0,0
92,1,Bw,97528,123669
92,1,Ce,0,0
92,1,Cm,0,0
92,1,Cw,97528,123669
92,1,X,97528,123669
92,1,Y,0,123669
93,1,Ad,0,1679
93,1,Am,0,0
93,1,Aw,97471,123255
93,1,Bd,0,0
93,1,Bm,0,0
93,1,Bw,97471,123255
93,1,Ce,0,0
93,1,Cm,0,0
93,1,Cw,97471,123255
93,1,X,97471,123255
93,1,Y,0,123255
94,1,Ad,0,1420
94,1,Am,0,0
94,1,Aw,97318,122975
94,1,Bd,0,0
94,1,Bm,0,0
94,1,Bw,97318,122975
94,1,Ce,0,0
94,1,Cm,0,0
94,1,Cw,97318,122975
94,1,X,97318,122975
94,1,Y,0,122975
95,1,Ad,0,1195
95,1,Am,0,0
95,1,Aw,97372,122785
95,1,Bd,0,0
95,1,Bm,0,0
95,1,Bw,97372,122785
95,1,Ce,0,0
95,1,Cm,0,0
95,1,Cw,97372,122785
95,1,X,97372,122785
95,1,Y,0,122785
96,1,Ad,0,1004
96,1,Am,0,0
96,1,Aw,97255,122463
96,1,Bd,0,0
96,1,Bm,0,0
96,1,Bw,97255,122463
96,1,Ce,0,0
96,1,Cm,0,0
96,1,Cw,97255,122463
96,1,X,97255,122463
96,1,Y,0,122463
97,1,Ad,0,839
97,1,Am,0,0
97,1,Aw,97050,122446
97,1,Bd,0,0
97,1,Bm,0,0
97,1,Bw,97050,122446
97,1,Ce,0,0
97,1,Cm,0,0
97,1,Cw,97050,122446
97,1,X,97050,122446
97,1,Y,0,122446
98,1,Ad,0,705
98,1,Am,0,0
98,1,Aw,96736,122580
98,1,Bd,0,0
98,1,Bm,0,0
98,1,Bw,96736,122580
98,1,Ce,0,0
98,1,Cm,0,0
98,1,Cw,96736,122580
98,1,X,96736,122580
98,1,Y,0,122580
99,1,Ad,0,568
99,1,Am,0,0
99,1,Aw,96838,122446
99,1,Bd,0,0
99,1,Bm,0,0
99,1,Bw,96838,122446
99,1,Ce,0,0
99,1,Cm,0,0
99,1,Cw,96838,122446
99,1,X,96838,122446
99,1,Y,0,122446
100,1,Ad,0,452
100,1,Am,0,0
100,1,Aw,97163,122340
100,1,Bd,0,0
100,1,Bm,0,0
100,1,Bw,97163,122340
100,1,Ce,0,0
100,1,Cm,0,0
100,1,Cw,97163,122340
100,1,X,97163,122340
100,1,Y,0,122340
101,1,Ad,0,378
101,1,Am,0,0
101,1,Aw,97414,122105
101,1,Bd,0,0
101,1,Bm,0,0
101,1,Bw,97414,122105
101,1,Ce,0,0
101,1,Cm,0,0
101,1,Cw,97414,122105
101,1,X,97414,122105
101,1,Y,0,122105
102,1,Ad,0,301
102,1,Am,0,0
102,1,Aw,98261,122674
102,1,Bd,0,0
102,1,Bm,0,0
102,1,Bw,98261,122674
102,1,Ce,0,0
102,1,Cm,0,0
102,1,Cw,98261,122674
102,1,X,98261,122674
102,1,Y,0,122674
103,1,Ad,0,258
103,1,Am,0,0
103,1,Aw,97811,122478
103,1,Bd,0,0
103,1,Bm,0,0
103,1,Bw,97811,122478
103,1,Ce,0,0
103,1,Cm,0,0
103,1,Cw,97811,122478
103,1,X,97811,122478
103,1,Y,0,122478
104,1,Ad,0,215
104,1,Am,0,0
104,1,Aw,97673,122064
104,1,Bd,0,0
104,1,Bm,0,0
104,1,Bw,97673,122064
104,1,Ce,0,0
104,1,Cm,0,0
104,1,Cw,97673,122064
104,1,X,97673,122064
104,1,Y,0,122064
105,1,Ad,0,178
105,1,Am,0,0
105,1,Aw,97484,121609
105,1,Bd,0,0
105,1,Bm,0,0
105,1,Bw,97484,121609
105,1,Ce,0,0
105,1,Cm,0,0
105,1,Cw,97484,121609
105,1,X,97484,121609
105,1,Y,0,121609
106,1,Ad,231,350
106,1,Am,0,0
106,1,Aw,97610,121723
106,1,Bd,0,0
106,1,Bm,0,0
106,1,Bw,97610,121723
106,1,Ce,0,0
106,1,Cm,0,0
106,1,Cw,97610,121723
106,1,X,97610,121723
106,1,Y,0,121723
107,1,Ad,365,470
107,1,Am,0,0
107,1,Aw,97594,121712
107,1,Bd,0,0
107,1,Bm,0,0
107,1,Bw,97594,121712
107,1,Ce,0,0
107,1,Cm,0,0
107,1,Cw,97594,121712
107,1,X,97594,121712
107,1,Y,0,121712
108,1,Ad,475,574
108,1,Am,0,0
108,1,Aw,97770,121679
108,1,Bd,0,0
108,1,Bm,0,0
108,1,Bw,97770,121679
108,1,Ce,0,0
108,1,Cm,0,0
108,1,Cw,97770,121679
108,1,X,97770,121679
108,1,Y,0,121679
109,1,Ad,703,800
109,1,Am,0,0
109,1,Aw,97461,121779
109,1,Bd,0,0
109,1,Bm,0,0
109,1,Bw,97461,121779
109,1,Ce,0,0
109,1,Cm,0,0
109,1,Cw,97461,121779
109,1,X,97461,121779
109,1,Y,0,121779
110,1,Ad,831,980
110,1,Am,0,0
110,1,Aw,97468,121787
110,1,Bd,0,0
110,1,Bm,0,0
110,1,Bw,97468,121787
110,1,Ce,0,0
110,1,Cm,0,0
110,1,Cw,97468,121787
110,1,X,97468,121787
110,1,Y,0,121787
111,1,Ad,925,1075
111,1,Am,0,0
111,1,Aw,97422,121446
111,1,Bd,0,0
111,1,Bm,0,0
111,1,Bw,97422,121446
111,1,Ce,0,0
111,1,Cm,0,0
111,1,Cw,97422,121446
111,1,X,97422,121446
111,1,Y,0,121446
112,1,Ad,1059,1204
112,1,Am,0,0
112,1,Aw,97349,121020
112,1,Bd,0,0
112,1,Bm,0,0
112,1,Bw,97349,121020
112,1,Ce,0,0
112,1,Cm,0,0
112,1,Cw,97349,121020
112,1,X,97349,121020
112,1,Y,0,121020
113,1,Ad,1154,1327
113,1,Am,0,0
113,1,Aw,97604,121314
113,1,Bd,0,0
113,1,Bm,0,0
113,1,Bw,97604,121314
113,1,Ce,0,0
113,1,Cm,0,0
113,1,Cw,97604,121314
113,1,X,97604,121314
113,1,Y,0,121314
114,1,Ad,1235,1413
114,1,Am,0,0
114,1,Aw,97547,121288
114,1,Bd,0,0
114,1,Bm,0,0
114,1,Bw,97547,121288
114,1,Ce,0,0
114,1,Cm,0,0
114,1,Cw,97547,121288
114,1,X,97547,121288
114,1,Y,0,121288
115,1,Ad,1328,1472
115,1,Am,0,0
115,1,Aw,97496,121515
115,1,Bd,0,0
115,1,Bm,0,0
115,1,Bw,97496,121515
115,1,Ce,0,0
115,1,Cm,0,0
115,1,Cw,97496,121515
115,1,X,97496,121515
115,1,Y,0,121515
116,1,Ad,1393,1500
116,1,Am,0,0
116,1,Aw,97403,121534
116,1,Bd,0,0
116,1,Bm,0,0
116,1,Bw,97403,121534
116,1,Ce,0,0
116,1,Cm,0,0
116,1,Cw,97403,121534
116,1,X,97403,121534
116,1,Y,0,121534
117,1,Ad,1395,1517
117,1,Am,0,0
117,1,Aw,97244,121456
117,1,Bd,0,0
117,1,Bm,0,0
117,1,Bw,97244,121456
117,1,Ce,0,0
117,1,Cm,0,0
117,1,Cw,97244,121456
117,1,X,97244,121456
117,1,Y,0,121456
118,1,Ad,1411,1536
118,1,Am,0,0
118,1,Aw,97340,121325
118,1,Bd,0,0
118,1,Bm,0,0
118,1,Bw,97340,121325
118,1,Ce,0,0
118,1,Cm,0,0
118,1,Cw,97340,121325
118,1,X,97340,121325
118,1,Y,0,121325
119,1,Ad,1393,1538
119,1,Am,0,0
119,1,Aw,97452,121083
119,1,Bd,0,0
119,1,Bm,0,0
119,1,Bw,97452,121083
119,1,Ce,0,0
119,1,Cm,0,0
119,1,Cw,97452,121083
119,1,X,97452,121083
119,1,Y,0,121083
120,1,Ad,1346,1505
120,1,Am,0,0
120,1,Aw,97666,121096
120,1,Bd,0,0
120,1,Bm,0,0
120,1,Bw,97666,121096
120,1,Ce,0,0
120,1,Cm,0,0
120,1,Cw,97666,121096
120,1,X,97666,121096
120,1,Y,0,121096
121,1,Ad,1301,1470
121,1,Am,0,0
121,1,Aw,97792,121233
121,1,Bd,0,0
121,1,Bm,0,0
121,1,Bw,97792,121233
121,1,Ce,0,0
121,1,Cm,0,0
121,1,Cw,97792,121233
121,1,X,97792,121233
121,1,Y,0,121233
122,1,Ad,1236,1443
122,1,Am,0,0
122,1,Aw,97842,121505
122,1,Bd,0,0
122,1,Bm,0,0
122,1,Bw,97842,121505
122,1,Ce,0,0
122,1,Cm,0,0
122,1,Cw,97842,121505
122,1,X,97842,121505
122,1,Y,0,121505
123,1,Ad,1154,1362
123,1,Am,0,0
123,1,Aw,97625,121723
123,1,Bd,0,0
123,1,Bm,0,0
123,1,Bw,97625,121723
123,1,Ce,0,0
123,1,Cm,0,0
123,1,Cw,97625,121723
123,1,X,97625,121723
123,1,Y,0,121723
124,1,Ad,1078,1329
124,1,Am,0,0
124,1,Aw,97693,121783
124,1,Bd,0,0
124,1,Bm,0,0
124,1,Bw,97693,121783
124,1,Ce,0,0
124,1,Cm,0,0
124,1,Cw,97693,121783
124,1,X,97693,121783
124,1,Y,0,121783
125,1,Ad,989,1273
125,1,Am,0,0
125,1,Aw,97307,121783
125,1,Bd,0,0
125,1,Bm,0,0
125,1,Bw,97307,121783
125,1,Ce,0,0
125,1,Cm,0,0
125,1,Cw,97307,121783
125,1,X,97307,121783
125,1,Y,0,121783
126,1,Ad,890,1187
126,1,Am,0,0
126,1,Aw,97480,121658
126,1,Bd,0,0
126,1,Bm,0,0
126,1,Bw,97480,121658
126,1,Ce,0,0
126,1,Cm,0,0
126,1,Cw,97480,121658
126,1,X,97480,121658
126,1,Y,0,121658
127,1,Ad,833,1097
127,1,Am,0,0
127,1,Aw,97388,121366
127,1,Bd,0,0
127,1,Bm,0,0
127,1,Bw,97388,121366
127,1,Ce,0,0
127,1,Cm,0,0
127,1,Cw,97388,121366
127,1,X,97388,121366
127,1,Y,0,121366
128,1,Ad,780,1020
128,1,Am,0,0
128,1,Aw,97358,121722
128,1,Bd,0,0
128,1,Bm,0,0
128,1,Bw,97358,121722
128,1,Ce,0,0
128,1,Cm,0,0
128,1,Cw,97358,121722
128,1,X,97358,121722
128,1,Y,0,121722
129,1,Ad,707,963
129,1,Am,0,0
129,1,Aw,97175,121834
129,1,Bd,0,0
129,1,Bm,0,0
129,1,Bw,97175,121834
129,1,Ce,0,0
129,1,Cm,0,0
129,1,Cw,97175,121834
129,1,X,97175,121834
129,1,Y,0,121834
130,1,Ad,635,875
130,1,Am,0,0
130,1,Aw,97587,122057
130,1,Bd,0,0
130,1,Bm,0,0
130,1,Bw,97587,122057
130,1,Ce,0,0
130,1,Cm,0,0
130,1,Cw,97587,122057
130,1,X,97587,122057
130,1,Y,0,122057
131,1,Ad,563,790
131,1,Am,0,0
131,1,Aw,97749,122438
131,1,Bd,0,0
131,1,Bm,0,0
131,1,Bw,97749,122438
131,1,Ce,0,0
131,1,Cm,0,0
131,1,Cw,97749,122438
131,1,X,97749,122438
131,1,Y,0,122438
132,1,Ad,558,753
132,1,Am,7,4
132,1,Aw,97570,121999
132,1,Bd,0,0
132,1,Bm,0,0
132,1,Bw,97573,122001
132,1,Ce,0,0
132,1,Cm,10,8
132,1,Cw,97573,122001
132,1,X,97573,122001
132,1,Y,0,122001
133,1,Ad,527,730
133,1,Am,10,8
133,1,Aw,97720,121895
133,1,Bd,0,0
133,1,Bm,0,0
133,1,Bw,97724,121898
133,1,Ce,0,0
133,1,Cm,19,11
133,1,Cw,97723,121898
133,1,X,97724,121898
133,1,Y,0,121898
134,1,Ad,513,704
134,1,Am,12,17
134,1,Aw,97607,122114
134,1,Bd,0,0
134,1,Bm,0,0
134,1,Bw,97612,122120
134,1,Ce,0,0
134,1,Cm,22,16
134,1,Cw,97611,122120
134,1,X,97612,122120
134,1,Y,0,122120
135,1,Ad,570,791
135,1,Am,29,31
135,1,Aw,97524,121883
135,1,Bd,0,0
135,1,Bm,0,0
135,1,Bw,97534,121893
135,1,Ce,0,0
135,1,Cm,34,38
135,1,Cw,97533,121892
135,1,X,97534,121893
135,1,Y,0,121893
136,1,Ad,612,792
136,1,Am,30,42
136,1,Aw,97576,122073
136,1,Bd,0,0
136,1,Bm,0,0
136,1,Bw,97589,122085
136,1,Ce,0,0
136,1,Cm,42,49
136,1,Cw,97587,122084
136,1,X,97589,122085
136,1,Y,0,122085
137,1,Ad,627,783
137,1,Am,33,47
137,1,Aw,97453,121895
137,1,Bd,0,0
137,1,Bm,0,0
137,1,Bw,97468,121909
137,1,Ce,0,0
137,1,Cm,43,55
137,1,Cw,97466,121908
137,1,X,97468,121909
137,1,Y,0,121909
138,1,Ad,700,849
138,1,Am,41,55
138,1,Aw,97628,121772
138,1,Bd,0,0
138,1,Bm,0,0
138,1,Bw,97645,121786
138,1,Ce,0,0
138,1,Cm,66,64
138,1,Cw,97642,121785
138,1,X,97645,121786
138,1,Y,0,121786
139,1,Ad,741,908
139,1,Am,59,59
139,1,Aw,97349,121570
139,1,Bd,0,0
139,1,Bm,0,0
139,1,Bw,97369,121586
139,1,Ce,0,0
139,1,Cm,76,75
139,1,Cw,97365,121585
139,1,X,97369,121586
139,1,Y,0,121586
140,1,Ad,758,944
140,1,Am,64,67
140,1,Aw,97511,121849
140,1,Bd,0,0
140,1,Bm,0,0
140,1,Bw,97530,121866
140,1,Ce,0,0
140,1,Cm,76,79
140,1,Cw,97528,121864
140,1,X,97530,121866
140,1,Y,0,121866
141,1,Ad,832,1047
141,1,Am,72,73
141,1,Aw,97128,121515
141,1,Bd,0,0
141,1,Bm,0,0
141,1,Bw,97154,121535
141,1,Ce,0,0
141,1,Cm,89,92
141,1,Cw,97152,121533
141,1,X,97154,121535
141,1,Y,0,121535
142,1,Ad,906,1086
142,1,Am,75,91
142,1,Aw,97213,121575
142,1,Bd,0,0
142,1,Bm,0,0
142,1,Bw,97242,121600
142,1,Ce,0,0
142,1,Cm,95,103
142,1,Cw,97239,121598
142,1,X,97242,121600
142,1,Y,0,121600
143,1,Ad,958,1113
143,1,Am,77,95
143,1,Aw,97303,121474
143,1,Bd,0,0
143,1,Bm,0,0
143,1,Bw,97335,121500
143,1,Ce,0,0
143,1,Cm,104,110
143,1,Cw,97331,121498
143,1,X,97335,121500
143,1,Y,0,121500
144,1,Ad,1035,1194
144,1,Am,82,109
144,1,Aw,96895,121476
144,1,Bd,0,0
144,1,Bm,0,0
144,1,Bw,96932,121514
144,1,Ce,0,0
144,1,Cm,115,123
144,1,Cw,96928,121512
144,1,X,96932,121514
144,1,Y,0,121514
145,1,Ad,1059,1244
145,1,Am,84,117
145,1,Aw,96881,121860
145,1,Bd,0,0
145,1,Bm,0,0
145,1,Bw,96915,121902
145,1,Ce,0,0
145,1,Cm,108,132
145,1,Cw,96911,121899
145,1,X,96915,121902
145,1,Y,0,121902
146,1,Ad,1086,1259
146,1,Am,85,109
146,1,Aw,96805,121687
146,1,Bd,0,0
146,1,Bm,0,0
146,1,Bw,96841,121730
146,1,Ce,0,0
146,1,Cm,109,141
146,1,Cw,96838,121727
146,1,X,96841,121730
146,1,Y,0,121730
147,1,Ad,1103,1267
147,1,Am,88,118
147,1,Aw,96869,121439
147,1,Bd,0,0
147,1,Bm,0,0
147,1,Bw,96903,121486
147,1,Ce,0,0
147,1,Cm,119,142
147,1,Cw,96900,121483
147,1,X,96903,121486
147,1,Y,0,121486
148,1,Ad,1098,1272
148,1,Am,82,109
148,1,Aw,96956,121238
148,1,Bd,0,0
148,1,Bm,0,0
148,1,Bw,96987,121278
148,1,Ce,0,0
148,1,Cm,112,138
148,1,Cw,96984,121276
148,1,X,96987,121278
148,1,Y,0,121278
149,1,Ad,1123,1284
149,1,Am,83,110
149,1,Aw,96982,121202
149,1,Bd,0,0
149,1,Bm,0,0
149,1,Bw,97015,121240
149,1,Ce,0,0
149,1,Cm,93,135
149,1,Cw,97012,121239
149,1,X,97015,121240
149,1,Y,0,121240
150,1,Ad,1105,1291
150,1,Am,78,106
150,1,Aw,97178,121260
150,1,Bd,0,0
150,1,Bm,0,0
150,1,Bw,97210,121298
150,1,Ce,0,0
150,1,Cm,94,129
150,1,Cw,97207,121296
150,1,X,97210,121298
150,1,Y,0,121298
151,1,Ad,1079,1291
151,1,Am,74,105
151,1,Aw,97279,121395
151,1,Bd,0,0
151,1,Bm,0,0
151,1,Bw,97310,121429
151,1,Ce,0,0
151,1,Cm,85,134
151,1,Cw,97308,121427
151,1,X,97310,121429
151,1,Y,0,121429
152,1,Ad,1094,1271
152,1,Am,83,110
152,1,Aw,97392,121310
152,1,Bd,0,0
152,1,Bm,0,0
152,1,Bw,97425,121346
152,1,Ce,0,0
152,1,Cm,85,124
152,1,Cw,97423,121344
152,1,X,97425,121346
152,1,Y,0,121346
153,1,Ad,1046,1254
153,1,Am,73,115
153,1,Aw,97232,121579
153,1,Bd,0,0
153,1,Bm,0,0
153,1,Bw,97261,121615
153,1,Ce,0,0
153,1,Cm,80,120
153,1,Cw,97259,121612
153,1,X,97261,121615
153,1,Y,0,121615
154,1,Ad,1025,1253
154,1,Am,69,117
154,1,Aw,97393,121758
154,1,Bd,0,0
154,1,Bm,0,0
154,1,Bw,97422,121794
154,1,Ce,0,0
154,1,Cm,70,111
154,1,Cw,97419,121792
154,1,X,97422,121794
154,1,Y,0,121794
155,1,Ad,983,1189
155,1,Am,63,107
155,1,Aw,97162,121716
155,1,Bd,0,0
155,1,Bm,0,0
155,1,Bw,97189,121751
155,1,Ce,0,0
155,1,Cm,66,97
155,1,Cw,97186,121749
155,1,X,97189,121751
155,1,Y,0,121751
156,1,Ad,940,1151
156,1,Am,58,101
156,1,Aw,97313,121673
156,1,Bd,0,0
156,1,Bm,0,0
156,1,Bw,97335,121703
156,1,Ce,0,0
156,1,Cm,61,93
156,1,Cw,97333,121702
156,1,X,97335,121703
156,1,Y,0,121703
157,1,Ad,904,1084
157,1,Am,53,93
157,1,Aw,97267,121756
157,1,Bd,0,0
157,1,Bm,0,0
157,1,Bw,97287,121784
157,1,Ce,0,0
157,1,Cm,57,94
157,1,Cw,97285,121783
157,1,X,97287,121784
157,1,Y,0,121784
158,1,Ad,883,1072
158,1,Am,60,80
158,1,Aw,97403,121631
158,1,Bd,0,0
158,1,Bm,0,0
158,1,Bw,97423,121655
158,1,Ce,0,0
158,1,Cm,60,86
158,1,Cw,97421,121654
158,1,X,97423,121655
158,1,Y,0,121655
159,1,Ad,810,1037
159,1,Am,58,74
159,1,Aw,97368,121315
159,1,Bd,0,0
159,1,Bm,0,0
159,1,Bw,97389,121336
159,1,Ce,0,0
159,1,Cm,57,79
159,1,Cw,97388,121335
159,1,X,97389,121336
159,1,Y,0,121336
160,1,Ad,768,1021
160,1,Am,55,69
160,1,Aw,97633,121591
160,1,Bd,0,0
160,1,Bm,0,0
160,1,Bw,97651,121611
160,1,Ce,0,0
160,1,Cm,61,72
160,1,Cw,97650,121610
160,1,X,97651,121611
160,1,Y,0,121611
161,1,Ad,751,989
161,1,Am,60,76
161,1,Aw,97350,121462
161,1,Bd,0,0
161,1,Bm,0,0
161,1,Bw,97368,121483
161,1,Ce,0,0
161,1,Cm,67,74
161,1,Cw,97366,121482
161,1,X,97368,121483
161,1,Y,0,121483
162,1,Ad,734,939
162,1,Am,56,74
162,1,Aw,97678,121325
162,1,Bd,0,0
162,1,Bm,0,0
162,1,Bw,97695,121345
162,1,Ce,0,0
162,1,Cm,77,72
162,1,Cw,97693,121344
162,1,X,97695,121345
162,1,Y,0,121345
163,1,Ad,722,900
163,1,Am,48,70
163,1,Aw,97709,121497
163,1,Bd,0,0
163,1,Bm,0,0
163,1,Bw,97724,121518
163,1,Ce,0,0
163,1,Cm,70,73
163,1,Cw,97721,121518
163,1,X,97724,121518
163,1,Y,0,121518
164,1,Ad,723,942
164,1,Am,58,85
164,1,Aw,97616,121524
164,1,Bd,0,0
164,1,Bm,0,0
164,1,Bw,97636,121549
164,1,Ce,0,0
164,1,Cm,84,89
164,1,Cw,97635,121549
164,1,X,97636,121549
164,1,Y,0,121549
165,1,Ad,702,944
165,1,Am,62,95
165,1,Aw,97569,121482
165,1,Bd,0,0
165,1,Bm,0,0
165,1,Bw,97586,121509
165,1,Ce,0,0
165,1,Cm,86,102
165,1,Cw,97584,121509
165,1,X,97586,121509
165,1,Y,0,121509
166,1,Ad,704,938
166,1,Am,67,87
166,1,Aw,97502,121354
166,1,Bd,0,0
166,1,Bm,0,0
166,1,Bw,97520,121379
166,1,Ce,0,0
166,1,Cm,89,102
166,1,Cw,97519,121379
166,1,X,97520,121379
166,1,Y,0,121379
167,1,Ad,738,961
167,1,Am,85,95
167,1,Aw,97443,121562
167,1,Bd,0,0
167,1,Bm,0,0
167,1,Bw,97463,121592
167,1,Ce,0,0
167,1,Cm,102,116
167,1,Cw,97463,121592
167,1,X,97463,121592
167,1,Y,0,121592
168,1,Ad,756,947
168,1,Am,89,102
168,1,Aw,97280,121647
168,1,Bd,0,0
168,1,Bm,0,0
168,1,Bw,97298,121675
168,1,Ce,0,0
168,1,Cm,117,130
168,1,Cw,97297,121675
168,1,X,97298,121675
168,1,Y,0,121675
169,1,Ad,751,956
169,1,Am,100,110
169,1,Aw,97220,121803
169,1,Bd,0,0
169,1,Bm,0,0
169,1,Bw,97241,121833
169,1,Ce,0,0
169,1,Cm,122,133
169,1,Cw,97240,121833
169,1,X,97241,121833
169,1,Y,0,121833
170,1,Ad,787,943
170,1,Am,113,109
170,1,Aw,97513,121806
170,1,Bd,0,0
170,1,Bm,0,0
170,1,Bw,97538,121836
170,1,Ce,0,0
170,1,Cm,148,151
170,1,Cw,97537,121834
170,1,X,97538,121836
170,1,Y,0,121836
171,1,Ad,829,975
171,1,Am,119,123
171,1,Aw,97501,121806
171,1,Bd,0,0
171,1,Bm,0,0
171,1,Bw,97525,121831
171,1,Ce,0,0
171,1,Cm,158,164
171,1,Cw,97523,121829
171,1,X,97525,121831
171,1,Y,0,121831
172,1,Ad,841,985
172,1,Am,114,121
172,1,Aw,97597,121776
172,1,Bd,0,0
172,1,Bm,0,0
172,1,Bw,97622,121805
172,1,Ce,0,0
172,1,Cm,158,161
172,1,Cw,97618,121803
172,1,X,97622,121805
172,1,Y,0,121805
173,1,Ad,884,1054
173,1,Am,126,134
173,1,Aw,97440,121619
173,1,Bd,0,0
173,1,Bm,0,0
173,1,Bw,97468,121652
173,1,Ce,0,0
173,1,Cm,170,179
173,1,Cw,97461,121650
173,1,X,97468,121652
173,1,Y,0,121652
174,1,Ad,890,1062
174,1,Am,129,133
174,1,Aw,97269,121357
174,1,Bd,0,0
174,1,Bm,0,0
174,1,Bw,97297,121391
174,1,Ce,0,0
174,1,Cm,172,190
174,1,Cw,97290,121389
174,1,X,97297,121391
174,1,Y,0,121391
175,1,Ad,881,1066
175,1,Am,139,141
175,1,Aw,97129,121326
175,1,Bd,0,0
175,1,Bm,0,0
175,1,Bw,97160,121363
175,1,Ce,0,0
175,1,Cm,173,194
175,1,Cw,97153,121363
175,1,X,97160,121363
175,1,Y,0,121363
176,1,Ad,911,1095
176,1,Am,151,150
176,1,Aw,97081,121675
176,1,Bd,0,0
176,1,Bm,0,0
176,1,Bw,97113,121713
176,1,Ce,0,0
176,1,Cm,188,208
176,1,Cw,97106,121713
176,1,X,97113,121713
176,1,Y,0,121713
177,1,Ad,897,1083
177,1,Am,155,161
177,1,Aw,97033,121493
177,1,Bd,0,0
177,1,Bm,0,0
177,1,Bw,97067,121532
177,1,Ce,0,0
177,1,Cm,178,218
177,1,Cw,97060,121531
177,1,X,97067,121532
177,1,Y,0,121532
178,1,Ad,902,1090
178,1,Am,148,164
178,1,Aw,97028,121718
178,1,Bd,0,0
178,1,Bm,0,0
178,1,Bw,97061,121759
178,1,Ce,0,0
178,1,Cm,168,220
178,1,Cw,97056,121758
178,1,X,97061,121759
178,1,Y,0,121759
179,1,Ad,916,1122
179,1,Am,147,178
179,1,Aw,96932,121638
179,1,Bd,0,0
179,1,Bm,0,0
179,1,Bw,96964,121680
179,1,Ce,0,0
179,1,Cm,171,221
179,1,Cw,96959,121679
179,1,X,96964,121680
179,1,Y,0,121680
180,1,Ad,881,1137
180,1,Am,143,181
180,1,Aw,96637,121568
180,1,Bd,0,0
180,1,Bm,0,0
180,1,Bw,96671,121611
180,1,Ce,0,0
180,1,Cm,153,216
180,1,Cw,96668,121610
180,1,X,96671,121611
180,1,Y,0,121611
181,1,Ad,899,1143
181,1,Am,146,180
181,1,Aw,96789,121852
181,1,Bd,0,0
181,1,Bm,0,0
181,1,Bw,96825,121890
181,1,Ce,0,0
181,1,Cm,150,217
181,1,Cw,96823,121888
181,1,X,96825,121890
181,1,Y,0,121890
182,1,Ad,903,1152
182,1,Am,149,179
182,1,Aw,96862,122004
182,1,Bd,0,0
182,1,Bm,0,0
182,1,Bw,96895,122042
182,1,Ce,0,0
182,1,Cm,154,222
182,1,Cw,96892,122040
182,1,X,96895,122042
182,1,Y,0,122042
183,1,Ad,886,1131
183,1,Am,138,182
183,1,Aw,96961,121762
183,1,Bd,0,0
183,1,Bm,0,0
183,1,Bw,96994,121799
183,1,Ce,0,0
183,1,Cm,160,213
183,1,Cw,96991,121797
183,1,X,96994,121799
183,1,Y,0,121799
184,1,Ad,886,1129
184,1,Am,137,180
184,1,Aw,96866,121936
184,1,Bd,0,0
184,1,Bm,0,0
184,1,Bw,96901,121973
184,1,Ce,0,0
184,1,Cm,152,199
184,1,Cw,96898,121971
184,1,X,96901,121973
184,1,Y,0,121973
185,1,Ad,876,1086
185,1,Am,134,171
185,1,Aw,96957,122120
185,1,Bd,0,0
185,1,Bm,0,0
185,1,Bw,96989,122153
185,1,Ce,0,0
185,1,Cm,159,188
185,1,Cw,96986,122150
185,1,X,96989,122153
185,1,Y,0,122153
186,1,Ad,850,1081
186,1,Am,123,167
186,1,Aw,97206,122026
186,1,Bd,0,0
186,1,Bm,0,0
186,1,Bw,97233,122056
186,1,Ce,0,0
186,1,Cm,149,184
186,1,Cw,97231,122053
186,1,X,97233,122056
186,1,Y,0,122056
187,1,Ad,848,1090
187,1,Am,125,150
187,1,Aw,97128,122026
187,1,Bd,0,0
187,1,Bm,0,0
187,1,Bw,97152,122054
187,1,Ce,0,0
187,1,Cm,152,191
187,1,Cw,97151,122051
187,1,X,97152,122054
187,1,Y,0,122054
188,1,Ad,845,1088
188,1,Am,126,153
188,1,Aw,97265,121940
188,1,Bd,0,0
188,1,Bm,0,0
188,1,Bw,97289,121966
188,1,Ce,0,0
188,1,Cm,155,192
188,1,Cw,97288,121963
188,1,X,97289,121966
188,1,Y,0,121966
189,1,Ad,820,1056
189,1,Am,124,137
189,1,Aw,97641,122017
189,1,Bd,0,0
189,1,Bm,0,0
189,1,Bw,97663,122040
189,1,Ce,0,0
189,1,Cm,146,183
189,1,Cw,97662,122036
189,1,X,97663,122040
189,1,Y,0,122040
190,1,Ad,821,1036
190,1,Am,127,140
190,1,Aw,97855,122014
190,1,Bd,0,0
190,1,Bm,0,0
190,1,Bw,97877,122037
190,1,Ce,0,0
190,1,Cm,162,179
190,1,Cw,97876,122034
190,1,X,97877,122037
190,1,Y,0,122037
191,1,Ad,816,1033
191,1,Am,137,148
191,1,Aw,97900,121837
191,1,Bd,0,0
191,1,Bm,0,0
191,1,Bw,97921,121865
191,1,Ce,0,0
191,1,Cm,177,192
191,1,Cw,97919,121862
191,1,X,97921,121865
191,1,Y,0,121865
192,1,Ad,807,1050
192,1,Am,130,138
192,1,Aw,97945,121555
192,1,Bd,0,0
192,1,Bm,0,0
192,1,Bw,97965,121579
192,1,Ce,0,0
192,1,Cm,172,192
192,1,Cw,97963,121576
192,1,X,97965,121579
192,1,Y,0,121579
193,1,Ad,809,1070
193,1,Am,136,147
193,1,Aw,98119,121816
193,1,Bd,0,0
193,1,Bm,0,0
193,1,Bw,98141,121841
193,1,Ce,0,0
193,1,Cm,183,213
193,1,Cw,98138,121839
193,1,X,98141,121841
193,1,Y,0,121841
194,1,Ad,779,1047
194,1,Am,126,144
194,1,Aw,97898,121792
194,1,Bd,0,0
194,1,Bm,0,0
194,1,Bw,97917,121817
194,1,Ce,0,0
194,1,Cm,170,221
194,1,Cw,97917,121813
194,1,X,97917,121817
194,1,Y,0,121817
195,1,Ad,770,1023
195,1,Am,128,156
195,1,Aw,97864,121891
195,1,Bd,0,0
195,1,Bm,0,0
195,1,Bw,97882,121919
195,1,Ce,0,0
195,1,Cm,161,205
195,1,Cw,97882,121914
195,1,X,97882,121919
195,1,Y,0,121919
196,1,Ad,781,1062
196,1,Am,145,170
196,1,Aw,97835,121647
196,1,Bd,0,0
196,1,Bm,0,0
196,1,Bw,97853,121678
196,1,Ce,0,0
196,1,Cm,175,214
196,1,Cw,97853,121675
196,1,X,97853,121678
196,1,Y,0,121678
197,1,Ad,764,1071
197,1,Am,141,171
197,1,Aw,97736,121954
197,1,Bd,0,0
197,1,Bm,0,0
197,1,Bw,97754,121988
197,1,Ce,0,0
197,1,Cm,173,230
197,1,Cw,97754,121985
197,1,X,97754,121988
197,1,Y,0,121988
198,1,Ad,756,1039
198,1,Am,143,174
198,1,Aw,97936,121756
198,1,Bd,0,0
198,1,Bm,0,0
198,1,Bw,97955,121787
198,1,Ce,0,0
198,1,Cm,186,210
198,1,Cw,97955,121783
198,1,X,97955,121787
198,1,Y,0,121787
199,1,Ad,786,1052
199,1,Am,151,185
199,1,Aw,97851,121937
199,1,Bd,0,0
199,1,Bm,0,0
199,1,Bw,97871,121969
199,1,Ce,0,0
199,1,Cm,223,233
199,1,Cw,97871,121964
199,1,X,97871,121969
199,1,Y,0,121969
200,1,Ad,769,1059
200,1,Am,149,204
200,1,Aw,97756,131154
200,1,Bd,0,9001
200,1,Bm,0,0
200,1,Bw,97777,122185
200,1,Ce,0,0
200,1,Cm,234,237
200,1,Cw,97777,131181
200,1,X,97777,131186
200,1,Y,0,131186
201,1,Ad,788,1027
201,1,Am,145,201
201,1,Aw,97705,129916
201,1,Bd,0,8057
201,1,Bm,0,0
201,1,Bw,97724,121888
201,1,Ce,0,0
201,1,Cm,235,244
201,1,Cw,97724,129942
201,1,X,97724,129945
201,1,Y,0,129945
202,1,Ad,800,1044
202,1,Am,159,210
202,1,Aw,97630,128671
202,1,Bd,0,7200
202,1,Bm,0,0
202,1,Bw,97651,121500
202,1,Ce,0,0
202,1,Cm,256,251
202,1,Cw,97650,128697
202,1,X,97651,128700
202,1,Y,0,128700
203,1,Ad,807,1023
203,1,Am,170,222
203,1,Aw,97608,128308
203,1,Bd,0,6460
203,1,Bm,0,0
203,1,Bw,97630,121876
203,1,Ce,0,0
203,1,Cm,264,255
203,1,Cw,97629,128331
203,1,X,97630,128336
203,1,Y,0,128336
204,1,Ad,813,1039
204,1,Am,164,233
204,1,Aw,97887,127359
204,1,Bd,0,5753
204,1,Bm,0,0
204,1,Bw,97908,121632
204,1,Ce,0,0
204,1,Cm,256,267
204,1,Cw,97907,127380
204,1,X,97908,127385
204,1,Y,0,127385
205,1,Ad,850,1075
205,1,Am,193,229
205,1,Aw,97811,126831
205,1,Bd,0,5120
205,1,Bm,0,0
205,1,Bw,97836,121738
205,1,Ce,0,0
205,1,Cm,274,285
205,1,Cw,97835,126854
205,1,X,97836,126858
205,1,Y,0,126858
206,1,Ad,853,1055
206,1,Am,185,236
206,1,Aw,97805,125977
206,1,Bd,0,4588
206,1,Bm,0,0
206,1,Bw,97833,121416
206,1,Ce,0,0
206,1,Cm,289,284
206,1,Cw,97832,125999
206,1,X,97833,126004
206,1,Y,0,126004
207,1,Ad,864,1072
207,1,Am,196,241
207,1,Aw,97914,125600
207,1,Bd,0,4061
207,1,Bm,0,0
207,1,Bw,97940,121569
207,1,Ce,0,0
207,1,Cm,268,291
207,1,Cw,97939,125624
207,1,X,97940,125630
207,1,Y,0,125630
208,1,Ad,874,1083
208,1,Am,191,230
208,1,Aw,97996,125100
208,1,Bd,0,3577
208,1,Bm,0,0
208,1,Bw,98023,121553
208,1,Ce,0,0
208,1,Cm,265,316
208,1,Cw,98021,125124
208,1,X,98023,125130
208,1,Y,0,125130
209,1,Ad,860,1044
209,1,Am,186,226
209,1,Aw,97844,124305
209,1,Bd,0,3137
209,1,Bm,0,0
209,1,Bw,97864,121199
209,1,Ce,0,0
209,1,Cm,266,307
209,1,Cw,97861,124329
209,1,X,97864,124336
209,1,Y,0,124336
210,1,Ad,853,1041
210,1,Am,187,222
210,1,Aw,97704,123798
210,1,Bd,0,2704
210,1,Bm,0,0
210,1,Bw,97729,121124
210,1,Ce,0,0
210,1,Cm,260,305
210,1,Cw,97726,123821
210,1,X,97729,123828
210,1,Y,0,123828
211,1,Ad,866,1052
211,1,Am,194,225
211,1,Aw,97640,123496
211,1,Bd,0,2336
211,1,Bm,0,0
211,1,Bw,97664,121195
211,1,Ce,0,0
211,1,Cm,265,306
211,1,Cw,97660,123523
211,1,X,97664,123531
211,1,Y,0,123531
212,1,Ad,879,1050
212,1,Am,192,226
212,1,Aw,97750,123059
212,1,Bd,0,1996
212,1,Bm,0,0
212,1,Bw,97774,121100
212,1,Ce,0,0
212,1,Cm,262,301
212,1,Cw,97770,123088
212,1,X,97774,123096
212,1,Y,0,123096
213,1,Ad,860,1032
213,1,Am,207,228
213,1,Aw,97771,122737
213,1,Bd,0,1700
213,1,Bm,0,0
213,1,Bw,97797,121072
213,1,Ce,0,0
213,1,Cm,274,299
213,1,Cw,97793,122765
213,1,X,97797,122772
213,1,Y,0,122772
214,1,Ad,858,1054
214,1,Am,216,233
214,1,Aw,97491,122541
214,1,Bd,0,1413
214,1,Bm,0,0
214,1,Bw,97520,121165
214,1,Ce,0,0
214,1,Cm,275,290
214,1,Cw,97517,122571
214,1,X,97520,122578
214,1,Y,0,122578
215,1,Ad,852,1064
215,1,Am,209,224
215,1,Aw,97798,122270
215,1,Bd,0,1167
215,1,Bm,0,0
215,1,Bw,97825,121141
215,1,Ce,0,0
215,1,Cm,258,284
215,1,Cw,97822,122303
215,1,X,97825,122308
215,1,Y,0,122308
216,1,Ad,828,1051
216,1,Am,197,225
216,1,Aw,97405,122009
216,1,Bd,0,992
216,1,Bm,0,0
216,1,Bw,97435,121056
216,1,Ce,0,0
216,1,Cm,253,286
216,1,Cw,97432,122042
216,1,X,97435,122048
216,1,Y,0,122048
217,1,Ad,810,1046
217,1,Am,195,227
217,1,Aw,97379,121830
217,1,Bd,0,833
217,1,Bm,0,0
217,1,Bw,97409,121034
217,1,Ce,0,0
217,1,Cm,247,281
217,1,Cw,97406,121861
217,1,X,97409,121867
217,1,Y,0,121867
218,1,Ad,800,1048
218,1,Am,188,224
218,1,Aw,97527,121733
218,1,Bd,0,679
218,1,Bm,0,0
218,1,Bw,97558,121091
218,1,Ce,0,0
218,1,Cm,244,284
218,1,Cw,97555,121763
218,1,X,97558,121770
218,1,Y,0,121770
219,1,Ad,793,1039
219,1,Am,186,217
219,1,Aw,97601,121566
219,1,Bd,0,549
219,1,Bm,0,0
219,1,Bw,97630,121055
219,1,Ce,0,0
219,1,Cm,243,270
219,1,Cw,97627,121598
219,1,X,97630,121604
219,1,Y,0,121604
220,1,Ad,775,1046
220,1,Am,185,222
220,1,Aw,97487,121591
220,1,Bd,0,452
220,1,Bm,0,0
220,1,Bw,97512,121177
220,1,Ce,0,0
220,1,Cm,245,290
220,1,Cw,97509,121621
220,1,X,97512,121629
220,1,Y,0,121629
221,1,Ad,761,1004
221,1,Am,177,211
221,1,Aw,97539,121381
221,1,Bd,0,364
221,1,Bm,0,0
221,1,Bw,97563,121048
221,1,Ce,0,0
221,1,Cm,235,276
221,1,Cw,97559,121406
221,1,X,97563,121412
221,1,Y,0,121412
222,1,Ad,779,1014
222,1,Am,177,218
222,1,Aw,97441,121334
222,1,Bd,0,289
222,1,Bm,0,0
222,1,Bw,97465,121075
222,1,Ce,0,0
222,1,Cm,234,272
222,1,Cw,97463,121358
222,1,X,97465,121364
222,1,Y,0,121364
223,1,Ad,780,988
223,1,Am,179,209
223,1,Aw,97360,121394
223,1,Bd,0,240
223,1,Bm,0,0
223,1,Bw,97386,121183
223,1,Ce,0,0
223,1,Cm,245,269
223,1,Cw,97385,121419
223,1,X,97386,121423
223,1,Y,0,121423
224,1,Ad,778,969
224,1,Am,179,200
224,1,Aw,97126,121330
224,1,Bd,0,203
224,1,Bm,0,0
224,1,Bw,97151,121153
224,1,Ce,0,0
224,1,Cm,234,281
224,1,Cw,97148,121353
224,1,X,97151,121356
224,1,Y,0,121356
225,1,Ad,836,1001
225,1,Am,190,205
225,1,Aw,97263,121396
225,1,Bd,0,173
225,1,Bm,0,0
225,1,Bw,97289,121248
225,1,Ce,0,0
225,1,Cm,250,297
225,1,Cw,97286,121419
225,1,X,97289,121421
225,1,Y,0,121421
226,1,Ad,803,966
226,1,Am,185,199
226,1,Aw,96977,121027
226,1,Bd,399,504
226,1,Bm,0,0
226,1,Bw,97002,120911
226,1,Ce,0,0
226,1,Cm,233,294
226,1,Cw,96999,121050
226,1,X,97002,121052
226,1,Y,0,121052
227,1,Ad,787,971
227,1,Am,180,206
227,1,Aw,97266,121127
227,1,Bd,683,800
227,1,Bm,0,0
227,1,Bw,97290,121043
227,1,Ce,0,0
227,1,Cm,224,307
227,1,Cw,97286,121153
227,1,X,97290,121155
227,1,Y,0,121155
228,1,Ad,822,969
228,1,Am,187,224
228,1,Aw,97337,121349
228,1,Bd,883,1060
228,1,Bm,0,0
228,1,Bw,97361,121290
228,1,Ce,0,0
228,1,Cm,252,319
228,1,Cw,97358,121373
228,1,X,97361,121376
228,1,Y,0,121376
229,1,Ad,812,961
229,1,Am,176,217
229,1,Aw,97293,121128
229,1,Bd,1318,1486
229,1,Bm,0,0
229,1,Bw,97316,121087
229,1,Ce,0,0
229,1,Cm,252,318
229,1,Cw,97312,121145
229,1,X,97316,121148
229,1,Y,0,121148
230,1,Ad,823,983
230,1,Am,187,223
230,1,Aw,97237,121309
230,1,Bd,1626,1836
230,1,Bm,0,0
230,1,Bw,97259,121274
230,1,Ce,0,0
230,1,Cm,250,327
230,1,Cw,97255,121323
230,1,X,97259,121327
230,1,Y,0,121327
231,1,Ad,810,992
231,1,Am,197,242
231,1,Aw,97200,121189
231,1,Bd,1792,2098
231,1,Bm,0,0
231,1,Bw,97222,121161
231,1,Ce,0,0
231,1,Cm,265,339
231,1,Cw,97218,121202
231,1,X,97222,121208
231,1,Y,0,121208
232,1,Ad,816,1013
232,1,Am,207,246
232,1,Aw,96957,120813
232,1,Bd,2105,2377
232,1,Bm,0,0
232,1,Bw,96978,120792
232,1,Ce,0,0
232,1,Cm,282,338
232,1,Cw,96973,120827
232,1,X,96978,120834
232,1,Y,0,120834
233,1,Ad,839,993
233,1,Am,214,243
233,1,Aw,97048,120936
233,1,Bd,2215,2615
233,1,Bm,0,0
233,1,Bw,97069,120925
233,1,Ce,0,0
233,1,Cm,279,332
233,1,Cw,97064,120954
233,1,X,97069,120960
233,1,Y,0,120960
234,1,Ad,859,1019
234,1,Am,211,263
234,1,Aw,96833,121087
234,1,Bd,2332,2780
234,1,Bm,0,0
234,1,Bw,96856,121087
234,1,Ce,0,0
234,1,Cm,309,342
234,1,Cw,96848,121108
234,1,X,96856,121114
234,1,Y,0,121114
235,1,Ad,876,1007
235,1,Am,203,242
235,1,Aw,96952,121104
235,1,Bd,2511,2954
235,1,Bm,0,0
235,1,Bw,96978,121105
235,1,Ce,0,0
235,1,Cm,311,345
235,1,Cw,96969,121123
235,1,X,96978,121129
235,1,Y,0,121129
236,1,Ad,873,1024
236,1,Am,215,252
236,1,Aw,97134,121180
236,1,Bd,2562,3049
236,1,Bm,0,0
236,1,Bw,97160,121187
236,1,Ce,0,0
236,1,Cm,313,363
236,1,Cw,97150,121199
236,1,X,97160,121205
236,1,Y,0,121205
237,1,Ad,901,1037
237,1,Am,233,277
237,1,Aw,97092,121348
237,1,Bd,2624,3134
237,1,Bm,0,0
237,1,Bw,97117,121363
237,1,Ce,0,0
237,1,Cm,328,370
237,1,Cw,97107,121371
237,1,X,97117,121378
237,1,Y,0,121378
238,1,Ad,908,1037
238,1,Am,241,288
238,1,Aw,97239,121265
238,1,Bd,2686,3207
238,1,Bm,0,0
238,1,Bw,97264,121283
238,1,Ce,0,0
238,1,Cm,316,365
238,1,Cw,97255,121288
238,1,X,97264,121295
238,1,Y,0,121295
239,1,Ad,893,1051
239,1,Am,239,293
239,1,Aw,97458,121076
239,1,Bd,2631,3184
239,1,Bm,0,0
239,1,Bw,97488,121095
239,1,Ce,0,0
239,1,Cm,322,369
239,1,Cw,97480,121098
239,1,X,97488,121105
239,1,Y,0,121105
240,1,Ad,898,1071
240,1,Am,248,291
240,1,Aw,97457,121220
240,1,Bd,2524,3117
240,1,Bm,0,0
240,1,Bw,97487,121238
240,1,Ce,0,0
240,1,Cm,324,394
240,1,Cw,97478,121239
240,1,X,97487,121247
240,1,Y,0,121247
241,1,Ad,868,1040
241,1,Am,239,295
241,1,Aw,97852,121068
241,1,Bd,2433,3094
241,1,Bm,0,0
241,1,Bw,97882,121085
241,1,Ce,0,0
241,1,Cm,319,376
241,1,Cw,97875,121084
241,1,X,97882,121092
241,1,Y,0,121092
242,1,Ad,871,1049
242,1,Am,239,300
242,1,Aw,97528,121126
242,1,Bd,2349,2969
242,1,Bm,0,0
242,1,Bw,97555,121144
242,1,Ce,0,0
242,1,Cm,313,380
242,1,Cw,97549,121141
242,1,X,97555,121150
242,1,Y,0,121150
243,1,Ad,887,1046
243,1,Am,242,306
243,1,Aw,97479,121147
243,1,Bd,2232,2847
243,1,Bm,0,0
243,1,Bw,97502,121166
243,1,Ce,0,0
243,1,Cm,324,389
243,1,Cw,97496,121163
243,1,X,97502,121172
243,1,Y,0,121172
244,1,Ad,845,1040
244,1,Am,219,293
244,1,Aw,97469,121161
244,1,Bd,2110,2703
244,1,Bm,0,0
244,1,Bw,97487,121180
244,1,Ce,0,0
244,1,Cm,309,403
244,1,Cw,97480,121177
244,1,X,97487,121185
244,1,Y,0,121185
245,1,Ad,802,1020
245,1,Am,210,301
245,1,Aw,97369,121190
245,1,Bd,1991,2559
245,1,Bm,0,0
245,1,Bw,97387,121212
245,1,Ce,0,0
245,1,Cm,303,394
245,1,Cw,97381,121208
245,1,X,97387,121215
245,1,Y,0,121215
246,1,Ad,809,993
246,1,Am,216,294
246,1,Aw,97408,121135
246,1,Bd,1874,2380
246,1,Bm,0,0
246,1,Bw,97422,121152
246,1,Ce,0,0
246,1,Cm,297,377
246,1,Cw,97416,121149
246,1,X,97422,121155
246,1,Y,0,121155
247,1,Ad,810,980
247,1,Am,211,278
247,1,Aw,97192,121430
247,1,Bd,1752,2227
247,1,Bm,0,0
247,1,Bw,97208,121448
247,1,Ce,0,0
247,1,Cm,293,378
247,1,Cw,97203,121444
247,1,X,97208,121451
247,1,Y,0,121451
248,1,Ad,821,983
248,1,Am,215,301
248,1,Aw,97059,121458
248,1,Bd,1599,2034
248,1,Bm,0,0
248,1,Bw,97077,121478
248,1,Ce,0,0
248,1,Cm,285,384
248,1,Cw,97072,121474
248,1,X,97077,121481
248,1,Y,0,121481
249,1,Ad,803,977
249,1,Am,218,303
249,1,Aw,97273,121756
249,1,Bd,1459,1853
249,1,Bm,0,0
249,1,Bw,97293,121775
249,1,Ce,0,0
249,1,Cm,294,390
249,1,Cw,97290,121769
249,1,X,97293,121777
249,1,Y,0,121777
250,1,Ad,832,960
250,1,Am,210,308
250,1,Aw,97470,121550
250,1,Bd,1308,1694
250,1,Bm,0,0
250,1,Bw,97491,121573
250,1,Ce,0,0
250,1,Cm,290,380
250,1,Cw,97489,121567
250,1,X,97491,121574
250,1,Y,0,121574
251,1,Ad,832,965
251,1,Am,233,316
251,1,Aw,97419,121737
251,1,Bd,1172,1569
251,1,Bm,0,0
251,1,Bw,97440,121762
251,1,Ce,0,0
251,1,Cm,304,377
251,1,Cw,97438,121757
251,1,X,97440,121763
251,1,Y,0,121763
252,1,Ad,815,979
252,1,Am,221,325
252,1,Aw,97256,121843
252,1,Bd,1186,1477
252,1,Bm,0,0
252,1,Bw,97282,121870
252,1,Ce,0,0
252,1,Cm,362,443
252,1,Cw,97272,121859
252,1,X,97282,121871
252,1,Y,0,121871
253,1,Ad,803,972
253,1,Am,214,316
253,1,Aw,97089,121984
253,1,Bd,1144,1430
253,1,Bm,0,0
253,1,Bw,97112,122010
253,1,Ce,0,0
253,1,Cm,395,485
253,1,Cw,97098,121991
253,1,X,97112,122011
253,1,Y,0,122011
254,1,Ad,786,983
254,1,Am,225,326
254,1,Aw,97236,121868
254,1,Bd,1052,1373
254,1,Bm,0,0
254,1,Bw,97264,121897
254,1,Ce,0,0
254,1,Cm,435,510
254,1,Cw,97250,121875
254,1,X,97264,121899
254,1,Y,0,121899
255,1,Ad,797,1005
255,1,Am,238,325
255,1,Aw,97423,121729
255,1,Bd,1121,1454
255,1,Bm,0,0
255,1,Bw,97452,121756
255,1,Ce,0,0
255,1,Cm,552,616
255,1,Cw,97422,121724
255,1,X,97453,121759
255,1,Y,0,121759
256,1,Ad,785,988
256,1,Am,235,315
256,1,Aw,97598,121436
256,1,Bd,1175,1509
256,1,Bm,0,0
256,1,Bw,97628,121453
256,1,Ce,0,0
256,1,Cm,617,674
256,1,Cw,97593,121410
256,1,X,97631,121459
256,1,Y,0,121459
257,1,Ad,823,989
257,1,Am,244,317
257,1,Aw,97855,121642
257,1,Bd,1194,1526
257,1,Bm,0,0
257,1,Bw,97879,121664
257,1,Ce,0,0
257,1,Cm,671,751
257,1,Cw,97840,121615
257,1,X,97884,121671
257,1,Y,0,121671
258,1,Ad,790,1010
258,1,Am,237,297
258,1,Aw,97662,121402
258,1,Bd,1352,1623
258,1,Bm,0,0
258,1,Bw,97684,121421
258,1,Ce,0,0
258,1,Cm,804,900
258,1,Cw,97631,121356
258,1,X,97690,121428
258,1,Y,0,121428
259,1,Ad,777,1000
259,1,Am,243,324
259,1,Aw,97672,121569
259,1,Bd,1469,1757
259,1,Bm,0,0
259,1,Bw,97693,121590
259,1,Ce,0,0
259,1,Cm,887,1018
259,1,Cw,97631,121506
259,1,X,97697,121598
259,1,Y,0,121598
260,1,Ad,813,1036
260,1,Am,242,320
260,1,Aw,97218,121523
260,1,Bd,1508,1825
260,1,Bm,0,0
260,1,Bw,97244,121550
260,1,Ce,0,0
260,1,Cm,916,1088
260,1,Cw,97171,121468
260,1,X,97246,121558
260,1,Y,0,121558
261,1,Ad,839,1039
261,1,Am,234,323
261,1,Aw,97214,121326
261,1,Bd,1660,1965
261,1,Bm,0,0
261,1,Bw,97234,121351
261,1,Ce,0,0
261,1,Cm,998,1206
261,1,Cw,97157,121254
261,1,X,97239,121358
261,1,Y,0,121358
262,1,Ad,832,1049
262,1,Am,223,308
262,1,Aw,97221,121329
262,1,Bd,1728,2057
262,1,Bm,0,0
262,1,Bw,97238,121352
262,1,Ce,0,0
262,1,Cm,1053,1236
262,1,Cw,97156,121257
262,1,X,97244,121358
262,1,Y,0,121358
263,1,Ad,838,1076
263,1,Am,229,319
263,1,Aw,97295,121180
263,1,Bd,1757,2158
263,1,Bm,0,0
263,1,Bw,97310,121200
263,1,Ce,0,0
263,1,Cm,1076,1288
263,1,Cw,97228,121095
263,1,X,97316,121209
263,1,Y,0,121209
264,1,Ad,871,1089
264,1,Am,230,309
264,1,Aw,97372,121088
264,1,Bd,1930,2262
264,1,Bm,0,0
264,1,Bw,97384,121107
264,1,Ce,0,0
264,1,Cm,1174,1333
264,1,Cw,97292,120999
264,1,X,97394,121118
264,1,Y,0,121118
265,1,Ad,849,1088
265,1,Am,243,312
265,1,Aw,97148,121100
265,1,Bd,2005,2330
265,1,Bm,0,0
265,1,Bw,97163,121114
265,1,Ce,0,0
265,1,Cm,1199,1348
265,1,Cw,97074,121006
265,1,X,97173,121128
265,1,Y,0,121128
266,1,Ad,874,1094
266,1,Am,247,340
266,1,Aw,97663,121118
266,1,Bd,2070,2405
266,1,Bm,0,0
266,1,Bw,97676,121134
266,1,Ce,0,0
266,1,Cm,1187,1383
266,1,Cw,97582,121019
266,1,X,97687,121147
266,1,Y,0,121147
267,1,Ad,876,1079
267,1,Am,246,340
267,1,Aw,97707,121118
267,1,Bd,2154,2509
267,1,Bm,0,0
267,1,Bw,97718,121131
267,1,Ce,0,0
267,1,Cm,1209,1416
267,1,Cw,97620,121014
267,1,X,97730,121148
267,1,Y,0,121148
268,1,Ad,852,1064
268,1,Am,255,345
268,1,Aw,97577,121071
268,1,Bd,2133,2604
268,1,Bm,0,0
268,1,Bw,97589,121083
268,1,Ce,0,0
268,1,Cm,1203,1433
268,1,Cw,97495,120970
268,1,X,97600,121101
268,1,Y,0,121101
269,1,Ad,852,1080
269,1,Am,248,337
269,1,Aw,97719,121017
269,1,Bd,2155,2589
269,1,Bm,0,0
269,1,Bw,97729,121026
269,1,Ce,0,0
269,1,Cm,1226,1418
269,1,Cw,97642,120924
269,1,X,97742,121047
269,1,Y,0,121047
270,1,Ad,830,1073
270,1,Am,238,332
270,1,Aw,97538,121409
270,1,Bd,2180,2623
270,1,Bm,0,0
270,1,Bw,97552,121418
270,1,Ce,0,0
270,1,Cm,1209,1402
270,1,Cw,97468,121315
270,1,X,97564,121437
270,1,Y,0,121437
271,1,Ad,826,1079
271,1,Am,252,327
271,1,Aw,97450,121452
271,1,Bd,2158,2603
271,1,Bm,0,0
271,1,Bw,97460,121455
271,1,Ce,0,0
271,1,Cm,1188,1367
271,1,Cw,97380,121356
271,1,X,97473,121475
271,1,Y,0,121475
272,1,Ad,809,1081
272,1,Am,242,340
272,1,Aw,97280,121685
272,1,Bd,2135,2570
272,1,Bm,0,0
272,1,Bw,97290,121691
272,1,Ce,0,0
272,1,Cm,1150,1344
272,1,Cw,97212,121591
272,1,X,97301,121711
272,1,Y,0,121711
273,1,Ad,802,1069
273,1,Am,258,346
273,1,Aw,97226,121431
273,1,Bd,2085,2523
273,1,Bm,0,0
273,1,Bw,97240,121440
273,1,Ce,0,0
273,1,Cm,1134,1323
273,1,Cw,97164,121340
273,1,X,97249,121459
273,1,Y,0,121459
274,1,Ad,819,1073
274,1,Am,249,336
274,1,Aw,97095,121366
274,1,Bd,2056,2504
274,1,Bm,0,0
274,1,Bw,97103,121374
274,1,Ce,0,0
274,1,Cm,1101,1321
274,1,Cw,97031,121279
274,1,X,97115,121393
274,1,Y,0,121393
275,1,Ad,807,1061
275,1,Am,254,334
275,1,Aw,97244,121379
275,1,Bd,1976,2435
275,1,Bm,0,0
275,1,Bw,97257,121388
275,1,Ce,0,0
275,1,Cm,1042,1273
275,1,Cw,97185,121297
275,1,X,97268,121405
275,1,Y,0,121405
276,1,Ad,801,1052
276,1,Am,244,352
276,1,Aw,96904,121286
276,1,Bd,1919,2365
276,1,Bm,0,0
276,1,Bw,96912,121296
276,1,Ce,0,0
276,1,Cm,1023,1226
276,1,Cw,96845,121206
276,1,X,96922,121314
276,1,Y,0,121314
277,1,Ad,789,1023
277,1,Am,249,358
277,1,Aw,96822,121552
277,1,Bd,1857,2328
277,1,Bm,0,0
277,1,Bw,96832,121563
277,1,Ce,0,0
277,1,Cm,1006,1188
277,1,Cw,96770,121480
277,1,X,96841,121581
277,1,Y,0,121581
278,1,Ad,786,1010
278,1,Am,254,356
278,1,Aw,96661,121515
278,1,Bd,1769,2244
278,1,Bm,0,0
278,1,Bw,96668,121527
278,1,Ce,0,0
278,1,Cm,989,1191
278,1,Cw,96610,121445
278,1,X,96680,121545
278,1,Y,0,121545
279,1,Ad,796,1014
279,1,Am,256,357
279,1,Aw,96968,121469
279,1,Bd,1688,2159
279,1,Bm,0,0
279,1,Bw,96983,121489
279,1,Ce,0,0
279,1,Cm,972,1203
279,1,Cw,96929,121404
279,1,X,96995,121503
279,1,Y,0,121503
280,1,Ad,786,1002
280,1,Am,279,363
280,1,Aw,96719,121531
280,1,Bd,1593,2062
280,1,Bm,0,0
280,1,Bw,96734,121548
280,1,Ce,0,0
280,1,Cm,950,1145
280,1,Cw,96681,121471
280,1,X,96745,121561
280,1,Y,0,121561
281,1,Ad,783,994
281,1,Am,268,361
281,1,Aw,96939,121734
281,1,Bd,1544,2012
281,1,Bm,0,0
281,1,Bw,96953,121757
281,1,Ce,0,0
281,1,Cm,963,1158
281,1,Cw,96898,121681
281,1,X,96963,121767
281,1,Y,0,121767
282,1,Ad,745,993
282,1,Am,282,360
282,1,Aw,97004,121645
282,1,Bd,1491,1967
282,1,Bm,0,0
282,1,Bw,97019,121668
282,1,Ce,0,0
282,1,Cm,971,1148
282,1,Cw,96963,121592
282,1,X,97028,121678
282,1,Y,0,121678
283,1,Ad,731,990
283,1,Am,286,371
283,1,Aw,96996,121632
283,1,Bd,1454,1917
283,1,Bm,0,0
283,1,Bw,97010,121653
283,1,Ce,0,0
283,1,Cm,980,1155
283,1,Cw,96958,121576
283,1,X,97019,121663
283,1,Y,0,121663
284,1,Ad,747,973
284,1,Am,279,358
284,1,Aw,97100,121677
284,1,Bd,1466,1917
284,1,Bm,0,0
284,1,Bw,97113,121699
284,1,Ce,0,0
284,1,Cm,1053,1189
284,1,Cw,97055,121625
284,1,X,97119,121709
284,1,Y,0,121709
285,1,Ad,761,984
285,1,Am,281,369
285,1,Aw,97040,121717
285,1,Bd,1473,1919
285,1,Bm,0,0
285,1,Bw,97055,121739
285,1,Ce,0,0
285,1,Cm,1088,1232
285,1,Cw,96995,121671
285,1,X,97061,121749
285,1,Y,0,121749
286,1,Ad,798,953
286,1,Am,282,379
286,1,Aw,97199,121326
286,1,Bd,1462,1883
286,1,Bm,0,0
286,1,Bw,97213,121345
286,1,Ce,0,0
286,1,Cm,1126,1286
286,1,Cw,97154,121282
286,1,X,97218,121357
286,1,Y,0,121357
287,1,Ad,775,974
287,1,Am,273,372
287,1,Aw,97345,121094
287,1,Bd,1456,1900
287,1,Bm,0,0
287,1,Bw,97361,121109
287,1,Ce,0,0
287,1,Cm,1169,1386
287,1,Cw,97302,121041
287,1,X,97369,121124
287,1,Y,0,121124
288,1,Ad,789,994
288,1,Am,293,376
288,1,Aw,97429,121025
288,1,Bd,1500,1875
288,1,Bm,0,0
288,1,Bw,97445,121046
288,1,Ce,0,0
288,1,Cm,1237,1456
288,1,Cw,97383,120966
288,1,X,97454,121060
288,1,Y,0,121060
289,1,Ad,802,1005
289,1,Am,292,386
289,1,Aw,97450,121091
289,1,Bd,1510,1897
289,1,Bm,0,0
289,1,Bw,97466,121119
289,1,Ce,0,0
289,1,Cm,1278,1549
289,1,Cw,97396,121034
289,1,X,97474,121131
289,1,Y,0,121131
290,1,Ad,797,995
290,1,Am,294,389
290,1,Aw,97626,120823
290,1,Bd,1575,1950
290,1,Bm,0,0
290,1,Bw,97634,120849
290,1,Ce,0,0
290,1,Cm,1374,1638
290,1,Cw,97547,120755
290,1,X,97646,120863
290,1,Y,0,120863
291,1,Ad,776,1021
291,1,Am,297,397
291,1,Aw,97495,120931
291,1,Bd,1621,1968
291,1,Bm,0,0
291,1,Bw,97503,120962
291,1,Ce,0,0
291,1,Cm,1434,1682
291,1,Cw,97418,120862
291,1,X,97515,120973
291,1,Y,0,120973
292,1,Ad,793,1011
292,1,Am,316,405
292,1,Aw,97222,120952
292,1,Bd,1627,1990
292,1,Bm,0,0
292,1,Bw,97238,120980
292,1,Ce,0,0
292,1,Cm,1459,1771
292,1,Cw,97159,120873
292,1,X,97250,120993
292,1,Y,0,120993
293,1,Ad,787,1023
293,1,Am,317,402
293,1,Aw,97282,120938
293,1,Bd,1690,2042
293,1,Bm,0,0
293,1,Bw,97302,120971
293,1,Ce,0,0
293,1,Cm,1513,1824
293,1,Cw,97212,120863
293,1,X,97311,120984
293,1,Y,0,120984
294,1,Ad,827,1041
294,1,Am,318,394
294,1,Aw,97215,121410
294,1,Bd,1726,2097
294,1,Bm,0,0
294,1,Bw,97232,121446
294,1,Ce,0,0
294,1,Cm,1531,1888
294,1,Cw,97139,121325
294,1,X,97243,121457
294,1,Y,0,121457
295,1,Ad,870,1057
295,1,Am,308,404
295,1,Aw,97299,121375
295,1,Bd,1786,2099
295,1,Bm,0,0
295,1,Bw,97315,121410
295,1,Ce,0,0
295,1,Cm,1601,1951
295,1,Cw,97226,121297
295,1,X,97326,121421
295,1,Y,0,121421
296,1,Ad,845,1045
296,1,Am,291,403
296,1,Aw,97113,121625
296,1,Bd,1807,2198
296,1,Bm,0,0
296,1,Bw,97129,121661
296,1,Ce,0,0
296,1,Cm,1658,2043
296,1,Cw,97020,121548
296,1,X,97138,121671
296,1,Y,0,121671
297,1,Ad,863,1055
297,1,Am,285,432
297,1,Aw,97166,121759
297,1,Bd,1850,2269
297,1,Bm,0,0
297,1,Bw,97179,121798
297,1,Ce,0,0
297,1,Cm,1719,2112
297,1,Cw,97075,121678
297,1,X,97191,121807
297,1,Y,0,121807
298,1,Ad,846,1077
298,1,Am,288,414
298,1,Aw,96883,121834
298,1,Bd,1867,2276
298,1,Bm,0,0
298,1,Bw,96896,121875
298,1,Ce,0,0
298,1,Cm,1763,2150
298,1,Cw,96793,121752
298,1,X,96909,121885
298,1,Y,0,121885
299,1,Ad,860,1085
299,1,Am,276,402
299,1,Aw,97061,122097
299,1,Bd,1910,2327
299,1,Bm,0,0
299,1,Bw,97079,122137
299,1,Ce,0,0
299,1,Cm,1795,2166
299,1,Cw,96965,122016
299,1,X,97087,122147
299,1,Y,0,122147
300,1,Ad,865,1096
300,1,Am,296,394
300,1,Aw,96885,122044
300,1,Bd,1895,2336
300,1,Bm,0,0
300,1,Bw,96905,122072
300,1,Ce,0,0
300,1,Cm,1776,2183
300,1,Cw,96794,121952
300,1,X,96914,122082
300,1,Y,0,122082
301,1,Ad,838,1101
301,1,Am,280,377
301,1,Aw,96939,121849
301,1,Bd,1910,2344
301,1,Bm,0,0
301,1,Bw,96952,121877
301,1,Ce,0,0
301,1,Cm,1777,2157
301,1,Cw,96838,121764
301,1,X,96962,121886
301,1,Y,0,121886
302,1,Ad,814,1115
302,1,Am,281,366
302,1,Aw,96925,121932
302,1,Bd,1963,2413
302,1,Bm,0,0
302,1,Bw,96944,121962
302,1,Ce,0,0
302,1,Cm,1780,2194
302,1,Cw,96830,121838
302,1,X,96954,121970
302,1,Y,0,121970
303,1,Ad,833,1136
303,1,Am,301,389
303,1,Aw,96687,121946
303,1,Bd,1950,2415
303,1,Bm,0,0
303,1,Bw,96710,121982
303,1,Ce,0,0
303,1,Cm,1785,2198
303,1,Cw,96603,121850
303,1,X,96718,121988
303,1,Y,0,121988
304,1,Ad,824,1104
304,1,Am,290,389
304,1,Aw,97091,121831
304,1,Bd,1936,2412
304,1,Bm,0,0
304,1,Bw,97118,121868
304,1,Ce,0,0
304,1,Cm,1766,2187
304,1,Cw,97010,121740
304,1,X,97124,121873
304,1,Y,0,121873
305,1,Ad,828,1085
305,1,Am,303,365
305,1,Aw,97470,121561
305,1,Bd,1862,2403
305,1,Bm,0,0
305,1,Bw,97491,121596
305,1,Ce,0,0
305,1,Cm,1748,2168
305,1,Cw,97384,121475
305,1,X,97498,121602
305,1,Y,0,121602
306,1,Ad,812,1085
306,1,Am,317,372
306,1,Aw,97204,121453
306,1,Bd,1811,2353
306,1,Bm,0,0
306,1,Bw,97223,121490
306,1,Ce,0,0
306,1,Cm,1697,2146
306,1,Cw,97127,121373
306,1,X,97227,121495
306,1,Y,0,121495
307,1,Ad,801,1074
307,1,Am,313,386
307,1,Aw,97640,121737
307,1,Bd,1756,2303
307,1,Bm,0,0
307,1,Bw,97656,121778
307,1,Ce,0,0
307,1,Cm,1677,2140
307,1,Cw,97565,121661
307,1,X,97661,121782
307,1,Y,0,121782
308,1,Ad,808,1050
308,1,Am,304,373
308,1,Aw,97526,121534
308,1,Bd,1698,2296
308,1,Bm,0,0
308,1,Bw,97542,121573
308,1,Ce,0,0
308,1,Cm,1686,2122
308,1,Cw,97456,121459
308,1,X,97546,121577
308,1,Y,0,121577
309,1,Ad,794,1049
309,1,Am,314,378
309,1,Aw,97579,121309
309,1,Bd,1680,2222
309,1,Bm,0,0
309,1,Bw,97594,121345
309,1,Ce,0,0
309,1,Cm,1691,2109
309,1,Cw,97507,121231
309,1,X,97597,121349
309,1,Y,0,121349
310,1,Ad,785,1033
310,1,Am,323,379
310,1,Aw,97996,121124
310,1,Bd,1693,2203
310,1,Bm,0,0
310,1,Bw,98015,121160
310,1,Ce,0,0
310,1,Cm,1704,2097
310,1,Cw,97924,121045
310,1,X,98018,121165
310,1,Y,0,121165
311,1,Ad,774,1041
311,1,Am,327,384
311,1,Aw,98064,121249
311,1,Bd,1659,2169
311,1,Bm,0,0
311,1,Bw,98081,121282
311,1,Ce,0,0
311,1,Cm,1695,2100
311,1,Cw,97991,121159
311,1,X,98085,121287
311,1,Y,0,121287
312,1,Ad,790,1041
312,1,Am,330,385
312,1,Aw,97951,121221
312,1,Bd,1649,2115
312,1,Bm,0,0
312,1,Bw,97968,121253
312,1,Ce,0,0
312,1,Cm,1668,2097
312,1,Cw,97874,121133
312,1,X,97970,121258
312,1,Y,0,121258
313,1,Ad,798,1018
313,1,Am,318,394
313,1,Aw,98245,121395
313,1,Bd,1630,2092
313,1,Bm,0,0
313,1,Bw,98263,121423
313,1,Ce,0,0
313,1,Cm,1676,2085
313,1,Cw,98179,121304
313,1,X,98264,121427
313,1,Y,0,121427
314,1,Ad,800,1003
314,1,Am,305,417
314,1,Aw,97996,121535
314,1,Bd,1638,2075
314,1,Bm,0,0
314,1,Bw,98015,121565
314,1,Ce,0,0
314,1,Cm,1685,2120
314,1,Cw,97935,121441
314,1,X,98015,121569
314,1,Y,0,121569
315,1,Ad,811,1016
315,1,Am,322,414
315,1,Aw,97900,121630
315,1,Bd,1628,2061
315,1,Bm,0,0
315,1,Bw,97921,121658
315,1,Ce,0,0
315,1,Cm,1699,2152
315,1,Cw,97838,121537
315,1,X,97921,121662
315,1,Y,0,121662
316,1,Ad,806,984
316,1,Am,327,404
316,1,Aw,97581,121525
316,1,Bd,1660,2093
316,1,Bm,0,0
316,1,Bw,97601,121548
316,1,Ce,0,0
316,1,Cm,1746,2221
316,1,Cw,97505,121424
316,1,X,97603,121553
316,1,Y,0,121553
317,1,Ad,801,973
317,1,Am,345,400
317,1,Aw,97856,121744
317,1,Bd,1656,2118
317,1,Bm,0,0
317,1,Bw,97874,121766
317,1,Ce,0,0
317,1,Cm,1790,2267
317,1,Cw,97775,121640
317,1,X,97877,121772
317,1,Y,0,121772
318,1,Ad,814,977
318,1,Am,356,423
318,1,Aw,97506,121642
318,1,Bd,1656,2120
318,1,Bm,0,0
318,1,Bw,97526,121660
318,1,Ce,0,0
318,1,Cm,1792,2340
318,1,Cw,97428,121539
318,1,X,97530,121667
318,1,Y,0,121667
319,1,Ad,812,1010
319,1,Am,338,431
319,1,Aw,97220,121616
319,1,Bd,1661,2126
319,1,Bm,0,0
319,1,Bw,97238,121639
319,1,Ce,0,0
319,1,Cm,1808,2413
319,1,Cw,97133,121511
319,1,X,97244,121644
319,1,Y,0,121644
320,1,Ad,826,1025
320,1,Am,357,446
320,1,Aw,97123,121527
320,1,Bd,1677,2144
320,1,Bm,0,0
320,1,Bw,97141,121545
320,1,Ce,0,0
320,1,Cm,1866,2454
320,1,Cw,97038,121410
320,1,X,97147,121553
320,1,Y,0,121553
321,1,Ad,847,1071
321,1,Am,361,453
321,1,Aw,96961,121439
321,1,Bd,1657,2184
321,1,Bm,0,0
321,1,Bw,96980,121454
321,1,Ce,0,0
321,1,Cm,1913,2529
321,1,Cw,96887,121306
321,1,X,96988,121462
321,1,Y,0,121462
322,1,Ad,823,1048
322,1,Am,369,454
322,1,Aw,97011,121397
322,1,Bd,1673,2209
322,1,Bm,0,0
322,1,Bw,97028,121413
322,1,Ce,0,0
322,1,Cm,1952,2571
322,1,Cw,96931,121276
322,1,X,97038,121421
322,1,Y,0,121421
323,1,Ad,865,1027
323,1,Am,385,454
323,1,Aw,97045,121447
323,1,Bd,1691,2187
323,1,Bm,0,0
323,1,Bw,97059,121456
323,1,Ce,0,0
323,1,Cm,1973,2577
323,1,Cw,96960,121322
323,1,X,97070,121468
323,1,Y,0,121468
324,1,Ad,860,1044
324,1,Am,394,455
324,1,Aw,96933,121668
324,1,Bd,1702,2239
324,1,Bm,0,0
324,1,Bw,96947,121674
324,1,Ce,0,0
324,1,Cm,2069,2642
324,1,Cw,96834,121550
324,1,X,96958,121687
324,1,Y,0,121687
325,1,Ad,832,1054
325,1,Am,385,460
325,1,Aw,97089,121799
325,1,Bd,1728,2271
325,1,Bm,0,0
325,1,Bw,97103,121807
325,1,Ce,0,0
325,1,Cm,2163,2718
325,1,Cw,96984,121670
325,1,X,97115,121819
325,1,Y,0,121819
326,1,Ad,855,1058
326,1,Am,388,486
326,1,Aw,96791,121655
326,1,Bd,1744,2240
326,1,Bm,0,0
326,1,Bw,96802,121668
326,1,Ce,0,0
326,1,Cm,2185,2752
326,1,Cw,96691,121533
326,1,X,96814,121679
326,1,Y,0,121679
327,1,Ad,867,1093
327,1,Am,398,494
327,1,Aw,96919,121689
327,1,Bd,1756,2260
327,1,Bm,0,0
327,1,Bw,96932,121709
327,1,Ce,0,0
327,1,Cm,2187,2747
327,1,Cw,96824,121570
327,1,X,96944,121720
327,1,Y,0,121720
328,1,Ad,845,1079
328,1,Am,381,466
328,1,Aw,97052,121689
328,1,Bd,1765,2261
328,1,Bm,0,0
328,1,Bw,97071,121703
328,1,Ce,0,0
328,1,Cm,2214,2811
328,1,Cw,96958,121568
328,1,X,97082,121716
328,1,Y,0,121716
329,1,Ad,861,1060
329,1,Am,386,466
329,1,Aw,97366,121591
329,1,Bd,1782,2299
329,1,Bm,0,0
329,1,Bw,97380,121607
329,1,Ce,0,0
329,1,Cm,2257,2864
329,1,Cw,97276,121472
329,1,X,97393,121620
329,1,Y,0,121620
330,1,Ad,886,1062
330,1,Am,385,475
330,1,Aw,97546,121783
330,1,Bd,1791,2266
330,1,Bm,0,0
330,1,Bw,97561,121804
330,1,Ce,0,0
330,1,Cm,2286,2896
330,1,Cw,97463,121668
330,1,X,97574,121817
330,1,Y,0,121817
331,1,Ad,886,1039
331,1,Am,372,462
331,1,Aw,97360,121466
331,1,Bd,1833,2292
331,1,Bm,0,0
331,1,Bw,97374,121483
331,1,Ce,0,0
331,1,Cm,2310,2939
331,1,Cw,97270,121347
331,1,X,97384,121499
331,1,Y,0,121499
332,1,Ad,884,1061
332,1,Am,401,479
332,1,Aw,97400,121380
332,1,Bd,1848,2324
332,1,Bm,0,0
332,1,Bw,97417,121402
332,1,Ce,0,0
332,1,Cm,2332,2959
332,1,Cw,97310,121273
332,1,X,97427,121417
332,1,Y,0,121417
333,1,Ad,867,1051
333,1,Am,415,489
333,1,Aw,97340,121266
333,1,Bd,1859,2317
333,1,Bm,0,0
333,1,Bw,97354,121287
333,1,Ce,0,0
333,1,Cm,2362,2981
333,1,Cw,97245,121156
333,1,X,97364,121301
333,1,Y,0,121301
334,1,Ad,842,1048
334,1,Am,386,479
334,1,Aw,97255,121107
334,1,Bd,1859,2295
334,1,Bm,0,0
334,1,Bw,97266,121129
334,1,Ce,0,0
334,1,Cm,2336,2963
334,1,Cw,97143,120994
334,1,X,97279,121143
334,1,Y,0,121143
335,1,Ad,852,1043
335,1,Am,384,493
335,1,Aw,97409,120979
335,1,Bd,1844,2271
335,1,Bm,0,0
335,1,Bw,97424,121005
335,1,Ce,0,0
335,1,Cm,2365,2932
335,1,Cw,97302,120869
335,1,X,97437,121016
335,1,Y,0,121016
336,1,Ad,842,1055
336,1,Am,356,511
336,1,Aw,97577,121426
336,1,Bd,1815,2232
336,1,Bm,0,0
336,1,Bw,97587,121452
336,1,Ce,0,0
336,1,Cm,2372,2949
336,1,Cw,97465,121317
336,1,X,97597,121463
336,1,Y,0,121463
337,1,Ad,838,1040
337,1,Am,357,488
337,1,Aw,97351,121394
337,1,Bd,1776,2249
337,1,Bm,0,0
337,1,Bw,97365,121420
337,1,Ce,0,0
337,1,Cm,2382,3014
337,1,Cw,97229,121274
337,1,X,97374,121432
337,1,Y,0,121432
338,1,Ad,856,1022
338,1,Am,363,477
338,1,Aw,97538,121785
338,1,Bd,1754,2257
338,1,Bm,0,0
338,1,Bw,97554,121811
338,1,Ce,0,0
338,1,Cm,2413,3065
338,1,Cw,97426,121667
338,1,X,97563,121822
338,1,Y,0,121822
339,1,Ad,849,1008
339,1,Am,356,457
339,1,Aw,97220,121924
339,1,Bd,1710,2201
339,1,Bm,0,0
339,1,Bw,97240,121946
339,1,Ce,0,0
339,1,Cm,2387,2981
339,1,Cw,97116,121821
339,1,X,97246,121958
339,1,Y,0,121958
340,1,Ad,850,994
340,1,Am,357,455
340,1,Aw,97359,121899
340,1,Bd,1723,2165
340,1,Bm,0,0
340,1,Bw,97384,121919
340,1,Ce,0,0
340,1,Cm,2354,2993
340,1,Cw,97256,121792
340,1,X,97390,121934
340,1,Y,0,121934
341,1,Ad,817,1028
341,1,Am,355,468
341,1,Aw,97230,121925
341,1,Bd,1753,2149
341,1,Bm,0,0
341,1,Bw,97258,121950
341,1,Ce,0,0
341,1,Cm,2353,2979
341,1,Cw,97131,121828
341,1,X,97263,121962
341,1,Y,0,121962
342,1,Ad,812,1039
342,1,Am,366,485
342,1,Aw,97295,121819
342,1,Bd,1726,2116
342,1,Bm,0,0
342,1,Bw,97323,121845
342,1,Ce,0,0
342,1,Cm,2346,3020
342,1,Cw,97203,121716
342,1,X,97327,121856
342,1,Y,0,121856
343,1,Ad,833,1033
343,1,Am,371,484
343,1,Aw,97600,121449
343,1,Bd,1730,2102
343,1,Bm,0,0
343,1,Bw,97630,121472
343,1,Ce,0,0
343,1,Cm,2361,3029
343,1,Cw,97502,121334
343,1,X,97634,121482
343,1,Y,0,121482
344,1,Ad,822,1032
344,1,Am,386,484
344,1,Aw,97552,121321
344,1,Bd,1719,2094
344,1,Bm,0,0
344,1,Bw,97578,121342
344,1,Ce,0,0
344,1,Cm,2382,3044
344,1,Cw,97456,121205
344,1,X,97582,121351
344,1,Y,0,121351
345,1,Ad,843,1044
345,1,Am,378,473
345,1,Aw,97741,121331
345,1,Bd,1694,2079
345,1,Bm,0,0
345,1,Bw,97767,121355
345,1,Ce,0,0
345,1,Cm,2447,3061
345,1,Cw,97653,121219
345,1,X,97770,121363
345,1,Y,0,121363
346,1,Ad,860,1037
346,1,Am,380,495
346,1,Aw,97844,121546
346,1,Bd,1730,2106
346,1,Bm,0,0
346,1,Bw,97864,121569
346,1,Ce,0,0
346,1,Cm,2517,3093
346,1,Cw,97734,121432
346,1,X,97867,121576
346,1,Y,0,121576
347,1,Ad,867,1021
347,1,Am,389,516
347,1,Aw,97824,121317
347,1,Bd,1718,2127
347,1,Bm,0,0
347,1,Bw,97843,121343
347,1,Ce,0,0
347,1,Cm,2526,3133
347,1,Cw,97715,121199
347,1,X,97846,121351
347,1,Y,0,121351
348,1,Ad,861,1031
348,1,Am,391,506
348,1,Aw,97810,121665
348,1,Bd,1723,2140
348,1,Bm,0,0
348,1,Bw,97831,121693
348,1,Ce,0,0
348,1,Cm,2543,3145
348,1,Cw,97701,121547
348,1,X,97834,121700
348,1,Y,0,121700
349,1,Ad,867,1034
349,1,Am,402,494
349,1,Aw,97706,121606
349,1,Bd,1751,2157
349,1,Bm,0,0
349,1,Bw,97729,121631
349,1,Ce,0,0
349,1,Cm,2564,3182
349,1,Cw,97608,121480
349,1,X,97732,121638
349,1,Y,0,121638
350,1,Ad,845,1073
350,1,Am,421,508
350,1,Aw,97308,121489
350,1,Bd,1770,2160
350,1,Bm,0,0
350,1,Bw,97331,121515
350,1,Ce,0,0
350,1,Cm,2575,3185
350,1,Cw,97212,121355
350,1,X,97336,121521
350,1,Y,0,121521
351,1,Ad,853,1098
351,1,Am,385,511
351,1,Aw,97659,121370
351,1,Bd,1792,2183
351,1,Bm,0,0
351,1,Bw,97679,121398
351,1,Ce,0,0
351,1,Cm,2598,3227
351,1,Cw,97558,121235
351,1,X,97684,121403
351,1,Y,0,121403
352,1,Ad,868,1117
352,1,Am,395,531
352,1,Aw,97644,121356
352,1,Bd,1753,2174
352,1,Bm,0,0
352,1,Bw,97660,121378
352,1,Ce,0,0
352,1,Cm,2651,3318
352,1,Cw,97544,121206
352,1,X,97666,121386
352,1,Y,0,121386
353,1,Ad,876,1135
353,1,Am,389,550
353,1,Aw,97431,121811
353,1,Bd,1764,2169
353,1,Bm,0,0
353,1,Bw,97450,121835
353,1,Ce,0,0
353,1,Cm,2703,3324
353,1,Cw,97339,121668
353,1,X,97454,121845
353,1,Y,0,121845
354,1,Ad,870,1113
354,1,Am,395,534
354,1,Aw,97543,122087
354,1,Bd,1759,2181
354,1,Bm,0,0
354,1,Bw,97566,122108
354,1,Ce,0,0
354,1,Cm,2700,3382
354,1,Cw,97452,121933
354,1,X,97568,122118
354,1,Y,0,122118
355,1,Ad,866,1105
355,1,Am,402,548
355,1,Aw,97449,121960
355,1,Bd,1773,2207
355,1,Bm,0,0
355,1,Bw,97474,121985
355,1,Ce,0,0
355,1,Cm,2735,3430
355,1,Cw,97359,121808
355,1,X,97476,121996
355,1,Y,0,121996
356,1,Ad,872,1080
356,1,Am,395,545
356,1,Aw,97632,121836
356,1,Bd,1823,2250
356,1,Bm,0,0
356,1,Bw,97651,121857
356,1,Ce,0,0
356,1,Cm,2788,3492
356,1,Cw,97533,121674
356,1,X,97656,121869
356,1,Y,0,121869
357,1,Ad,877,1068
357,1,Am,393,545
357,1,Aw,97724,121806
357,1,Bd,1825,2270
357,1,Bm,0,0
357,1,Bw,97738,121830
357,1,Ce,0,0
357,1,Cm,2801,3516
357,1,Cw,97618,121648
357,1,X,97743,121842
357,1,Y,0,121842
358,1,Ad,900,1061
358,1,Am,393,551
358,1,Aw,97932,121837
358,1,Bd,1862,2248
358,1,Bm,0,0
358,1,Bw,97951,121858
358,1,Ce,0,0
358,1,Cm,2857,3563
358,1,Cw,97826,121680
358,1,X,97954,121870
358,1,Y,0,121870
359,1,Ad,884,1051
359,1,Am,414,572
359,1,Aw,97747,121755
359,1,Bd,1850,2266
359,1,Bm,0,0
359,1,Bw,97765,121776
359,1,Ce,0,0
359,1,Cm,2874,3628
359,1,Cw,97644,121603
359,1,X,97770,121788
359,1,Y,0,121788
360,1,Ad,890,1029
360,1,Am,422,574
360,1,Aw,97623,121948
360,1,Bd,1825,2242
360,1,Bm,0,0
360,1,Bw,97647,121971
360,1,Ce,0,0
360,1,Cm,2879,3620
360,1,Cw,97523,121797
360,1,X,97649,121980
360,1,Y,0,121980
361,1,Ad,875,1040
361,1,Am,428,587
361,1,Aw,97631,121842
361,1,Bd,1831,2298
361,1,Bm,0,0
361,1,Bw,97654,121866
361,1,Ce,0,0
361,1,Cm,2946,3650
361,1,Cw,97511,121686
361,1,X,97658,121875
361,1,Y,0,121875
362,1,Ad,879,1022
362,1,Am,442,582
362,1,Aw,97352,122073
362,1,Bd,1800,2290
362,1,Bm,0,0
362,1,Bw,97377,122097
362,1,Ce,0,0
362,1,Cm,2973,3653
362,1,Cw,97232,121917
362,1,X,97383,122107
362,1,Y,0,122107
363,1,Ad,881,1027
363,1,Am,427,573
363,1,Aw,97102,121906
363,1,Bd,1805,2284
363,1,Bm,0,0
363,1,Bw,97126,121926
363,1,Ce,0,0
363,1,Cm,2945,3666
363,1,Cw,96989,121758
363,1,X,97132,121936
363,1,Y,0,121936
364,1,Ad,858,1023
364,1,Am,430,549
364,1,Aw,97087,121978
364,1,Bd,1803,2254
364,1,Bm,0,0
364,1,Bw,97111,121996
364,1,Ce,0,0
364,1,Cm,2916,3707
364,1,Cw,96968,121822
364,1,X,97118,122007
364,1,Y,0,122007
365,1,Ad,852,978
365,1,Am,435,551
365,1,Aw,97308,121628
365,1,Bd,1762,2243
365,1,Bm,0,0
365,1,Bw,97332,121645
365,1,Ce,0,0
365,1,Cm,2990,3686
365,1,Cw,97190,121476
365,1,X,97338,121655
365,1,Y,0,121655
366,1,Ad,838,952
366,1,Am,440,572
366,1,Aw,97482,121638
366,1,Bd,1770,2217
366,1,Bm,0,0
366,1,Bw,97509,121660
366,1,Ce,0,0
366,1,Cm,2932,3666
366,1,Cw,97373,121484
366,1,X,97516,121669
366,1,Y,0,121669
367,1,Ad,835,978
367,1,Am,443,557
367,1,Aw,97484,121458
367,1,Bd,1778,2248
367,1,Bm,0,0
367,1,Bw,97508,121482
367,1,Ce,0,0
367,1,Cm,2955,3698
367,1,Cw,97370,121305
367,1,X,97516,121490
367,1,Y,0,121490
368,1,Ad,845,972
368,1,Am,445,563
368,1,Aw,97694,121611
368,1,Bd,1756,2219
368,1,Bm,0,0
368,1,Bw,97714,121634
368,1,Ce,0,0
368,1,Cm,2954,3699
368,1,Cw,97589,121466
368,1,X,97724,121641
368,1,Y,0,121641
369,1,Ad,841,989
369,1,Am,437,560
369,1,Aw,97786,121551
369,1,Bd,1769,2178
369,1,Bm,0,0
369,1,Bw,97803,121575
369,1,Ce,0,0
369,1,Cm,2913,3658
369,1,Cw,97671,121414
369,1,X,97814,121582
369,1,Y,0,121582
370,1,Ad,843,1019
370,1,Am,446,571
370,1,Aw,97783,121580
370,1,Bd,1769,2166
370,1,Bm,0,0
370,1,Bw,97795,121600
370,1,Ce,0,0
370,1,Cm,2991,3680
370,1,Cw,97654,121434
370,1,X,97808,121609
370,1,Y,0,121609
371,1,Ad,860,1013
371,1,Am,438,566
371,1,Aw,97733,121722
371,1,Bd,1745,2174
371,1,Bm,0,0
371,1,Bw,97746,121746
371,1,Ce,0,0
371,1,Cm,3037,3696
371,1,Cw,97600,121572
371,1,X,97756,121753
371,1,Y,0,121753
372,1,Ad,846,1008
372,1,Am,413,565
372,1,Aw,97785,121770
372,1,Bd,1753,2170
372,1,Bm,0,0
372,1,Bw,97798,121792
372,1,Ce,0,0
372,1,Cm,3026,3708
372,1,Cw,97650,121618
372,1,X,97808,121799
372,1,Y,0,121799
373,1,Ad,847,993
373,1,Am,427,571
373,1,Aw,98062,121755
373,1,Bd,1743,2229
373,1,Bm,0,0
373,1,Bw,98070,121784
373,1,Ce,0,0
373,1,Cm,3074,3780
373,1,Cw,97927,121606
373,1,X,98080,121789
373,1,Y,0,121789
374,1,Ad,831,985
374,1,Am,443,554
374,1,Aw,97614,121822
374,1,Bd,1732,2237
374,1,Bm,0,0
374,1,Bw,97626,121852
374,1,Ce,0,0
374,1,Cm,3051,3831
374,1,Cw,97483,121672
374,1,X,97634,121857
374,1,Y,0,121857
375,1,Ad,828,1003
375,1,Am,430,552
375,1,Aw,97864,122005
375,1,Bd,1720,2240
375,1,Bm,0,0
375,1,Bw,97874,122034
375,1,Ce,0,0
375,1,Cm,3104,3831
375,1,Cw,97734,121854
375,1,X,97882,122039
375,1,Y,0,122039
376,1,Ad,832,1040
376,1,Am,458,570
376,1,Aw,97619,121906
376,1,Bd,1703,2209
376,1,Bm,0,0
376,1,Bw,97633,121944
376,1,Ce,0,0
376,1,Cm,3075,3878
376,1,Cw,97497,121757
376,1,X,97639,121947
376,1,Y,0,121947
377,1,Ad,797,1017
377,1,Am,454,558
377,1,Aw,97512,121739
377,1,Bd,1761,2226
377,1,Bm,0,0
377,1,Bw,97522,121776
377,1,Ce,0,0
377,1,Cm,3059,3882
377,1,Cw,97388,121590
377,1,X,97528,121779
377,1,Y,0,121779
378,1,Ad,787,1020
378,1,Am,453,556
378,1,Aw,97604,121873
378,1,Bd,1753,2200
378,1,Bm,0,0
378,1,Bw,97618,121908
378,1,Ce,0,0
378,1,Cm,3095,3898
378,1,Cw,97464,121731
378,1,X,97623,121913
378,1,Y,0,121913
379,1,Ad,780,1020
379,1,Am,467,571
379,1,Aw,97546,121779
379,1,Bd,1768,2187
379,1,Bm,0,0
379,1,Bw,97556,121813
379,1,Ce,0,0
379,1,Cm,3125,3931
379,1,Cw,97409,121638
379,1,X,97562,121818
379,1,Y,0,121818
380,1,Ad,779,1068
380,1,Am,473,566
380,1,Aw,97683,122055
380,1,Bd,1771,2222
380,1,Bm,0,0
380,1,Bw,97692,122090
380,1,Ce,0,0
380,1,Cm,3135,3988
380,1,Cw,97540,121914
380,1,X,97697,122094
380,1,Y,0,122094
381,1,Ad,788,1044
381,1,Am,469,554
381,1,Aw,97580,122170
381,1,Bd,1803,2232
381,1,Bm,0,0
381,1,Bw,97589,122199
381,1,Ce,0,0
381,1,Cm,3149,3992
381,1,Cw,97436,122018
381,1,X,97594,122205
381,1,Y,0,122205
382,1,Ad,792,1044
382,1,Am,491,562
382,1,Aw,97448,122045
382,1,Bd,1786,2240
382,1,Bm,0,0
382,1,Bw,97455,122074
382,1,Ce,0,0
382,1,Cm,3211,4059
382,1,Cw,97300,121882
382,1,X,97459,122081
382,1,Y,0,122081
383,1,Ad,801,1051
383,1,Am,473,543
383,1,Aw,97542,122063
383,1,Bd,1759,2213
383,1,Bm,0,0
383,1,Bw,97552,122090
383,1,Ce,0,0
383,1,Cm,3212,4099
383,1,Cw,97406,121906
383,1,X,97555,122099
383,1,Y,0,122099
384,1,Ad,821,1044
384,1,Am,456,545
384,1,Aw,97791,122030
384,1,Bd,1780,2211
384,1,Bm,0,0
384,1,Bw,97806,122058
384,1,Ce,0,0
384,1,Cm,3325,4174
384,1,Cw,97660,121881
384,1,X,97808,122068
384,1,Y,0,122068
385,1,Ad,844,1009
385,1,Am,462,571
385,1,Aw,98156,121960
385,1,Bd,1828,2244
385,1,Bm,0,0
385,1,Bw,98175,121989
385,1,Ce,0,0
385,1,Cm,3348,4220
385,1,Cw,98033,121803
385,1,X,98179,122001
385,1,Y,0,122001
386,1,Ad,840,979
386,1,Am,471,564
386,1,Aw,98024,121966
386,1,Bd,1824,2252
386,1,Bm,0,0
386,1,Bw,98045,121991
386,1,Ce,0,0
386,1,Cm,3415,4227
386,1,Cw,97909,121811
386,1,X,98051,122004
386,1,Y,0,122004
387,1,Ad,845,1002
387,1,Am,471,575
387,1,Aw,97720,121862
387,1,Bd,1844,2270
387,1,Bm,0,0
387,1,Bw,97738,121888
387,1,Ce,0,0
387,1,Cm,3477,4238
387,1,Cw,97608,121710
387,1,X,97746,121900
387,1,Y,0,121900
388,1,Ad,864,999
388,1,Am,489,599
388,1,Aw,97717,121821
388,1,Bd,1795,2245
388,1,Bm,0,0
388,1,Bw,97746,121843
388,1,Ce,0,0
388,1,Cm,3519,4276
388,1,Cw,97604,121656
388,1,X,97752,121855
388,1,Y,0,121855
389,1,Ad,852,998
389,1,Am,483,603
389,1,Aw,97886,122072
389,1,Bd,1769,2218
389,1,Bm,0,0
389,1,Bw,97915,122096
389,1,Ce,0,0
389,1,Cm,3554,4239
389,1,Cw,97767,121915
389,1,X,97920,122108
389,1,Y,0,122108
390,1,Ad,864,1013
390,1,Am,490,596
390,1,Aw,97768,121969
390,1,Bd,1735,2212
390,1,Bm,0,0
390,1,Bw,97799,121996
390,1,Ce,0,0
390,1,Cm,3573,4348
390,1,Cw,97659,121812
390,1,X,97804,122007
390,1,Y,0,122007
391,1,Ad,845,982
391,1,Am,495,609
391,1,Aw,97647,121984
391,1,Bd,1714,2186
391,1,Bm,0,0
391,1,Bw,97678,122011
391,1,Ce,0,0
391,1,Cm,3620,4372
391,1,Cw,97529,121836
391,1,X,97684,122022
391,1,Y,0,122022
392,1,Ad,838,966
392,1,Am,482,617
392,1,Aw,97800,121663
392,1,Bd,1751,2174
392,1,Bm,0,0
392,1,Bw,97827,121686
392,1,Ce,0,0
392,1,Cm,3589,4419
392,1,Cw,97683,121510
392,1,X,97834,121702
392,1,Y,0,121702
393,1,Ad,821,978
393,1,Am,476,591
393,1,Aw,97749,121589
393,1,Bd,1740,2168
393,1,Bm,0,0
393,1,Bw,97771,121608
393,1,Ce,0,0
393,1,Cm,3603,4423
393,1,Cw,97633,121434
393,1,X,97779,121624
393,1,Y,0,121624
394,1,Ad,815,948
394,1,Am,490,606
394,1,Aw,97897,121500
394,1,Bd,1788,2178
394,1,Bm,0,0
394,1,Bw,97920,121517
394,1,Ce,0,0
394,1,Cm,3639,4464
394,1,Cw,97783,121348
394,1,X,97928,121533
394,1,Y,0,121533
395,1,Ad,815,944
395,1,Am,473,612
395,1,Aw,97871,121633
395,1,Bd,1791,2182
395,1,Bm,0,0
395,1,Bw,97893,121652
395,1,Ce,0,0
395,1,Cm,3600,4500
395,1,Cw,97759,121476
395,1,X,97901,121669
395,1,Y,0,121669
396,1,Ad,827,942
396,1,Am,477,617
396,1,Aw,98041,121741
396,1,Bd,1782,2178
396,1,Bm,0,0
396,1,Bw,98061,121757
396,1,Ce,0,0
396,1,Cm,3652,4509
396,1,Cw,97923,121574
396,1,X,98069,121774
396,1,Y,0,121774
397,1,Ad,821,965
397,1,Am,484,605
397,1,Aw,98224,121946
397,1,Bd,1770,2176
397,1,Bm,0,0
397,1,Bw,98243,121964
397,1,Ce,0,0
397,1,Cm,3667,4586
397,1,Cw,98099,121777
397,1,X,98253,121979
397,1,Y,0,121979
398,1,Ad,811,973
398,1,Am,516,607
398,1,Aw,98120,121879
398,1,Bd,1786,2156
398,1,Bm,0,0
398,1,Bw,98141,121898
398,1,Ce,0,0
398,1,Cm,3631,4571
398,1,Cw,97997,121727
398,1,X,98150,121913
398,1,Y,0,121913
399,1,Ad,800,992
399,1,Am,516,606
399,1,Aw,98055,121834
399,1,Bd,1737,2142
399,1,Bm,0,0
399,1,Bw,98074,121854
399,1,Ce,0,0
399,1,Cm,3700,4514
399,1,Cw,97931,121686
399,1,X,98085,121870
399,1,Y,0,121870
