Year, NodeId, Gender, IsCircumcised, Age, Population, Infected, Newly Infected, On_ART, Died, Died_from_HIV, Tested Past Year or On_ART, Tested Ever, Diagnosed, Newly Tested Positive, Newly Tested Negative,Currently (TRANSITORY),Currently (INFORMAL),Currently (MARITAL),Currently (COMMERCIAL),Ever (TRANSITORY),Ever (INFORMAL),Ever (MARITAL),Ever (COMMERCIAL),Considering (TRANSITORY),Considering (INFORMAL),Considering (MARITAL),Considering (COMMERCIAL),Available for Relationship (TRANSITORY),Available for Relationship (INFORMAL),Available for Relationship (MARITAL),Available for Relationship (COMMERCIAL),Has Concurrent Partners,Current Partners,Lifetime Partners,Has Debuted,Had First Coital Act
1962.39,1,0,0,0,36,4,3,0,3,2,0,0,0,0,0,0,0,0,0,0,0,0,0,0,0,0,0,0,0,0,0,0,0,0,0,0
1962.39,1,0,0,1,23,3,0,0,0,0,0,0,0,0,0,0,0,0,0,0,0,0,0,19,0,0,0,0,0,0,0,0,0,0,23,0
1962.39,1,0,0,2,18,5,0,0,0,0,0,0,0,0,0,13,0,0,0,14,0,0,0,5,0,0,0,0,0,0,0,0,13,14,18,0
1962.39,1,0,0,3,8,1,0,0,2,2,0,0,0,0,0,7,0,0,0,8,0,0,0,1,0,0,0,0,0,0,0,0,7,9,8,0
1962.39,1,0,0,4,11,5,0,0,1,1,0,0,0,0,0,10,0,0,0,11,0,0,0,1,0,0,0,0,0,0,0,0,10,12,11,0
1962.39,1,0,0,5,10,1,0,0,0,0,0,0,0,0,0,9,0,0,0,10,0,0,0,1,0,0,0,0,0,0,0,0,9,11,10,0
1962.39,1,0,0,6,9,4,0,0,0,0,0,0,0,0,0,8,0,0,0,9,0,0,0,1,0,0,0,0,0,0,0,0,8,9,9,0
1962.39,1,0,0,7,5,2,0,0,0,0,0,0,0,0,0,5,0,0,0,5,0,0,0,0,0,0,0,0,0,0,0,0,5,5,5,0
1962.39,1,0,0,8,7,1,0,0,0,0,0,0,0,0,0,7,0,0,0,7,0,0,0,0,0,0,0,0,0,0,0,0,7,8,7,0
1962.39,1,0,0,9,8,2,0,0,0,0,0,0,0,0,0,8,0,0,0,8,0,0,0,0,0,0,0,0,0,0,0,0,8,8,8,0
1962.39,1,0,0,10,6,0,0,0,0,0,0,0,0,0,0,6,0,0,0,6,0,0,0,0,0,0,0,0,0,0,0,0,6,9,6,0
1962.39,1,0,0,11,4,1,0,0,0,0,0,0,0,0,0,4,0,0,0,4,0,0,0,0,0,0,0,0,0,0,0,0,4,5,4,0
1962.39,1,0,0,12,3,2,0,0,0,0,0,0,0,0,0,2,0,0,0,3,0,0,0,1,0,0,0,0,0,0,0,0,2,3,3,1
1962.39,1,0,0,13,7,3,0,0,0,0,0,0,0,0,0,7,0,0,0,7,0,0,0,0,0,0,0,0,0,0,0,0,7,7,7,4
1962.39,1,0,0,14,8,4,0,0,0,0,0,0,0,0,0,7,0,0,0,8,0,0,0,1,0,0,0,0,0,0,0,0,7,9,8,6
1962.39,1,0,0,15,6,2,1,0,0,0,0,0,0,0,0,6,0,0,0,6,0,0,0,0,0,0,0,0,0,0,0,0,6,6,6,3
1962.39,1,0,0,16,3,0,0,0,0,0,0,0,0,0,0,3,0,0,0,3,0,0,0,0,0,0,0,0,0,0,0,0,3,4,3,1
1962.39,1,0,0,17,6,1,0,0,0,0,0,0,0,0,0,6,0,0,0,6,0,0,0,0,0,0,0,0,0,0,0,0,6,7,6,1
1962.39,1,0,0,18,12,8,0,0,0,0,0,0,0,0,0,11,0,0,0,12,0,0,0,1,0,0,0,0,0,0,0,0,11,12,12,7
1962.39,1,0,0,19,14,7,0,0,0,0,0,0,0,0,0,14,0,0,0,14,0,0,0,0,0,0,0,0,0,0,0,0,14,16,14,7
1962.39,1,0,0,20,10,8,0,0,0,0,0,0,0,0,0,8,0,0,0,10,0,0,0,2,0,0,0,0,0,0,0,0,8,12,10,3
1962.39,1,0,0,21,9,5,0,0,0,0,0,0,0,0,0,9,0,0,0,9,0,0,0,0,0,0,0,0,0,0,0,0,9,12,9,7
1962.39,1,0,0,22,3,1,0,0,0,0,0,0,0,0,0,3,0,0,0,3,0,0,0,0,0,0,0,0,0,0,0,0,3,3,3,2
1962.39,1,0,0,23,9,2,0,0,0,0,0,0,0,0,0,9,0,0,0,9,0,0,0,0,0,0,0,0,0,0,0,0,9,11,9,3
1962.39,1,0,0,24,6,4,0,0,0,0,0,0,0,0,0,6,0,0,0,6,0,0,0,0,0,0,0,0,0,0,0,0,6,7,6,4
1962.39,1,0,0,25,9,4,0,0,0,0,0,0,0,0,0,6,0,0,0,9,0,0,0,3,0,0,0,0,0,0,0,0,6,9,9,5
1962.39,1,0,0,26,8,6,0,0,0,0,0,0,0,0,0,8,0,0,0,8,0,0,0,0,0,0,0,0,0,0,0,0,8,8,8,6
1962.39,1,0,0,27,6,4,0,0,0,0,0,0,0,0,0,6,0,0,0,6,0,0,0,0,0,0,0,0,0,0,0,0,6,6,6,6
1962.39,1,0,0,28,6,3,0,0,0,0,0,0,0,0,0,6,0,0,0,6,0,0,0,0,0,0,0,0,0,0,0,0,6,6,6,5
1962.39,1,0,0,29,9,4,0,0,0,0,0,0,0,0,0,9,0,0,0,9,0,0,0,0,0,0,0,0,0,0,0,0,9,9,9,7
1962.39,1,0,0,30,6,2,0,0,0,0,0,0,0,0,0,6,0,0,0,6,0,0,0,0,0,0,0,0,0,0,0,0,6,6,6,6
1962.39,1,0,0,31,8,3,0,0,0,0,0,0,0,0,0,7,0,0,0,8,0,0,0,1,0,0,0,0,0,0,0,0,7,9,8,7
1962.39,1,0,0,32,7,3,0,0,0,0,0,0,0,0,0,7,0,0,0,7,0,0,0,0,0,0,0,0,0,0,0,0,7,8,7,6
1962.39,1,0,0,33,6,5,0,0,1,0,0,0,0,0,0,5,0,0,0,6,0,0,0,1,0,0,0,0,0,0,0,0,5,6,6,4
1962.39,1,0,0,34,3,1,1,0,0,0,0,0,0,0,0,3,0,0,0,3,0,0,0,0,0,0,0,0,0,0,0,0,3,3,3,3
1962.39,1,0,0,35,8,3,0,0,0,0,0,0,0,0,0,8,0,0,0,8,0,0,0,0,0,0,0,0,0,0,0,0,8,8,8,8
1962.39,1,0,0,36,7,5,0,0,0,0,0,0,0,0,0,7,0,0,0,7,0,0,0,0,0,0,0,0,0,0,0,0,7,7,7,7
1962.39,1,0,0,37,4,1,0,0,0,0,0,0,0,0,0,4,0,0,0,4,0,0,0,0,0,0,0,0,0,0,0,0,4,4,4,4
1962.39,1,0,0,38,5,0,0,0,0,0,0,0,0,0,0,5,0,0,0,5,0,0,0,0,0,0,0,0,0,0,0,0,5,5,5,5
1962.39,1,0,0,39,1,1,0,0,0,0,0,0,0,0,0,1,0,0,0,1,0,0,0,0,0,0,0,0,0,0,0,0,1,1,1,1
1962.39,1,0,0,40,7,4,0,0,0,0,0,0,0,0,0,7,0,0,0,7,0,0,0,0,0,0,0,0,0,0,0,0,7,7,7,7
1962.39,1,0,0,41,3,3,0,0,0,0,0,0,0,0,0,3,0,0,0,3,0,0,0,0,0,0,0,0,0,0,0,0,3,3,3,3
1962.39,1,0,0,42,6,3,0,0,0,0,0,0,0,0,0,6,0,0,0,6,0,0,0,0,0,0,0,0,0,0,0,0,6,6,6,6
1962.39,1,0,0,43,7,2,0,0,0,0,0,0,0,0,0,7,0,0,0,7,0,0,0,0,0,0,0,0,0,0,0,0,7,7,7,7
1962.39,1,0,0,44,4,3,0,0,0,0,0,0,0,0,0,4,0,0,0,4,0,0,0,0,0,0,0,0,0,0,0,0,4,4,4,4
1962.39,1,0,0,45,5,3,0,0,0,0,0,0,0,0,0,5,0,0,0,5,0,0,0,0,0,0,0,0,0,0,0,0,5,5,5,5
1962.39,1,0,0,46,4,4,0,0,0,0,0,0,0,0,0,4,0,0,0,4,0,0,0,0,0,0,0,0,0,0,0,0,4,5,4,4
1962.39,1,0,0,47,1,0,0,0,0,0,0,0,0,0,0,1,0,0,0,1,0,0,0,0,0,0,0,0,0,0,0,0,1,1,1,1
1962.39,1,0,0,48,2,0,0,0,0,0,0,0,0,0,0,2,0,0,0,2,0,0,0,0,0,0,0,0,0,0,0,0,2,2,2,2
1962.39,1,0,0,49,4,4,0,0,0,0,0,0,0,0,0,4,0,0,0,4,0,0,0,0,0,0,0,0,0,0,0,0,4,4,4,4
1962.39,1,0,0,50,1,1,0,0,0,0,0,0,0,0,0,1,0,0,0,1,0,0,0,0,0,0,0,0,0,0,0,0,1,1,1,1
1962.39,1,0,0,51,2,1,0,0,0,0,0,0,0,0,0,2,0,0,0,2,0,0,0,0,0,0,0,0,0,0,0,0,2,2,2,2
1962.39,1,0,0,52,4,2,0,0,0,0,0,0,0,0,0,4,0,0,0,4,0,0,0,0,0,0,0,0,0,0,0,0,4,4,4,4
1962.39,1,0,0,53,1,1,0,0,0,0,0,0,0,0,0,1,0,0,0,1,0,0,0,0,0,0,0,0,0,0,0,0,1,1,1,1
1962.39,1,0,0,54,1,1,0,0,1,0,0,0,0,0,0,1,0,0,0,1,0,0,0,0,0,0,0,0,0,0,0,0,1,1,1,1
1962.39,1,0,0,55,3,1,0,0,0,0,0,0,0,0,0,3,0,0,0,3,0,0,0,0,0,0,0,0,0,0,0,0,3,3,3,2
1962.39,1,0,0,56,1,1,0,0,0,0,0,0,0,0,0,1,0,0,0,1,0,0,0,0,0,0,0,0,0,0,0,0,1,1,1,1
1962.39,1,0,0,57,3,1,0,0,0,0,0,0,0,0,0,3,0,0,0,3,0,0,0,0,0,0,0,0,0,0,0,0,3,3,3,3
1962.39,1,0,0,58,2,2,1,0,0,0,0,0,0,0,0,2,0,0,0,2,0,0,0,0,0,0,0,0,0,0,0,0,2,2,2,2
1962.39,1,0,0,59,5,3,0,0,1,0,0,0,0,0,0,5,0,0,0,5,0,0,0,0,0,0,0,0,0,0,0,0,5,6,5,5
1962.39,1,0,0,60,0,0,0,0,0,0,0,0,0,0,0,0,0,0,0,0,0,0,0,0,0,0,0,0,0,0,0,0,0,0,0,0
1962.39,1,0,0,61,3,1,0,0,0,0,0,0,0,0,0,3,0,0,0,3,0,0,0,0,0,0,0,0,0,0,0,0,3,4,3,3
1962.39,1,0,0,62,3,1,0,0,0,0,0,0,0,0,0,3,0,0,0,3,0,0,0,0,0,0,0,0,0,0,0,0,3,3,3,3
1962.39,1,0,0,63,4,0,0,0,0,0,0,0,0,0,0,4,0,0,0,4,0,0,0,0,0,0,0,0,0,0,0,0,4,4,4,4
1962.39,1,0,0,64,1,1,0,0,0,0,0,0,0,0,0,1,0,0,0,1,0,0,0,0,0,0,0,0,0,0,0,0,1,1,1,1
1962.39,1,0,0,65,2,0,0,0,0,0,0,0,0,0,0,2,0,0,0,2,0,0,0,0,0,0,0,0,0,0,0,0,2,2,2,2
1962.39,1,0,0,66,0,0,0,0,0,0,0,0,0,0,0,0,0,0,0,0,0,0,0,0,0,0,0,0,0,0,0,0,0,0,0,0
1962.39,1,0,0,67,1,1,0,0,0,0,0,0,0,0,0,1,0,0,0,1,0,0,0,0,0,0,0,0,0,0,0,0,1,1,1,1
1962.39,1,0,0,68,1,0,0,0,0,0,0,0,0,0,0,1,0,0,0,1,0,0,0,0,0,0,0,0,0,0,0,0,1,1,1,1
1962.39,1,0,0,69,1,1,0,0,0,0,0,0,0,0,0,1,0,0,0,1,0,0,0,0,0,0,0,0,0,0,0,0,1,1,1,1
1962.39,1,0,0,70,0,0,0,0,0,0,0,0,0,0,0,0,0,0,0,0,0,0,0,0,0,0,0,0,0,0,0,0,0,0,0,0
1962.39,1,0,0,71,0,0,0,0,0,0,0,0,0,0,0,0,0,0,0,0,0,0,0,0,0,0,0,0,0,0,0,0,0,0,0,0
1962.39,1,0,0,72,0,0,0,0,0,0,0,0,0,0,0,0,0,0,0,0,0,0,0,0,0,0,0,0,0,0,0,0,0,0,0,0
1962.39,1,0,0,73,1,0,0,0,0,0,0,0,0,0,0,1,0,0,0,1,0,0,0,0,0,0,0,0,0,0,0,0,1,2,1,1
1962.39,1,0,0,74,1,1,0,0,0,0,0,0,0,0,0,1,0,0,0,1,0,0,0,0,0,0,0,0,0,0,0,0,1,1,1,1
1962.39,1,0,0,75,1,1,0,0,0,0,0,0,0,0,0,1,0,0,0,1,0,0,0,0,0,0,0,0,0,0,0,0,1,1,1,1
1962.39,1,0,0,76,1,1,0,0,1,0,0,0,0,0,0,1,0,0,0,1,0,0,0,0,0,0,0,0,0,0,0,0,1,1,1,1
1962.39,1,0,0,77,0,0,0,0,0,0,0,0,0,0,0,0,0,0,0,0,0,0,0,0,0,0,0,0,0,0,0,0,0,0,0,0
1962.39,1,0,0,78,0,0,0,0,0,0,0,0,0,0,0,0,0,0,0,0,0,0,0,0,0,0,0,0,0,0,0,0,0,0,0,0
1962.39,1,0,0,79,0,0,0,0,0,0,0,0,0,0,0,0,0,0,0,0,0,0,0,0,0,0,0,0,0,0,0,0,0,0,0,0
1962.39,1,0,0,80,0,0,0,0,0,0,0,0,0,0,0,0,0,0,0,0,0,0,0,0,0,0,0,0,0,0,0,0,0,0,0,0
1962.39,1,0,0,81,0,0,0,0,0,0,0,0,0,0,0,0,0,0,0,0,0,0,0,0,0,0,0,0,0,0,0,0,0,0,0,0
1962.39,1,0,0,82,1,0,0,0,0,0,0,0,0,0,0,1,0,0,0,1,0,0,0,0,0,0,0,0,0,0,0,0,1,1,1,1
1962.39,1,0,0,83,0,0,0,0,0,0,0,0,0,0,0,0,0,0,0,0,0,0,0,0,0,0,0,0,0,0,0,0,0,0,0,0
1962.39,1,0,0,84,0,0,0,0,0,0,0,0,0,0,0,0,0,0,0,0,0,0,0,0,0,0,0,0,0,0,0,0,0,0,0,0
1962.39,1,0,0,85,0,0,0,0,0,0,0,0,0,0,0,0,0,0,0,0,0,0,0,0,0,0,0,0,0,0,0,0,0,0,0,0
1962.39,1,0,0,86,0,0,0,0,0,0,0,0,0,0,0,0,0,0,0,0,0,0,0,0,0,0,0,0,0,0,0,0,0,0,0,0
1962.39,1,0,0,87,0,0,0,0,0,0,0,0,0,0,0,0,0,0,0,0,0,0,0,0,0,0,0,0,0,0,0,0,0,0,0,0
1962.39,1,0,0,88,0,0,0,0,0,0,0,0,0,0,0,0,0,0,0,0,0,0,0,0,0,0,0,0,0,0,0,0,0,0,0,0
1962.39,1,0,0,89,0,0,0,0,0,0,0,0,0,0,0,0,0,0,0,0,0,0,0,0,0,0,0,0,0,0,0,0,0,0,0,0
1962.39,1,0,0,90,0,0,0,0,0,0,0,0,0,0,0,0,0,0,0,0,0,0,0,0,0,0,0,0,0,0,0,0,0,0,0,0
1962.39,1,0,0,91,0,0,0,0,0,0,0,0,0,0,0,0,0,0,0,0,0,0,0,0,0,0,0,0,0,0,0,0,0,0,0,0
1962.39,1,0,0,92,0,0,0,0,0,0,0,0,0,0,0,0,0,0,0,0,0,0,0,0,0,0,0,0,0,0,0,0,0,0,0,0
1962.39,1,0,0,93,0,0,0,0,0,0,0,0,0,0,0,0,0,0,0,0,0,0,0,0,0,0,0,0,0,0,0,0,0,0,0,0
1962.39,1,0,0,94,0,0,0,0,0,0,0,0,0,0,0,0,0,0,0,0,0,0,0,0,0,0,0,0,0,0,0,0,0,0,0,0
1962.39,1,0,0,95,0,0,0,0,0,0,0,0,0,0,0,0,0,0,0,0,0,0,0,0,0,0,0,0,0,0,0,0,0,0,0,0
1962.39,1,0,0,96,0,0,0,0,0,0,0,0,0,0,0,0,0,0,0,0,0,0,0,0,0,0,0,0,0,0,0,0,0,0,0,0
1962.39,1,0,0,97,0,0,0,0,0,0,0,0,0,0,0,0,0,0,0,0,0,0,0,0,0,0,0,0,0,0,0,0,0,0,0,0
1962.39,1,0,0,98,0,0,0,0,0,0,0,0,0,0,0,0,0,0,0,0,0,0,0,0,0,0,0,0,0,0,0,0,0,0,0,0
1962.39,1,0,0,99,0,0,0,0,0,0,0,0,0,0,0,0,0,0,0,0,0,0,0,0,0,0,0,0,0,0,0,0,0,0,0,0
1962.39,1,0,1,0,0,0,0,0,0,0,0,0,0,0,0,0,0,0,0,0,0,0,0,0,0,0,0,0,0,0,0,0,0,0,0,0
1962.39,1,0,1,1,0,0,0,0,0,0,0,0,0,0,0,0,0,0,0,0,0,0,0,0,0,0,0,0,0,0,0,0,0,0,0,0
1962.39,1,0,1,2,12,7,0,0,0,0,0,0,0,0,0,11,0,0,0,11,0,0,0,1,0,0,0,0,0,0,0,0,11,11,12,0
1962.39,1,0,1,3,14,2,0,0,0,0,0,0,0,0,0,13,0,0,0,14,0,0,0,1,0,0,0,0,0,0,0,0,13,15,14,0
1962.39,1,0,1,4,8,4,0,0,0,0,0,0,0,0,0,7,0,0,0,8,0,0,0,1,0,0,0,0,0,0,0,0,7,10,8,0
1962.39,1,0,1,5,12,2,0,0,0,0,0,0,0,0,0,11,0,0,0,12,0,0,0,1,0,0,0,0,0,0,0,0,11,13,12,0
1962.39,1,0,1,6,9,5,0,0,2,2,0,0,0,0,0,9,0,0,0,9,0,0,0,0,0,0,0,0,0,0,0,0,9,11,9,0
1962.39,1,0,1,7,9,4,0,0,0,0,0,0,0,0,0,8,0,0,0,9,0,0,0,1,0,0,0,0,0,0,0,0,8,10,9,0
1962.39,1,0,1,8,4,1,0,0,0,0,0,0,0,0,0,4,0,0,0,4,0,0,0,0,0,0,0,0,0,0,0,0,4,4,4,0
1962.39,1,0,1,9,3,3,0,0,0,0,0,0,0,0,0,3,0,0,0,3,0,0,0,0,0,0,0,0,0,0,0,0,3,3,3,0
1962.39,1,0,1,10,7,5,0,0,0,0,0,0,0,0,0,6,0,0,0,7,0,0,0,1,0,0,0,0,0,0,0,0,6,7,7,0
1962.39,1,0,1,11,11,3,0,0,0,0,0,0,0,0,0,10,0,0,0,11,0,0,0,1,0,0,0,0,0,0,0,0,10,12,11,0
1962.39,1,0,1,12,9,4,0,0,0,0,0,0,0,0,0,9,0,0,0,9,0,0,0,0,0,0,0,0,0,0,0,0,9,11,9,3
1962.39,1,0,1,13,7,1,0,0,0,0,0,0,0,0,0,6,0,0,0,7,0,0,0,1,0,0,0,0,0,0,0,0,6,8,7,4
1962.39,1,0,1,14,11,6,0,0,0,0,0,0,0,0,0,10,0,0,0,11,0,0,0,1,0,0,0,0,0,0,0,0,10,11,11,3
1962.39,1,0,1,15,8,1,0,0,0,0,0,0,0,0,0,8,0,0,0,8,0,0,0,0,0,0,0,0,0,0,0,0,8,9,8,5
1962.39,1,0,1,16,7,4,0,0,0,0,0,0,0,0,0,7,0,0,0,7,0,0,0,0,0,0,0,0,0,0,0,0,7,7,7,5
1962.39,1,0,1,17,7,1,0,0,0,0,0,0,0,0,0,7,0,0,0,7,0,0,0,0,0,0,0,0,0,0,0,0,7,9,7,4
1962.39,1,0,1,18,10,5,0,0,0,0,0,0,0,0,0,8,0,0,0,10,0,0,0,1,0,0,0,0,0,0,0,0,8,12,10,4
1962.39,1,0,1,19,7,4,0,0,0,0,0,0,0,0,0,5,0,0,0,7,0,0,0,2,0,0,0,0,0,0,0,0,5,7,7,3
1962.39,1,0,1,20,7,3,0,0,0,0,0,0,0,0,0,5,0,0,0,7,0,0,0,2,0,0,0,0,0,0,0,0,5,7,7,6
1962.39,1,0,1,21,9,4,0,0,0,0,0,0,0,0,0,9,0,0,0,9,0,0,0,0,0,0,0,0,0,0,0,0,9,10,9,6
1962.39,1,0,1,22,6,3,0,0,1,0,0,0,0,0,0,5,0,0,0,6,0,0,0,1,0,0,0,0,0,0,0,0,5,6,6,3
1962.39,1,0,1,23,10,7,0,0,0,0,0,0,0,0,0,10,0,0,0,10,0,0,0,0,0,0,0,0,0,0,0,0,10,10,10,6
1962.39,1,0,1,24,5,4,0,0,0,0,0,0,0,0,0,4,0,0,0,5,0,0,0,1,0,0,0,0,0,0,0,0,4,7,5,2
1962.39,1,0,1,25,7,3,0,0,0,0,0,0,0,0,0,7,0,0,0,7,0,0,0,0,0,0,0,0,0,0,0,0,7,7,7,4
1962.39,1,0,1,26,4,2,0,0,0,0,0,0,0,0,0,4,0,0,0,4,0,0,0,0,0,0,0,0,0,0,0,0,4,4,4,2
1962.39,1,0,1,27,4,3,0,0,0,0,0,0,0,0,0,4,0,0,0,4,0,0,0,0,0,0,0,0,0,0,0,0,4,4,4,2
1962.39,1,0,1,28,7,4,0,0,0,0,0,0,0,0,0,7,0,0,0,7,0,0,0,0,0,0,0,0,0,0,0,0,7,8,7,4
1962.39,1,0,1,29,8,5,0,0,0,0,0,0,0,0,0,8,0,0,0,8,0,0,0,0,0,0,0,0,0,0,0,0,8,8,8,6
1962.39,1,0,1,30,6,3,0,0,0,0,0,0,0,0,0,5,0,0,0,6,0,0,0,1,0,0,0,0,0,0,0,0,5,7,6,4
1962.39,1,0,1,31,12,8,0,0,0,0,0,0,0,0,0,12,0,0,0,12,0,0,0,0,0,0,0,0,0,0,0,0,12,12,12,10
1962.39,1,0,1,32,7,3,0,0,1,1,0,0,0,0,0,6,0,0,0,7,0,0,0,0,0,0,0,0,0,0,0,0,6,7,7,7
1962.39,1,0,1,33,6,2,0,0,0,0,0,0,0,0,0,6,0,0,0,6,0,0,0,0,0,0,0,0,0,0,0,0,6,6,6,5
1962.39,1,0,1,34,3,2,0,0,0,0,0,0,0,0,0,3,0,0,0,3,0,0,0,0,0,0,0,0,0,0,0,0,3,3,3,3
1962.39,1,0,1,35,6,1,0,0,0,0,0,0,0,0,0,6,0,0,0,6,0,0,0,0,0,0,0,0,0,0,0,0,6,6,6,6
1962.39,1,0,1,36,7,1,0,0,0,0,0,0,0,0,0,7,0,0,0,7,0,0,0,0,0,0,0,0,0,0,0,0,7,7,7,7
1962.39,1,0,1,37,5,3,0,0,0,0,0,0,0,0,0,5,0,0,0,5,0,0,0,0,0,0,0,0,0,0,0,0,5,5,5,5
1962.39,1,0,1,38,7,3,0,0,0,0,0,0,0,0,0,7,0,0,0,7,0,0,0,0,0,0,0,0,0,0,0,0,7,7,7,7
1962.39,1,0,1,39,6,1,0,0,0,0,0,0,0,0,0,6,0,0,0,6,0,0,0,0,0,0,0,0,0,0,0,0,6,6,6,6
1962.39,1,0,1,40,5,3,0,0,0,0,0,0,0,0,0,5,0,0,0,5,0,0,0,0,0,0,0,0,0,0,0,0,5,5,5,5
1962.39,1,0,1,41,2,2,0,0,1,1,0,0,0,0,0,2,0,0,0,2,0,0,0,0,0,0,0,0,0,0,0,0,2,2,2,2
1962.39,1,0,1,42,4,3,0,0,0,0,0,0,0,0,0,4,0,0,0,4,0,0,0,0,0,0,0,0,0,0,0,0,4,4,4,4
1962.39,1,0,1,43,6,4,0,0,0,0,0,0,0,0,0,6,0,0,0,6,0,0,0,0,0,0,0,0,0,0,0,0,6,6,6,6
1962.39,1,0,1,44,5,1,0,0,0,0,0,0,0,0,0,5,0,0,0,5,0,0,0,0,0,0,0,0,0,0,0,0,5,5,5,5
1962.39,1,0,1,45,3,1,0,0,0,0,0,0,0,0,0,3,0,0,0,3,0,0,0,0,0,0,0,0,0,0,0,0,3,3,3,3
1962.39,1,0,1,46,2,1,0,0,0,0,0,0,0,0,0,2,0,0,0,2,0,0,0,0,0,0,0,0,0,0,0,0,2,2,2,2
1962.39,1,0,1,47,5,3,0,0,0,0,0,0,0,0,0,5,0,0,0,5,0,0,0,0,0,0,0,0,0,0,0,0,5,5,5,5
1962.39,1,0,1,48,7,3,0,0,0,0,0,0,0,0,0,7,0,0,0,7,0,0,0,0,0,0,0,0,0,0,0,0,7,7,7,7
1962.39,1,0,1,49,1,0,0,0,0,0,0,0,0,0,0,1,0,0,0,1,0,0,0,0,0,0,0,0,0,0,0,0,1,1,1,1
1962.39,1,0,1,50,1,0,0,0,0,0,0,0,0,0,0,1,0,0,0,1,0,0,0,0,0,0,0,0,0,0,0,0,1,1,1,1
1962.39,1,0,1,51,5,3,0,0,0,0,0,0,0,0,0,5,0,0,0,5,0,0,0,0,0,0,0,0,0,0,0,0,5,5,5,5
1962.39,1,0,1,52,5,3,0,0,1,0,0,0,0,0,0,4,0,0,0,5,0,0,0,0,0,0,0,0,0,0,0,0,4,6,5,5
1962.39,1,0,1,53,2,2,0,0,0,0,0,0,0,0,0,2,0,0,0,2,0,0,0,0,0,0,0,0,0,0,0,0,2,2,2,2
1962.39,1,0,1,54,4,2,0,0,1,1,0,0,0,0,0,4,0,0,0,4,0,0,0,0,0,0,0,0,0,0,0,0,4,4,4,4
1962.39,1,0,1,55,4,4,0,0,0,0,0,0,0,0,0,4,0,0,0,4,0,0,0,0,0,0,0,0,0,0,0,0,4,4,4,4
1962.39,1,0,1,56,5,2,0,0,1,1,0,0,0,0,0,5,0,0,0,5,0,0,0,0,0,0,0,0,0,0,0,0,5,6,5,5
1962.39,1,0,1,57,7,2,0,0,1,0,0,0,0,0,0,7,0,0,0,7,0,0,0,0,0,0,0,0,0,0,0,0,7,7,7,7
1962.39,1,0,1,58,3,2,0,0,0,0,0,0,0,0,0,3,0,0,0,3,0,0,0,0,0,0,0,0,0,0,0,0,3,3,3,3
1962.39,1,0,1,59,0,0,0,0,0,0,0,0,0,0,0,0,0,0,0,0,0,0,0,0,0,0,0,0,0,0,0,0,0,0,0,0
1962.39,1,0,1,60,3,2,0,0,0,0,0,0,0,0,0,3,0,0,0,3,0,0,0,0,0,0,0,0,0,0,0,0,3,3,3,3
1962.39,1,0,1,61,0,0,0,0,0,0,0,0,0,0,0,0,0,0,0,0,0,0,0,0,0,0,0,0,0,0,0,0,0,0,0,0
1962.39,1,0,1,62,0,0,0,0,0,0,0,0,0,0,0,0,0,0,0,0,0,0,0,0,0,0,0,0,0,0,0,0,0,0,0,0
1962.39,1,0,1,63,1,1,0,0,0,0,0,0,0,0,0,1,0,0,0,1,0,0,0,0,0,0,0,0,0,0,0,0,1,1,1,1
1962.39,1,0,1,64,1,0,0,0,1,0,0,0,0,0,0,0,0,0,0,1,0,0,0,0,0,0,0,1,1,1,0,0,0,1,1,1
1962.39,1,0,1,65,2,1,0,0,0,0,0,0,0,0,0,2,0,0,0,2,0,0,0,0,0,0,0,0,0,0,0,0,2,3,2,2
1962.39,1,0,1,66,0,0,0,0,0,0,0,0,0,0,0,0,0,0,0,0,0,0,0,0,0,0,0,0,0,0,0,0,0,0,0,0
1962.39,1,0,1,67,1,1,0,0,0,0,0,0,0,0,0,0,0,0,0,1,0,0,0,0,0,0,0,1,1,1,0,0,0,1,1,1
1962.39,1,0,1,68,0,0,0,0,0,0,0,0,0,0,0,0,0,0,0,0,0,0,0,0,0,0,0,0,0,0,0,0,0,0,0,0
1962.39,1,0,1,69,2,1,0,0,0,0,0,0,0,0,0,2,0,0,0,2,0,0,0,0,0,0,0,0,0,0,0,0,2,2,2,2
1962.39,1,0,1,70,1,0,0,0,0,0,0,0,0,0,0,1,0,0,0,1,0,0,0,0,0,0,0,0,0,0,0,0,1,2,1,1
1962.39,1,0,1,71,3,2,0,0,0,0,0,0,0,0,0,3,0,0,0,3,0,0,0,0,0,0,0,0,0,0,0,0,3,5,3,3
1962.39,1,0,1,72,1,1,0,0,0,0,0,0,0,0,0,1,0,0,0,1,0,0,0,0,0,0,0,0,0,0,0,0,1,1,1,1
1962.39,1,0,1,73,2,2,0,0,0,0,0,0,0,0,0,2,0,0,0,2,0,0,0,0,0,0,0,0,0,0,0,0,2,2,2,2
1962.39,1,0,1,74,2,2,0,0,0,0,0,0,0,0,0,2,0,0,0,2,0,0,0,0,0,0,0,0,0,0,0,0,2,2,2,2
1962.39,1,0,1,75,1,1,0,0,0,0,0,0,0,0,0,1,0,0,0,1,0,0,0,0,0,0,0,0,0,0,0,0,1,1,1,1
1962.39,1,0,1,76,1,0,0,0,0,0,0,0,0,0,0,1,0,0,0,1,0,0,0,0,0,0,0,0,0,0,0,0,1,1,1,1
1962.39,1,0,1,77,1,1,0,0,0,0,0,0,0,0,0,1,0,0,0,1,0,0,0,0,0,0,0,0,0,0,0,0,1,1,1,1
1962.39,1,0,1,78,0,0,0,0,0,0,0,0,0,0,0,0,0,0,0,0,0,0,0,0,0,0,0,0,0,0,0,0,0,0,0,0
1962.39,1,0,1,79,1,0,0,0,0,0,0,0,0,0,0,1,0,0,0,1,0,0,0,0,0,0,0,0,0,0,0,0,1,1,1,1
1962.39,1,0,1,80,0,0,0,0,0,0,0,0,0,0,0,0,0,0,0,0,0,0,0,0,0,0,0,0,0,0,0,0,0,0,0,0
1962.39,1,0,1,81,0,0,0,0,0,0,0,0,0,0,0,0,0,0,0,0,0,0,0,0,0,0,0,0,0,0,0,0,0,0,0,0
1962.39,1,0,1,82,0,0,0,0,0,0,0,0,0,0,0,0,0,0,0,0,0,0,0,0,0,0,0,0,0,0,0,0,0,0,0,0
1962.39,1,0,1,83,0,0,0,0,0,0,0,0,0,0,0,0,0,0,0,0,0,0,0,0,0,0,0,0,0,0,0,0,0,0,0,0
1962.39,1,0,1,84,0,0,0,0,0,0,0,0,0,0,0,0,0,0,0,0,0,0,0,0,0,0,0,0,0,0,0,0,0,0,0,0
1962.39,1,0,1,85,0,0,0,0,0,0,0,0,0,0,0,0,0,0,0,0,0,0,0,0,0,0,0,0,0,0,0,0,0,0,0,0
1962.39,1,0,1,86,0,0,0,0,0,0,0,0,0,0,0,0,0,0,0,0,0,0,0,0,0,0,0,0,0,0,0,0,0,0,0,0
1962.39,1,0,1,87,0,0,0,0,0,0,0,0,0,0,0,0,0,0,0,0,0,0,0,0,0,0,0,0,0,0,0,0,0,0,0,0
1962.39,1,0,1,88,0,0,0,0,0,0,0,0,0,0,0,0,0,0,0,0,0,0,0,0,0,0,0,0,0,0,0,0,0,0,0,0
1962.39,1,0,1,89,0,0,0,0,0,0,0,0,0,0,0,0,0,0,0,0,0,0,0,0,0,0,0,0,0,0,0,0,0,0,0,0
1962.39,1,0,1,90,0,0,0,0,0,0,0,0,0,0,0,0,0,0,0,0,0,0,0,0,0,0,0,0,0,0,0,0,0,0,0,0
1962.39,1,0,1,91,0,0,0,0,0,0,0,0,0,0,0,0,0,0,0,0,0,0,0,0,0,0,0,0,0,0,0,0,0,0,0,0
1962.39,1,0,1,92,0,0,0,0,0,0,0,0,0,0,0,0,0,0,0,0,0,0,0,0,0,0,0,0,0,0,0,0,0,0,0,0
1962.39,1,0,1,93,0,0,0,0,0,0,0,0,0,0,0,0,0,0,0,0,0,0,0,0,0,0,0,0,0,0,0,0,0,0,0,0
1962.39,1,0,1,94,0,0,0,0,0,0,0,0,0,0,0,0,0,0,0,0,0,0,0,0,0,0,0,0,0,0,0,0,0,0,0,0
1962.39,1,0,1,95,0,0,0,0,0,0,0,0,0,0,0,0,0,0,0,0,0,0,0,0,0,0,0,0,0,0,0,0,0,0,0,0
1962.39,1,0,1,96,0,0,0,0,0,0,0,0,0,0,0,0,0,0,0,0,0,0,0,0,0,0,0,0,0,0,0,0,0,0,0,0
1962.39,1,0,1,97,0,0,0,0,0,0,0,0,0,0,0,0,0,0,0,0,0,0,0,0,0,0,0,0,0,0,0,0,0,0,0,0
1962.39,1,0,1,98,0,0,0,0,0,0,0,0,0,0,0,0,0,0,0,0,0,0,0,0,0,0,0,0,0,0,0,0,0,0,0,0
1962.39,1,0,1,99,0,0,0,0,0,0,0,0,0,0,0,0,0,0,0,0,0,0,0,0,0,0,0,0,0,0,0,0,0,0,0,0
1962.39,1,1,0,0,39,3,0,0,0,0,0,0,0,0,0,0,0,0,0,0,0,0,0,0,0,0,0,0,0,0,0,0,0,0,2,0
1962.39,1,1,0,1,25,2,0,0,0,0,0,0,0,0,0,22,0,0,0,22,0,0,0,0,0,0,0,0,0,0,0,0,22,22,25,0
1962.39,1,1,0,2,20,12,0,0,0,0,0,0,0,0,0,20,0,0,0,20,0,0,0,0,0,0,0,0,0,0,0,0,20,21,20,0
1962.39,1,1,0,3,22,9,0,0,0,0,0,0,0,0,0,22,0,0,0,22,0,0,0,0,0,0,0,0,0,0,0,0,22,26,22,0
1962.39,1,1,0,4,24,7,0,0,0,0,0,0,0,0,0,24,0,0,0,24,0,0,0,0,0,0,0,0,0,0,0,0,24,35,24,0
1962.39,1,1,0,5,25,8,0,0,1,1,0,0,0,0,0,25,0,0,0,25,0,0,0,0,0,0,0,0,0,0,0,0,25,32,25,0
1962.39,1,1,0,6,19,9,0,0,0,0,0,0,0,0,0,19,0,0,0,19,0,0,0,0,0,0,0,0,0,0,0,0,19,21,19,0
1962.39,1,1,0,7,16,7,0,0,0,0,0,0,0,0,0,16,0,0,0,16,0,0,0,0,0,0,0,0,0,0,0,0,16,20,16,0
1962.39,1,1,0,8,12,3,0,0,0,0,0,0,0,0,0,12,0,0,0,12,0,0,0,0,0,0,0,0,0,0,0,0,12,18,12,0
1962.39,1,1,0,9,14,6,0,0,1,1,0,0,0,0,0,13,0,0,0,14,0,0,0,0,0,0,0,0,0,0,0,0,13,18,14,0
1962.39,1,1,0,10,22,6,0,0,0,0,0,0,0,0,0,22,0,0,0,22,0,0,0,0,0,0,0,0,0,0,0,0,22,28,22,0
1962.39,1,1,0,11,11,5,0,0,0,0,0,0,0,0,0,11,0,0,0,11,0,0,0,0,0,0,0,0,0,0,0,0,11,14,11,0
1962.39,1,1,0,12,16,4,0,0,0,0,0,0,0,0,0,16,0,0,0,16,0,0,0,0,0,0,0,0,0,0,0,0,16,18,16,10
1962.39,1,1,0,13,10,6,0,0,0,0,0,0,0,0,0,10,0,0,0,10,0,0,0,0,0,0,0,0,0,0,0,0,10,10,10,6
1962.39,1,1,0,14,7,4,0,0,0,0,0,0,0,0,0,7,0,0,0,7,0,0,0,0,0,0,0,0,0,0,0,0,7,8,7,3
1962.39,1,1,0,15,14,3,0,0,0,0,0,0,0,0,0,14,0,0,0,14,0,0,0,0,0,0,0,0,0,0,0,0,14,17,14,9
1962.39,1,1,0,16,13,6,0,0,0,0,0,0,0,0,0,13,0,0,0,13,0,0,0,0,0,0,0,0,0,0,0,0,13,17,13,10
1962.39,1,1,0,17,13,6,0,0,0,0,0,0,0,0,0,13,0,0,0,13,0,0,0,0,0,0,0,0,0,0,0,0,13,16,13,9
1962.39,1,1,0,18,17,9,0,0,0,0,0,0,0,0,0,17,0,0,0,17,0,0,0,0,0,0,0,0,0,0,0,0,17,22,17,14
1962.39,1,1,0,19,20,11,0,0,0,0,0,0,0,0,0,20,0,0,0,20,0,0,0,0,0,0,0,0,0,0,0,0,20,27,20,15
1962.39,1,1,0,20,18,9,0,0,0,0,0,0,0,0,0,18,0,0,0,18,0,0,0,0,0,0,0,0,0,0,0,0,18,20,18,14
1962.39,1,1,0,21,20,11,0,0,0,0,0,0,0,0,0,20,0,0,0,20,0,0,0,0,0,0,0,0,0,0,0,0,20,26,20,15
1962.39,1,1,0,22,10,3,0,0,0,0,0,0,0,0,0,10,0,0,0,10,0,0,0,0,0,0,0,0,0,0,0,0,10,11,10,7
1962.39,1,1,0,23,14,7,0,0,0,0,0,0,0,0,0,13,0,0,0,14,0,0,0,0,0,0,0,0,0,0,0,0,13,15,14,12
1962.39,1,1,0,24,14,11,0,0,0,0,0,0,0,0,0,14,0,0,0,14,0,0,0,0,0,0,0,0,0,0,0,0,14,15,14,8
1962.39,1,1,0,25,16,8,0,0,0,0,0,0,0,0,0,16,0,0,0,16,0,0,0,0,0,0,0,0,0,0,0,0,16,18,16,14
1962.39,1,1,0,26,17,6,0,0,0,0,0,0,0,0,0,17,0,0,0,17,0,0,0,0,0,0,0,0,0,0,0,0,17,18,17,12
1962.39,1,1,0,27,14,9,0,0,0,0,0,0,0,0,0,14,0,0,0,14,0,0,0,0,0,0,0,0,0,0,0,0,14,14,14,11
1962.39,1,1,0,28,11,4,0,0,0,0,0,0,0,0,0,11,0,0,0,11,0,0,0,0,0,0,0,0,0,0,0,0,11,13,11,11
1962.39,1,1,0,29,11,7,0,0,0,0,0,0,0,0,0,11,0,0,0,11,0,0,0,0,0,0,0,0,0,0,0,0,11,11,11,10
1962.39,1,1,0,30,8,4,0,0,0,0,0,0,0,0,0,8,0,0,0,8,0,0,0,0,0,0,0,0,0,0,0,0,8,9,8,8
1962.39,1,1,0,31,15,7,0,0,0,0,0,0,0,0,0,15,0,0,0,15,0,0,0,0,0,0,0,0,0,0,0,0,15,17,15,14
1962.39,1,1,0,32,13,7,0,0,0,0,0,0,0,0,0,13,0,0,0,13,0,0,0,0,0,0,0,0,0,0,0,0,13,13,13,13
1962.39,1,1,0,33,12,4,0,0,0,0,0,0,0,0,0,12,0,0,0,12,0,0,0,0,0,0,0,0,0,0,0,0,12,12,12,12
1962.39,1,1,0,34,16,10,0,0,0,0,0,0,0,0,0,16,0,0,0,16,0,0,0,0,0,0,0,0,0,0,0,0,16,16,16,16
1962.39,1,1,0,35,14,6,0,0,0,0,0,0,0,0,0,13,0,0,0,14,0,0,0,1,0,0,0,0,0,0,0,0,13,15,14,14
1962.39,1,1,0,36,5,3,0,0,0,0,0,0,0,0,0,5,0,0,0,5,0,0,0,0,0,0,0,0,0,0,0,0,5,6,5,5
1962.39,1,1,0,37,9,5,0,0,0,0,0,0,0,0,0,9,0,0,0,9,0,0,0,0,0,0,0,0,0,0,0,0,9,9,9,9
1962.39,1,1,0,38,14,9,0,0,0,0,0,0,0,0,0,13,0,0,0,14,0,0,0,1,0,0,0,0,0,0,0,0,13,15,14,14
1962.39,1,1,0,39,12,5,0,0,0,0,0,0,0,0,0,10,0,0,0,11,0,0,0,2,0,0,0,0,0,0,0,0,10,11,12,11
1962.39,1,1,0,40,8,6,0,0,0,0,0,0,0,0,0,7,0,0,0,8,0,0,0,1,0,0,0,0,0,0,0,0,7,8,8,8
1962.39,1,1,0,41,9,3,0,0,0,0,0,0,0,0,0,8,0,0,0,8,0,0,0,1,0,0,0,0,0,0,0,0,8,8,9,8
1962.39,1,1,0,42,5,3,0,0,0,0,0,0,0,0,0,2,0,0,0,2,0,0,0,3,0,0,0,0,0,0,0,0,2,2,5,2
1962.39,1,1,0,43,9,4,0,0,0,0,0,0,0,0,0,5,0,0,0,7,0,0,0,4,0,0,0,0,0,0,0,0,5,7,9,7
1962.39,1,1,0,44,9,5,0,0,0,0,0,0,0,0,0,7,0,0,0,7,0,0,0,2,0,0,0,0,0,0,0,0,7,7,9,7
1962.39,1,1,0,45,9,5,0,0,0,0,0,0,0,0,0,8,0,0,0,8,0,0,0,1,0,0,0,0,0,0,0,0,8,8,9,8
1962.39,1,1,0,46,8,6,0,0,0,0,0,0,0,0,0,6,0,0,0,7,0,0,0,2,0,0,0,0,0,0,0,0,6,7,8,7
1962.39,1,1,0,47,11,4,1,0,0,0,0,0,0,0,0,7,0,0,0,7,0,0,0,4,0,0,0,0,0,0,0,0,7,7,11,7
1962.39,1,1,0,48,6,3,0,0,0,0,0,0,0,0,0,4,0,0,0,4,0,0,0,2,0,0,0,0,0,0,0,0,4,4,6,4
1962.39,1,1,0,49,13,6,0,0,2,2,0,0,0,0,0,10,0,0,0,11,0,0,0,2,0,0,0,0,0,0,0,0,10,11,13,11
1962.39,1,1,0,50,7,4,0,0,0,0,0,0,0,0,0,6,0,0,0,7,0,0,0,1,0,0,0,0,0,0,0,0,6,7,7,7
1962.39,1,1,0,51,5,4,0,0,0,0,0,0,0,0,0,4,0,0,0,5,0,0,0,1,0,0,0,0,0,0,0,0,4,5,5,5
1962.39,1,1,0,52,5,2,0,0,0,0,0,0,0,0,0,5,0,0,0,5,0,0,0,0,0,0,0,0,0,0,0,0,5,5,5,5
1962.39,1,1,0,53,8,2,0,0,0,0,0,0,0,0,0,7,0,0,0,8,0,0,0,1,0,0,0,0,0,0,0,0,7,8,8,8
1962.39,1,1,0,54,6,3,1,0,0,0,0,0,0,0,0,6,0,0,0,6,0,0,0,0,0,0,0,0,0,0,0,0,6,6,6,6
1962.39,1,1,0,55,3,0,0,0,0,0,0,0,0,0,0,3,0,0,0,3,0,0,0,0,0,0,0,0,0,0,0,0,3,3,3,3
1962.39,1,1,0,56,4,2,0,0,0,0,0,0,0,0,0,4,0,0,0,4,0,0,0,0,0,0,0,0,0,0,0,0,4,4,4,4
1962.39,1,1,0,57,1,0,0,0,0,0,0,0,0,0,0,1,0,0,0,1,0,0,0,0,0,0,0,0,0,0,0,0,1,1,1,1
1962.39,1,1,0,58,6,4,0,0,0,0,0,0,0,0,0,6,0,0,0,6,0,0,0,0,0,0,0,0,0,0,0,0,6,6,6,6
1962.39,1,1,0,59,6,2,0,0,0,0,0,0,0,0,0,3,0,0,0,3,0,0,0,3,0,0,0,0,0,0,0,0,3,3,6,3
1962.39,1,1,0,60,3,1,0,0,2,1,0,0,0,0,0,2,0,0,0,2,0,0,0,1,0,0,0,0,0,0,0,0,2,2,3,2
1962.39,1,1,0,61,6,2,0,0,1,0,0,0,0,0,0,4,0,0,0,5,0,0,0,2,0,0,0,0,0,0,0,0,4,5,6,5
1962.39,1,1,0,62,4,2,0,0,0,0,0,0,0,0,0,3,0,0,0,4,0,0,0,1,0,0,0,0,0,0,0,0,3,4,4,4
1962.39,1,1,0,63,0,0,0,0,0,0,0,0,0,0,0,0,0,0,0,0,0,0,0,0,0,0,0,0,0,0,0,0,0,0,0,0
1962.39,1,1,0,64,4,1,0,0,0,0,0,0,0,0,0,4,0,0,0,4,0,0,0,0,0,0,0,0,0,0,0,0,4,4,4,4
1962.39,1,1,0,65,3,2,0,0,0,0,0,0,0,0,0,3,0,0,0,3,0,0,0,0,0,0,0,0,0,0,0,0,3,3,3,3
1962.39,1,1,0,66,5,4,0,0,0,0,0,0,0,0,0,0,0,0,0,0,0,0,0,5,0,0,0,0,0,0,0,0,0,0,5,0
1962.39,1,1,0,67,4,1,0,0,0,0,0,0,0,0,0,2,0,0,0,2,0,0,0,2,0,0,0,0,0,0,0,0,2,2,4,2
1962.39,1,1,0,68,0,0,0,0,0,0,0,0,0,0,0,0,0,0,0,0,0,0,0,0,0,0,0,0,0,0,0,0,0,0,0,0
1962.39,1,1,0,69,1,1,0,0,0,0,0,0,0,0,0,0,0,0,0,1,0,0,0,1,0,0,0,0,0,0,0,0,0,1,1,1
1962.39,1,1,0,70,5,4,1,0,0,0,0,0,0,0,0,3,0,0,0,4,0,0,0,1,0,0,0,1,1,1,0,0,3,4,5,4
1962.39,1,1,0,71,2,1,0,0,0,0,0,0,0,0,0,0,0,0,0,0,0,0,0,1,0,0,0,1,1,1,0,0,0,0,2,0
1962.39,1,1,0,72,1,1,0,0,0,0,0,0,0,0,0,0,0,0,0,0,0,0,0,1,0,0,0,0,0,0,0,0,0,0,1,0
1962.39,1,1,0,73,1,1,0,0,0,0,0,0,0,0,0,0,0,0,0,0,0,0,0,1,0,0,0,0,0,0,0,0,0,0,1,0
1962.39,1,1,0,74,5,2,0,0,0,0,0,0,0,0,0,1,0,0,0,2,0,0,0,3,0,0,0,1,1,1,0,0,1,2,5,2
1962.39,1,1,0,75,2,1,0,0,0,0,0,0,0,0,0,0,0,0,0,0,0,0,0,1,0,0,0,1,1,1,0,0,0,0,2,0
1962.39,1,1,0,76,1,0,0,0,0,0,0,0,0,0,0,1,0,0,0,1,0,0,0,0,0,0,0,0,0,0,0,0,1,1,1,1
1962.39,1,1,0,77,1,0,0,0,0,0,0,0,0,0,0,0,0,0,0,0,0,0,0,1,0,0,0,0,0,0,0,0,0,0,1,0
1962.39,1,1,0,78,0,0,0,0,0,0,0,0,0,0,0,0,0,0,0,0,0,0,0,0,0,0,0,0,0,0,0,0,0,0,0,0
1962.39,1,1,0,79,1,0,0,0,0,0,0,0,0,0,0,0,0,0,0,0,0,0,0,1,0,0,0,0,0,0,0,0,0,0,1,0
1962.39,1,1,0,80,1,0,0,0,0,0,0,0,0,0,0,0,0,0,0,0,0,0,0,1,0,0,0,0,0,0,0,0,0,0,1,0
1962.39,1,1,0,81,1,0,0,0,0,0,0,0,0,0,0,0,0,0,0,0,0,0,0,1,0,0,0,0,0,0,0,0,0,0,1,0
1962.39,1,1,0,82,1,0,0,0,0,0,0,0,0,0,0,0,0,0,0,0,0,0,0,1,0,0,0,0,0,0,0,0,0,0,1,0
1962.39,1,1,0,83,0,0,0,0,0,0,0,0,0,0,0,0,0,0,0,0,0,0,0,0,0,0,0,0,0,0,0,0,0,0,0,0
1962.39,1,1,0,84,0,0,0,0,0,0,0,0,0,0,0,0,0,0,0,0,0,0,0,0,0,0,0,0,0,0,0,0,0,0,0,0
1962.39,1,1,0,85,0,0,0,0,0,0,0,0,0,0,0,0,0,0,0,0,0,0,0,0,0,0,0,0,0,0,0,0,0,0,0,0
1962.39,1,1,0,86,0,0,0,0,0,0,0,0,0,0,0,0,0,0,0,0,0,0,0,0,0,0,0,0,0,0,0,0,0,0,0,0
1962.39,1,1,0,87,0,0,0,0,0,0,0,0,0,0,0,0,0,0,0,0,0,0,0,0,0,0,0,0,0,0,0,0,0,0,0,0
1962.39,1,1,0,88,0,0,0,0,0,0,0,0,0,0,0,0,0,0,0,0,0,0,0,0,0,0,0,0,0,0,0,0,0,0,0,0
1962.39,1,1,0,89,0,0,0,0,0,0,0,0,0,0,0,0,0,0,0,0,0,0,0,0,0,0,0,0,0,0,0,0,0,0,0,0
1962.39,1,1,0,90,2,1,0,0,0,0,0,0,0,0,0,1,0,0,0,2,0,0,0,0,0,0,0,1,1,1,0,0,1,2,2,2
1962.39,1,1,0,91,0,0,0,0,0,0,0,0,0,0,0,0,0,0,0,0,0,0,0,0,0,0,0,0,0,0,0,0,0,0,0,0
1962.39,1,1,0,92,0,0,0,0,0,0,0,0,0,0,0,0,0,0,0,0,0,0,0,0,0,0,0,0,0,0,0,0,0,0,0,0
1962.39,1,1,0,93,0,0,0,0,0,0,0,0,0,0,0,0,0,0,0,0,0,0,0,0,0,0,0,0,0,0,0,0,0,0,0,0
1962.39,1,1,0,94,0,0,0,0,0,0,0,0,0,0,0,0,0,0,0,0,0,0,0,0,0,0,0,0,0,0,0,0,0,0,0,0
1962.39,1,1,0,95,0,0,0,0,0,0,0,0,0,0,0,0,0,0,0,0,0,0,0,0,0,0,0,0,0,0,0,0,0,0,0,0
1962.39,1,1,0,96,0,0,0,0,0,0,0,0,0,0,0,0,0,0,0,0,0,0,0,0,0,0,0,0,0,0,0,0,0,0,0,0
1962.39,1,1,0,97,0,0,0,0,0,0,0,0,0,0,0,0,0,0,0,0,0,0,0,0,0,0,0,0,0,0,0,0,0,0,0,0
1962.39,1,1,0,98,0,0,0,0,0,0,0,0,0,0,0,0,0,0,0,0,0,0,0,0,0,0,0,0,0,0,0,0,0,0,0,0
1962.39,1,1,0,99,0,0,0,0,0,0,0,0,0,0,0,0,0,0,0,0,0,0,0,0,0,0,0,0,0,0,0,0,0,0,0,0
1962.88,1,0,0,0,34,3,3,0,7,4,0,0,0,0,0,0,0,0,0,0,0,0,0,0,0,0,0,0,0,0,0,0,0,0,0,0
1962.88,1,0,0,1,27,3,0,0,0,0,0,0,0,0,0,0,0,0,0,0,0,0,0,26,0,0,0,0,0,0,0,0,0,0,27,0
1962.88,1,0,0,2,20,2,0,0,1,1,0,0,0,0,0,14,0,0,0,14,0,0,0,6,0,0,0,0,0,0,0,0,14,14,20,0
1962.88,1,0,0,3,13,3,0,0,0,0,0,0,0,0,0,12,0,0,0,13,0,0,0,1,0,0,0,0,0,0,0,0,12,14,13,0
1962.88,1,0,0,4,10,3,0,0,0,0,0,0,0,0,0,9,0,0,0,10,0,0,0,1,0,0,0,0,0,0,0,0,9,12,10,0
1962.88,1,0,0,5,7,2,0,0,1,1,0,0,0,0,0,6,0,0,0,7,0,0,0,1,0,0,0,0,0,0,0,0,6,7,7,0
1962.88,1,0,0,6,10,3,0,0,0,0,0,0,0,0,0,10,0,0,0,10,0,0,0,0,0,0,0,0,0,0,0,0,10,12,10,0
1962.88,1,0,0,7,9,4,0,0,0,0,0,0,0,0,0,9,0,0,0,9,0,0,0,0,0,0,0,0,0,0,0,0,9,9,9,0
1962.88,1,0,0,8,3,1,0,0,0,0,0,0,0,0,0,3,0,0,0,3,0,0,0,0,0,0,0,0,0,0,0,0,3,3,3,0
1962.88,1,0,0,9,9,1,0,0,0,0,0,0,0,0,0,9,0,0,0,9,0,0,0,0,0,0,0,0,0,0,0,0,9,10,9,0
1962.88,1,0,0,10,7,1,0,0,0,0,0,0,0,0,0,7,0,0,0,7,0,0,0,0,0,0,0,0,0,0,0,0,7,9,7,0
1962.88,1,0,0,11,5,1,0,0,0,0,0,0,0,0,0,5,0,0,0,5,0,0,0,0,0,0,0,0,0,0,0,0,5,7,5,0
1962.88,1,0,0,12,3,1,0,0,0,0,0,0,0,0,0,3,0,0,0,3,0,0,0,0,0,0,0,0,0,0,0,0,3,4,3,1
1962.88,1,0,0,13,6,3,1,0,0,0,0,0,0,0,0,6,0,0,0,6,0,0,0,0,0,0,0,0,0,0,0,0,6,6,6,4
1962.88,1,0,0,14,6,4,0,0,0,0,0,0,0,0,0,6,0,0,0,6,0,0,0,0,0,0,0,0,0,0,0,0,6,8,6,2
1962.88,1,0,0,15,8,3,0,0,0,0,0,0,0,0,0,8,0,0,0,8,0,0,0,0,0,0,0,0,0,0,0,0,8,8,8,6
1962.88,1,0,0,16,5,1,0,0,0,0,0,0,0,0,0,5,0,0,0,5,0,0,0,0,0,0,0,0,0,0,0,0,5,6,5,3
1962.88,1,0,0,17,3,0,0,0,0,0,0,0,0,0,0,1,0,0,0,3,0,0,0,2,0,0,0,0,0,0,0,0,1,3,3,1
1962.88,1,0,0,18,8,4,0,0,0,0,0,0,0,0,0,8,0,0,0,8,0,0,0,0,0,0,0,0,0,0,0,0,8,10,8,4
1962.88,1,0,0,19,15,9,0,0,0,0,0,0,0,0,0,15,0,0,0,15,0,0,0,0,0,0,0,0,0,0,0,0,15,16,15,7
1962.88,1,0,0,20,11,5,0,0,0,0,0,0,0,0,0,11,0,0,0,11,0,0,0,0,0,0,0,0,0,0,0,0,11,16,11,5
1962.88,1,0,0,21,11,9,0,0,0,0,0,0,0,0,0,11,0,0,0,11,0,0,0,0,0,0,0,0,0,0,0,0,11,12,11,6
1962.88,1,0,0,22,6,3,0,0,0,0,0,0,0,0,0,6,0,0,0,6,0,0,0,0,0,0,0,0,0,0,0,0,6,8,6,4
1962.88,1,0,0,23,5,1,0,0,0,0,0,0,0,0,0,5,0,0,0,5,0,0,0,0,0,0,0,0,0,0,0,0,5,6,5,3
1962.88,1,0,0,24,6,2,0,0,0,0,0,0,0,0,0,6,0,0,0,6,0,0,0,0,0,0,0,0,0,0,0,0,6,7,6,1
1962.88,1,0,0,25,12,7,0,0,0,0,0,0,0,0,0,12,0,0,0,12,0,0,0,0,0,0,0,0,0,0,0,0,12,15,12,10
1962.88,1,0,0,26,7,3,0,0,0,0,0,0,0,0,0,6,0,0,0,7,0,0,0,1,0,0,0,0,0,0,0,0,6,7,7,4
1962.88,1,0,0,27,7,6,0,0,0,0,0,0,0,0,0,7,0,0,0,7,0,0,0,0,0,0,0,0,0,0,0,0,7,7,7,7
1962.88,1,0,0,28,5,3,0,0,0,0,0,0,0,0,0,5,0,0,0,5,0,0,0,0,0,0,0,0,0,0,0,0,5,5,5,4
1962.88,1,0,0,29,10,4,0,0,0,0,0,0,0,0,0,10,0,0,0,10,0,0,0,0,0,0,0,0,0,0,0,0,10,10,10,8
1962.88,1,0,0,30,4,1,0,0,0,0,0,0,0,0,0,4,0,0,0,4,0,0,0,0,0,0,0,0,0,0,0,0,4,4,4,4
1962.88,1,0,0,31,8,2,0,0,0,0,0,0,0,0,0,7,0,0,0,8,0,0,0,1,0,0,0,0,0,0,0,0,7,9,8,7
1962.88,1,0,0,32,6,5,0,0,0,0,0,0,0,0,0,6,0,0,0,6,0,0,0,0,0,0,0,0,0,0,0,0,6,6,6,6
1962.88,1,0,0,33,7,3,0,0,0,0,0,0,0,0,0,6,0,0,0,7,0,0,0,1,0,0,0,0,0,0,0,0,6,8,7,5
1962.88,1,0,0,34,5,3,0,0,0,0,0,0,0,0,0,5,0,0,0,5,0,0,0,0,0,0,0,0,0,0,0,0,5,5,5,4
1962.88,1,0,0,35,5,3,0,0,0,0,0,0,0,0,0,5,0,0,0,5,0,0,0,0,0,0,0,0,0,0,0,0,5,5,5,5
1962.88,1,0,0,36,10,4,0,0,0,0,0,0,0,0,0,10,0,0,0,10,0,0,0,0,0,0,0,0,0,0,0,0,10,10,10,10
1962.88,1,0,0,37,3,2,0,0,0,0,0,0,0,0,0,3,0,0,0,3,0,0,0,0,0,0,0,0,0,0,0,0,3,3,3,3
1962.88,1,0,0,38,5,1,0,0,0,0,0,0,0,0,0,5,0,0,0,5,0,0,0,0,0,0,0,0,0,0,0,0,5,5,5,5
1962.88,1,0,0,39,4,2,1,0,0,0,0,0,0,0,0,4,0,0,0,4,0,0,0,0,0,0,0,0,0,0,0,0,4,4,4,4
1962.88,1,0,0,40,4,2,0,0,0,0,0,0,0,0,0,4,0,0,0,4,0,0,0,0,0,0,0,0,0,0,0,0,4,4,4,4
1962.88,1,0,0,41,5,4,0,0,0,0,0,0,0,0,0,5,0,0,0,5,0,0,0,0,0,0,0,0,0,0,0,0,5,5,5,5
1962.88,1,0,0,42,5,3,0,0,0,0,0,0,0,0,0,5,0,0,0,5,0,0,0,0,0,0,0,0,0,0,0,0,5,5,5,5
1962.88,1,0,0,43,7,1,0,0,0,0,0,0,0,0,0,7,0,0,0,7,0,0,0,0,0,0,0,0,0,0,0,0,7,7,7,7
1962.88,1,0,0,44,5,5,1,0,0,0,0,0,0,0,0,5,0,0,0,5,0,0,0,0,0,0,0,0,0,0,0,0,5,5,5,5
1962.88,1,0,0,45,6,4,0,0,0,0,0,0,0,0,0,6,0,0,0,6,0,0,0,0,0,0,0,0,0,0,0,0,6,6,6,6
1962.88,1,0,0,46,3,3,0,0,0,0,0,0,0,0,0,3,0,0,0,3,0,0,0,0,0,0,0,0,0,0,0,0,3,3,3,3
1962.88,1,0,0,47,1,1,0,0,0,0,0,0,0,0,0,1,0,0,0,1,0,0,0,0,0,0,0,0,0,0,0,0,1,2,1,1
1962.88,1,0,0,48,2,0,0,0,0,0,0,0,0,0,0,2,0,0,0,2,0,0,0,0,0,0,0,0,0,0,0,0,2,2,2,2
1962.88,1,0,0,49,3,2,0,0,0,0,0,0,0,0,0,3,0,0,0,3,0,0,0,0,0,0,0,0,0,0,0,0,3,3,3,3
1962.88,1,0,0,50,2,2,0,0,1,1,0,0,0,0,0,1,0,0,0,2,0,0,0,0,0,0,0,0,0,0,0,0,1,2,2,2
1962.88,1,0,0,51,2,1,0,0,0,0,0,0,0,0,0,2,0,0,0,2,0,0,0,0,0,0,0,0,0,0,0,0,2,3,2,2
1962.88,1,0,0,52,4,2,0,0,0,0,0,0,0,0,0,4,0,0,0,4,0,0,0,0,0,0,0,0,0,0,0,0,4,4,4,4
1962.88,1,0,0,53,1,1,0,0,0,0,0,0,0,0,0,1,0,0,0,1,0,0,0,0,0,0,0,0,0,0,0,0,1,1,1,1
1962.88,1,0,0,54,2,2,0,0,0,0,0,0,0,0,0,2,0,0,0,2,0,0,0,0,0,0,0,0,0,0,0,0,2,2,2,2
1962.88,1,0,0,55,0,0,0,0,0,0,0,0,0,0,0,0,0,0,0,0,0,0,0,0,0,0,0,0,0,0,0,0,0,0,0,0
1962.88,1,0,0,56,3,1,0,0,0,0,0,0,0,0,0,3,0,0,0,3,0,0,0,0,0,0,0,0,0,0,0,0,3,3,3,2
1962.88,1,0,0,57,3,2,0,0,0,0,0,0,0,0,0,3,0,0,0,3,0,0,0,0,0,0,0,0,0,0,0,0,3,3,3,3
1962.88,1,0,0,58,2,1,0,0,0,0,0,0,0,0,0,2,0,0,0,2,0,0,0,0,0,0,0,0,0,0,0,0,2,2,2,2
1962.88,1,0,0,59,4,3,0,0,0,0,0,0,0,0,0,3,0,0,0,4,0,0,0,0,0,0,0,1,1,1,0,0,3,5,4,4
1962.88,1,0,0,60,2,1,0,0,0,0,0,0,0,0,0,2,0,0,0,2,0,0,0,0,0,0,0,0,0,0,0,0,2,2,2,2
1962.88,1,0,0,61,1,0,0,0,0,0,0,0,0,0,0,1,0,0,0,1,0,0,0,0,0,0,0,0,0,0,0,0,1,2,1,1
1962.88,1,0,0,62,4,2,0,0,1,0,0,0,0,0,0,4,0,0,0,4,0,0,0,0,0,0,0,0,0,0,0,0,4,4,4,4
1962.88,1,0,0,63,0,0,0,0,0,0,0,0,0,0,0,0,0,0,0,0,0,0,0,0,0,0,0,0,0,0,0,0,0,0,0,0
1962.88,1,0,0,64,5,1,0,0,0,0,0,0,0,0,0,5,0,0,0,5,0,0,0,0,0,0,0,0,0,0,0,0,5,5,5,5
1962.88,1,0,0,65,1,0,0,0,0,0,0,0,0,0,0,1,0,0,0,1,0,0,0,0,0,0,0,0,0,0,0,0,1,1,1,1
1962.88,1,0,0,66,1,0,0,0,0,0,0,0,0,0,0,1,0,0,0,1,0,0,0,0,0,0,0,0,0,0,0,0,1,1,1,1
1962.88,1,0,0,67,1,1,0,0,0,0,0,0,0,0,0,1,0,0,0,1,0,0,0,0,0,0,0,0,0,0,0,0,1,1,1,1
1962.88,1,0,0,68,1,0,0,0,0,0,0,0,0,0,0,1,0,0,0,1,0,0,0,0,0,0,0,0,0,0,0,0,1,1,1,1
1962.88,1,0,0,69,0,0,0,0,0,0,0,0,0,0,0,0,0,0,0,0,0,0,0,0,0,0,0,0,0,0,0,0,0,0,0,0
1962.88,1,0,0,70,1,1,0,0,0,0,0,0,0,0,0,1,0,0,0,1,0,0,0,0,0,0,0,0,0,0,0,0,1,1,1,1
1962.88,1,0,0,71,0,0,0,0,0,0,0,0,0,0,0,0,0,0,0,0,0,0,0,0,0,0,0,0,0,0,0,0,0,0,0,0
1962.88,1,0,0,72,0,0,0,0,0,0,0,0,0,0,0,0,0,0,0,0,0,0,0,0,0,0,0,0,0,0,0,0,0,0,0,0
1962.88,1,0,0,73,1,0,0,0,0,0,0,0,0,0,0,1,0,0,0,1,0,0,0,0,0,0,0,0,0,0,0,0,1,2,1,1
1962.88,1,0,0,74,0,0,0,0,0,0,0,0,0,0,0,0,0,0,0,0,0,0,0,0,0,0,0,0,0,0,0,0,0,0,0,0
1962.88,1,0,0,75,1,1,0,0,0,0,0,0,0,0,0,1,0,0,0,1,0,0,0,0,0,0,0,0,0,0,0,0,1,1,1,1
1962.88,1,0,0,76,1,1,0,0,0,0,0,0,0,0,0,1,0,0,0,1,0,0,0,0,0,0,0,0,0,0,0,0,1,2,1,1
1962.88,1,0,0,77,1,1,0,0,0,0,0,0,0,0,0,1,0,0,0,1,0,0,0,0,0,0,0,0,0,0,0,0,1,1,1,1
1962.88,1,0,0,78,0,0,0,0,0,0,0,0,0,0,0,0,0,0,0,0,0,0,0,0,0,0,0,0,0,0,0,0,0,0,0,0
1962.88,1,0,0,79,0,0,0,0,0,0,0,0,0,0,0,0,0,0,0,0,0,0,0,0,0,0,0,0,0,0,0,0,0,0,0,0
1962.88,1,0,0,80,0,0,0,0,0,0,0,0,0,0,0,0,0,0,0,0,0,0,0,0,0,0,0,0,0,0,0,0,0,0,0,0
1962.88,1,0,0,81,0,0,0,0,0,0,0,0,0,0,0,0,0,0,0,0,0,0,0,0,0,0,0,0,0,0,0,0,0,0,0,0
1962.88,1,0,0,82,0,0,0,0,0,0,0,0,0,0,0,0,0,0,0,0,0,0,0,0,0,0,0,0,0,0,0,0,0,0,0,0
1962.88,1,0,0,83,1,0,0,0,0,0,0,0,0,0,0,1,0,0,0,1,0,0,0,0,0,0,0,0,0,0,0,0,1,1,1,1
1962.88,1,0,0,84,0,0,0,0,0,0,0,0,0,0,0,0,0,0,0,0,0,0,0,0,0,0,0,0,0,0,0,0,0,0,0,0
1962.88,1,0,0,85,0,0,0,0,0,0,0,0,0,0,0,0,0,0,0,0,0,0,0,0,0,0,0,0,0,0,0,0,0,0,0,0
1962.88,1,0,0,86,0,0,0,0,0,0,0,0,0,0,0,0,0,0,0,0,0,0,0,0,0,0,0,0,0,0,0,0,0,0,0,0
1962.88,1,0,0,87,0,0,0,0,0,0,0,0,0,0,0,0,0,0,0,0,0,0,0,0,0,0,0,0,0,0,0,0,0,0,0,0
1962.88,1,0,0,88,0,0,0,0,0,0,0,0,0,0,0,0,0,0,0,0,0,0,0,0,0,0,0,0,0,0,0,0,0,0,0,0
1962.88,1,0,0,89,0,0,0,0,0,0,0,0,0,0,0,0,0,0,0,0,0,0,0,0,0,0,0,0,0,0,0,0,0,0,0,0
1962.88,1,0,0,90,0,0,0,0,0,0,0,0,0,0,0,0,0,0,0,0,0,0,0,0,0,0,0,0,0,0,0,0,0,0,0,0
1962.88,1,0,0,91,0,0,0,0,0,0,0,0,0,0,0,0,0,0,0,0,0,0,0,0,0,0,0,0,0,0,0,0,0,0,0,0
1962.88,1,0,0,92,0,0,0,0,0,0,0,0,0,0,0,0,0,0,0,0,0,0,0,0,0,0,0,0,0,0,0,0,0,0,0,0
1962.88,1,0,0,93,0,0,0,0,0,0,0,0,0,0,0,0,0,0,0,0,0,0,0,0,0,0,0,0,0,0,0,0,0,0,0,0
1962.88,1,0,0,94,0,0,0,0,0,0,0,0,0,0,0,0,0,0,0,0,0,0,0,0,0,0,0,0,0,0,0,0,0,0,0,0
1962.88,1,0,0,95,0,0,0,0,0,0,0,0,0,0,0,0,0,0,0,0,0,0,0,0,0,0,0,0,0,0,0,0,0,0,0,0
1962.88,1,0,0,96,0,0,0,0,0,0,0,0,0,0,0,0,0,0,0,0,0,0,0,0,0,0,0,0,0,0,0,0,0,0,0,0
1962.88,1,0,0,97,0,0,0,0,0,0,0,0,0,0,0,0,0,0,0,0,0,0,0,0,0,0,0,0,0,0,0,0,0,0,0,0
1962.88,1,0,0,98,0,0,0,0,0,0,0,0,0,0,0,0,0,0,0,0,0,0,0,0,0,0,0,0,0,0,0,0,0,0,0,0
1962.88,1,0,0,99,0,0,0,0,0,0,0,0,0,0,0,0,0,0,0,0,0,0,0,0,0,0,0,0,0,0,0,0,0,0,0,0
1962.88,1,0,1,0,0,0,0,0,0,0,0,0,0,0,0,0,0,0,0,0,0,0,0,0,0,0,0,0,0,0,0,0,0,0,0,0
1962.88,1,0,1,1,0,0,0,0,0,0,0,0,0,0,0,0,0,0,0,0,0,0,0,0,0,0,0,0,0,0,0,0,0,0,0,0
1962.88,1,0,1,2,4,3,0,0,0,0,0,0,0,0,0,4,0,0,0,4,0,0,0,0,0,0,0,0,0,0,0,0,4,4,4,0
1962.88,1,0,1,3,14,5,0,0,0,0,0,0,0,0,0,14,0,0,0,14,0,0,0,0,0,0,0,0,0,0,0,0,14,14,14,0
1962.88,1,0,1,4,12,4,0,0,0,0,0,0,0,0,0,12,0,0,0,12,0,0,0,0,0,0,0,0,0,0,0,0,12,15,12,0
1962.88,1,0,1,5,11,1,0,0,0,0,0,0,0,0,0,10,0,0,0,11,0,0,0,1,0,0,0,0,0,0,0,0,10,13,11,0
1962.88,1,0,1,6,9,4,0,0,0,0,0,0,0,0,0,9,0,0,0,9,0,0,0,0,0,0,0,0,0,0,0,0,9,11,9,0
1962.88,1,0,1,7,9,4,0,0,0,0,0,0,0,0,0,9,0,0,0,9,0,0,0,0,0,0,0,0,0,0,0,0,9,10,9,0
1962.88,1,0,1,8,7,4,0,0,0,0,0,0,0,0,0,7,0,0,0,7,0,0,0,0,0,0,0,0,0,0,0,0,7,9,7,0
1962.88,1,0,1,9,4,2,0,0,0,0,0,0,0,0,0,4,0,0,0,4,0,0,0,0,0,0,0,0,0,0,0,0,4,4,4,0
1962.88,1,0,1,10,6,5,0,0,0,0,0,0,0,0,0,5,0,0,0,6,0,0,0,1,0,0,0,0,0,0,0,0,5,6,6,0
1962.88,1,0,1,11,9,2,0,0,2,2,0,0,0,0,0,8,0,0,0,9,0,0,0,1,0,0,0,0,0,0,0,0,8,10,9,0
1962.88,1,0,1,12,7,2,0,0,0,0,0,0,0,0,0,7,0,0,0,7,0,0,0,0,0,0,0,0,0,0,0,0,7,8,7,3
1962.88,1,0,1,13,6,2,0,0,0,0,0,0,0,0,0,6,0,0,0,6,0,0,0,0,0,0,0,0,0,0,0,0,6,8,6,4
1962.88,1,0,1,14,12,5,0,0,0,0,0,0,0,0,0,11,0,0,0,12,0,0,0,1,0,0,0,0,0,0,0,0,11,12,12,5
1962.88,1,0,1,15,9,3,0,0,0,0,0,0,0,0,0,9,0,0,0,9,0,0,0,0,0,0,0,0,0,0,0,0,9,11,9,4
1962.88,1,0,1,16,8,3,0,0,0,0,0,0,0,0,0,8,0,0,0,8,0,0,0,0,0,0,0,0,0,0,0,0,8,8,8,5
1962.88,1,0,1,17,6,2,1,0,0,0,0,0,0,0,0,6,0,0,0,6,0,0,0,0,0,0,0,0,0,0,0,0,6,7,6,5
1962.88,1,0,1,18,10,4,0,0,0,0,0,0,0,0,0,9,0,0,0,10,0,0,0,1,0,0,0,0,0,0,0,0,9,13,10,3
1962.88,1,0,1,19,5,3,0,0,0,0,0,0,0,0,0,5,0,0,0,5,0,0,0,0,0,0,0,0,0,0,0,0,5,7,5,3
1962.88,1,0,1,20,10,4,0,0,0,0,0,0,0,0,0,9,0,0,0,10,0,0,0,1,0,0,0,0,0,0,0,0,9,12,10,6
1962.88,1,0,1,21,6,3,0,0,0,0,0,0,0,0,0,6,0,0,0,6,0,0,0,0,0,0,0,0,0,0,0,0,6,7,6,5
1962.88,1,0,1,22,9,4,0,0,0,0,0,0,0,0,0,9,0,0,0,9,0,0,0,0,0,0,0,0,0,0,0,0,9,10,9,5
1962.88,1,0,1,23,7,5,0,0,0,0,0,0,0,0,0,7,0,0,0,7,0,0,0,0,0,0,0,0,0,0,0,0,7,7,7,4
1962.88,1,0,1,24,9,7,0,0,0,0,0,0,0,0,0,9,0,0,0,9,0,0,0,0,0,0,0,0,0,0,0,0,9,11,9,5
1962.88,1,0,1,25,3,2,0,0,0,0,0,0,0,0,0,3,0,0,0,3,0,0,0,0,0,0,0,0,0,0,0,0,3,4,3,1
1962.88,1,0,1,26,8,4,0,0,0,0,0,0,0,0,0,8,0,0,0,8,0,0,0,0,0,0,0,0,0,0,0,0,8,8,8,6
1962.88,1,0,1,27,3,2,0,0,0,0,0,0,0,0,0,3,0,0,0,3,0,0,0,0,0,0,0,0,0,0,0,0,3,3,3,1
1962.88,1,0,1,28,6,4,0,0,0,0,0,0,0,0,0,6,0,0,0,6,0,0,0,0,0,0,0,0,0,0,0,0,6,7,6,3
1962.88,1,0,1,29,5,3,0,0,0,0,0,0,0,0,0,5,0,0,0,5,0,0,0,0,0,0,0,0,0,0,0,0,5,5,5,4
1962.88,1,0,1,30,8,5,0,0,0,0,0,0,0,0,0,8,0,0,0,8,0,0,0,0,0,0,0,0,0,0,0,0,8,9,8,6
1962.88,1,0,1,31,11,4,0,0,0,0,0,0,0,0,0,10,0,0,0,11,0,0,0,1,0,0,0,0,0,0,0,0,10,11,11,8
1962.88,1,0,1,32,10,6,0,0,0,0,0,0,0,0,0,10,0,0,0,10,0,0,0,0,0,0,0,0,0,0,0,0,10,10,10,10
1962.88,1,0,1,33,3,2,0,0,0,0,0,0,0,0,0,3,0,0,0,3,0,0,0,0,0,0,0,0,0,0,0,0,3,3,3,3
1962.88,1,0,1,34,6,2,0,0,0,0,0,0,0,0,0,6,0,0,0,6,0,0,0,0,0,0,0,0,0,0,0,0,6,6,6,5
1962.88,1,0,1,35,6,2,0,0,0,0,0,0,0,0,0,6,0,0,0,6,0,0,0,0,0,0,0,0,0,0,0,0,6,6,6,6
1962.88,1,0,1,36,4,0,0,0,0,0,0,0,0,0,0,4,0,0,0,4,0,0,0,0,0,0,0,0,0,0,0,0,4,4,4,4
1962.88,1,0,1,37,5,1,0,0,1,0,0,0,0,0,0,5,0,0,0,5,0,0,0,0,0,0,0,0,0,0,0,0,5,5,5,5
1962.88,1,0,1,38,7,4,0,0,0,0,0,0,0,0,0,7,0,0,0,7,0,0,0,0,0,0,0,0,0,0,0,0,7,8,7,7
1962.88,1,0,1,39,6,2,0,0,0,0,0,0,0,0,0,6,0,0,0,6,0,0,0,0,0,0,0,0,0,0,0,0,6,6,6,6
1962.88,1,0,1,40,6,1,0,0,1,1,0,0,0,0,0,6,0,0,0,6,0,0,0,0,0,0,0,0,0,0,0,0,6,6,6,6
1962.88,1,0,1,41,3,3,0,0,0,0,0,0,0,0,0,3,0,0,0,3,0,0,0,0,0,0,0,0,0,0,0,0,3,3,3,3
1962.88,1,0,1,42,1,0,0,0,0,0,0,0,0,0,0,1,0,0,0,1,0,0,0,0,0,0,0,0,0,0,0,0,1,1,1,1
1962.88,1,0,1,43,8,7,0,0,0,0,0,0,0,0,0,8,0,0,0,8,0,0,0,0,0,0,0,0,0,0,0,0,8,8,8,8
1962.88,1,0,1,44,4,1,0,0,0,0,0,0,0,0,0,4,0,0,0,4,0,0,0,0,0,0,0,0,0,0,0,0,4,4,4,4
1962.88,1,0,1,45,3,0,0,0,0,0,0,0,0,0,0,3,0,0,0,3,0,0,0,0,0,0,0,0,0,0,0,0,3,3,3,3
1962.88,1,0,1,46,4,2,0,0,0,0,0,0,0,0,0,4,0,0,0,4,0,0,0,0,0,0,0,0,0,0,0,0,4,4,4,4
1962.88,1,0,1,47,2,0,0,0,0,0,0,0,0,0,0,2,0,0,0,2,0,0,0,0,0,0,0,0,0,0,0,0,2,2,2,2
1962.88,1,0,1,48,5,4,0,0,0,0,0,0,0,0,0,5,0,0,0,5,0,0,0,0,0,0,0,0,0,0,0,0,5,5,5,5
1962.88,1,0,1,49,6,2,0,0,0,0,0,0,0,0,0,5,0,0,0,6,0,0,0,0,0,0,0,0,0,0,0,0,5,6,6,6
1962.88,1,0,1,50,0,0,0,0,0,0,0,0,0,0,0,0,0,0,0,0,0,0,0,0,0,0,0,0,0,0,0,0,0,0,0,0
1962.88,1,0,1,51,4,2,0,0,0,0,0,0,0,0,0,4,0,0,0,4,0,0,0,0,0,0,0,0,0,0,0,0,4,4,4,4
1962.88,1,0,1,52,5,3,0,0,0,0,0,0,0,0,0,5,0,0,0,5,0,0,0,0,0,0,0,0,0,0,0,0,5,5,5,5
1962.88,1,0,1,53,0,0,0,0,1,0,0,0,0,0,0,0,0,0,0,0,0,0,0,0,0,0,0,0,0,0,0,0,0,0,0,0
1962.88,1,0,1,54,3,2,0,0,0,0,0,0,0,0,0,3,0,0,0,3,0,0,0,0,0,0,0,0,0,0,0,0,3,3,3,3
1962.88,1,0,1,55,6,5,0,0,0,0,0,0,0,0,0,6,0,0,0,6,0,0,0,0,0,0,0,0,0,0,0,0,6,7,6,6
1962.88,1,0,1,56,5,2,0,0,0,0,0,0,0,0,0,5,0,0,0,5,0,0,0,0,0,0,0,0,0,0,0,0,5,6,5,5
1962.88,1,0,1,57,7,3,0,0,0,0,0,0,0,0,0,7,0,0,0,7,0,0,0,0,0,0,0,0,0,0,0,0,7,7,7,7
1962.88,1,0,1,58,2,1,0,0,0,0,0,0,0,0,0,2,0,0,0,2,0,0,0,0,0,0,0,0,0,0,0,0,2,2,2,2
1962.88,1,0,1,59,2,1,0,0,0,0,0,0,0,0,0,2,0,0,0,2,0,0,0,0,0,0,0,0,0,0,0,0,2,2,2,2
1962.88,1,0,1,60,1,0,0,0,0,0,0,0,0,0,0,1,0,0,0,1,0,0,0,0,0,0,0,0,0,0,0,0,1,1,1,1
1962.88,1,0,1,61,2,2,0,0,0,0,0,0,0,0,0,2,0,0,0,2,0,0,0,0,0,0,0,0,0,0,0,0,2,2,2,2
1962.88,1,0,1,62,0,0,0,0,0,0,0,0,0,0,0,0,0,0,0,0,0,0,0,0,0,0,0,0,0,0,0,0,0,0,0,0
1962.88,1,0,1,63,0,0,0,0,0,0,0,0,0,0,0,0,0,0,0,0,0,0,0,0,0,0,0,0,0,0,0,0,0,0,0,0
1962.88,1,0,1,64,1,1,0,0,0,0,0,0,0,0,0,1,0,0,0,1,0,0,0,0,0,0,0,0,0,0,0,0,1,1,1,1
1962.88,1,0,1,65,2,0,0,0,0,0,0,0,0,0,0,2,0,0,0,2,0,0,0,0,0,0,0,0,0,0,0,0,2,3,2,2
1962.88,1,0,1,66,1,1,0,0,0,0,0,0,0,0,0,1,0,0,0,1,0,0,0,0,0,0,0,0,0,0,0,0,1,2,1,1
1962.88,1,0,1,67,1,1,0,0,0,0,0,0,0,0,0,1,0,0,0,1,0,0,0,0,0,0,0,0,0,0,0,0,1,2,1,1
1962.88,1,0,1,68,0,0,0,0,0,0,0,0,0,0,0,0,0,0,0,0,0,0,0,0,0,0,0,0,0,0,0,0,0,0,0,0
1962.88,1,0,1,69,1,0,0,0,0,0,0,0,0,0,0,1,0,0,0,1,0,0,0,0,0,0,0,0,0,0,0,0,1,1,1,1
1962.88,1,0,1,70,1,1,0,0,0,0,0,0,0,0,0,1,0,0,0,1,0,0,0,0,0,0,0,0,0,0,0,0,1,1,1,1
1962.88,1,0,1,71,1,0,0,0,0,0,0,0,0,0,0,1,0,0,0,1,0,0,0,0,0,0,0,0,0,0,0,0,1,2,1,1
1962.88,1,0,1,72,3,3,0,0,1,0,0,0,0,0,0,3,0,0,0,3,0,0,0,0,0,0,0,0,0,0,0,0,3,4,3,3
1962.88,1,0,1,73,0,0,0,0,0,0,0,0,0,0,0,0,0,0,0,0,0,0,0,0,0,0,0,0,0,0,0,0,0,0,0,0
1962.88,1,0,1,74,3,3,0,0,0,0,0,0,0,0,0,3,0,0,0,3,0,0,0,0,0,0,0,0,0,0,0,0,3,3,3,3
1962.88,1,0,1,75,1,1,0,0,0,0,0,0,0,0,0,1,0,0,0,1,0,0,0,0,0,0,0,0,0,0,0,0,1,1,1,1
1962.88,1,0,1,76,2,1,0,0,0,0,0,0,0,0,0,2,0,0,0,2,0,0,0,0,0,0,0,0,0,0,0,0,2,2,2,2
1962.88,1,0,1,77,0,0,0,0,0,0,0,0,0,0,0,0,0,0,0,0,0,0,0,0,0,0,0,0,0,0,0,0,0,0,0,0
1962.88,1,0,1,78,1,1,0,0,0,0,0,0,0,0,0,1,0,0,0,1,0,0,0,0,0,0,0,0,0,0,0,0,1,1,1,1
1962.88,1,0,1,79,0,0,0,0,0,0,0,0,0,0,0,0,0,0,0,0,0,0,0,0,0,0,0,0,0,0,0,0,0,0,0,0
1962.88,1,0,1,80,1,0,0,0,0,0,0,0,0,0,0,1,0,0,0,1,0,0,0,0,0,0,0,0,0,0,0,0,1,1,1,1
1962.88,1,0,1,81,0,0,0,0,0,0,0,0,0,0,0,0,0,0,0,0,0,0,0,0,0,0,0,0,0,0,0,0,0,0,0,0
1962.88,1,0,1,82,0,0,0,0,0,0,0,0,0,0,0,0,0,0,0,0,0,0,0,0,0,0,0,0,0,0,0,0,0,0,0,0
1962.88,1,0,1,83,0,0,0,0,0,0,0,0,0,0,0,0,0,0,0,0,0,0,0,0,0,0,0,0,0,0,0,0,0,0,0,0
1962.88,1,0,1,84,0,0,0,0,0,0,0,0,0,0,0,0,0,0,0,0,0,0,0,0,0,0,0,0,0,0,0,0,0,0,0,0
1962.88,1,0,1,85,0,0,0,0,0,0,0,0,0,0,0,0,0,0,0,0,0,0,0,0,0,0,0,0,0,0,0,0,0,0,0,0
1962.88,1,0,1,86,0,0,0,0,0,0,0,0,0,0,0,0,0,0,0,0,0,0,0,0,0,0,0,0,0,0,0,0,0,0,0,0
1962.88,1,0,1,87,0,0,0,0,0,0,0,0,0,0,0,0,0,0,0,0,0,0,0,0,0,0,0,0,0,0,0,0,0,0,0,0
1962.88,1,0,1,88,0,0,0,0,0,0,0,0,0,0,0,0,0,0,0,0,0,0,0,0,0,0,0,0,0,0,0,0,0,0,0,0
1962.88,1,0,1,89,0,0,0,0,0,0,0,0,0,0,0,0,0,0,0,0,0,0,0,0,0,0,0,0,0,0,0,0,0,0,0,0
1962.88,1,0,1,90,0,0,0,0,0,0,0,0,0,0,0,0,0,0,0,0,0,0,0,0,0,0,0,0,0,0,0,0,0,0,0,0
1962.88,1,0,1,91,0,0,0,0,0,0,0,0,0,0,0,0,0,0,0,0,0,0,0,0,0,0,0,0,0,0,0,0,0,0,0,0
1962.88,1,0,1,92,0,0,0,0,0,0,0,0,0,0,0,0,0,0,0,0,0,0,0,0,0,0,0,0,0,0,0,0,0,0,0,0
1962.88,1,0,1,93,0,0,0,0,0,0,0,0,0,0,0,0,0,0,0,0,0,0,0,0,0,0,0,0,0,0,0,0,0,0,0,0
1962.88,1,0,1,94,0,0,0,0,0,0,0,0,0,0,0,0,0,0,0,0,0,0,0,0,0,0,0,0,0,0,0,0,0,0,0,0
1962.88,1,0,1,95,0,0,0,0,0,0,0,0,0,0,0,0,0,0,0,0,0,0,0,0,0,0,0,0,0,0,0,0,0,0,0,0
1962.88,1,0,1,96,0,0,0,0,0,0,0,0,0,0,0,0,0,0,0,0,0,0,0,0,0,0,0,0,0,0,0,0,0,0,0,0
1962.88,1,0,1,97,0,0,0,0,0,0,0,0,0,0,0,0,0,0,0,0,0,0,0,0,0,0,0,0,0,0,0,0,0,0,0,0
1962.88,1,0,1,98,0,0,0,0,0,0,0,0,0,0,0,0,0,0,0,0,0,0,0,0,0,0,0,0,0,0,0,0,0,0,0,0
1962.88,1,0,1,99,0,0,0,0,0,0,0,0,0,0,0,0,0,0,0,0,0,0,0,0,0,0,0,0,0,0,0,0,0,0,0,0
1962.88,1,1,0,0,36,2,1,0,0,0,0,0,0,0,0,0,0,0,0,0,0,0,0,0,0,0,0,0,0,0,0,0,0,0,0,0
1962.88,1,1,0,1,36,3,0,0,0,0,0,0,0,0,0,32,0,0,0,32,0,0,0,0,0,0,0,0,0,0,0,0,32,32,36,0
1962.88,1,1,0,2,26,7,0,0,1,0,0,0,0,0,0,26,0,0,0,26,0,0,0,0,0,0,0,0,0,0,0,0,26,28,26,0
1962.88,1,1,0,3,17,9,0,0,0,0,0,0,0,0,0,17,0,0,0,17,0,0,0,0,0,0,0,0,0,0,0,0,17,18,17,0
1962.88,1,1,0,4,26,10,0,0,0,0,0,0,0,0,0,26,0,0,0,26,0,0,0,0,0,0,0,0,0,0,0,0,26,35,26,0
1962.88,1,1,0,5,24,6,0,0,0,0,0,0,0,0,0,24,0,0,0,24,0,0,0,0,0,0,0,0,0,0,0,0,24,31,24,0
1962.88,1,1,0,6,20,8,0,0,0,0,0,0,0,0,0,20,0,0,0,20,0,0,0,0,0,0,0,0,0,0,0,0,20,26,20,0
1962.88,1,1,0,7,15,8,0,0,0,0,0,0,0,0,0,15,0,0,0,15,0,0,0,0,0,0,0,0,0,0,0,0,15,19,15,0
1962.88,1,1,0,8,16,6,0,0,0,0,0,0,0,0,0,16,0,0,0,16,0,0,0,0,0,0,0,0,0,0,0,0,16,19,16,0
1962.88,1,1,0,9,11,4,0,0,0,0,0,0,0,0,0,11,0,0,0,11,0,0,0,0,0,0,0,0,0,0,0,0,11,18,11,0
1962.88,1,1,0,10,22,6,0,0,0,0,0,0,0,0,0,22,0,0,0,22,0,0,0,0,0,0,0,0,0,0,0,0,22,28,22,0
1962.88,1,1,0,11,12,3,0,0,0,0,0,0,0,0,0,12,0,0,0,12,0,0,0,0,0,0,0,0,0,0,0,0,12,15,12,0
1962.88,1,1,0,12,16,6,0,0,0,0,0,0,0,0,0,16,0,0,0,16,0,0,0,0,0,0,0,0,0,0,0,0,16,19,16,9
1962.88,1,1,0,13,13,6,0,0,0,0,0,0,0,0,0,13,0,0,0,13,0,0,0,0,0,0,0,0,0,0,0,0,13,14,13,9
1962.88,1,1,0,14,7,3,0,0,1,1,0,0,0,0,0,7,0,0,0,7,0,0,0,0,0,0,0,0,0,0,0,0,7,7,7,5
1962.88,1,1,0,15,8,3,0,0,0,0,0,0,0,0,0,8,0,0,0,8,0,0,0,0,0,0,0,0,0,0,0,0,8,9,8,3
1962.88,1,1,0,16,15,5,0,0,0,0,0,0,0,0,0,15,0,0,0,15,0,0,0,0,0,0,0,0,0,0,0,0,15,20,15,12
1962.88,1,1,0,17,16,7,0,0,0,0,0,0,0,0,0,16,0,0,0,16,0,0,0,0,0,0,0,0,0,0,0,0,16,18,16,10
1962.88,1,1,0,18,12,6,0,0,0,0,0,0,0,0,0,12,0,0,0,12,0,0,0,0,0,0,0,0,0,0,0,0,12,19,12,10
1962.88,1,1,0,19,15,8,0,0,0,0,0,0,0,0,0,15,0,0,0,15,0,0,0,0,0,0,0,0,0,0,0,0,15,17,15,11
1962.88,1,1,0,20,19,10,0,0,0,0,0,0,0,0,0,19,0,0,0,19,0,0,0,0,0,0,0,0,0,0,0,0,19,26,19,17
1962.88,1,1,0,21,27,15,0,0,0,0,0,0,0,0,0,27,0,0,0,27,0,0,0,0,0,0,0,0,0,0,0,0,27,33,27,21
1962.88,1,1,0,22,16,6,0,0,0,0,0,0,0,0,0,16,0,0,0,16,0,0,0,0,0,0,0,0,0,0,0,0,16,20,16,11
1962.88,1,1,0,23,7,5,1,0,0,0,0,0,0,0,0,7,0,0,0,7,0,0,0,0,0,0,0,0,0,0,0,0,7,9,7,7
1962.88,1,1,0,24,17,11,0,0,0,0,0,0,0,0,0,17,0,0,0,17,0,0,0,0,0,0,0,0,0,0,0,0,17,17,17,10
1962.88,1,1,0,25,14,8,0,0,0,0,0,0,0,0,0,14,0,0,0,14,0,0,0,0,0,0,0,0,0,0,0,0,14,17,14,12
1962.88,1,1,0,26,13,3,0,0,0,0,0,0,0,0,0,13,0,0,0,13,0,0,0,0,0,0,0,0,0,0,0,0,13,13,13,10
1962.88,1,1,0,27,17,11,0,0,0,0,0,0,0,0,0,17,0,0,0,17,0,0,0,0,0,0,0,0,0,0,0,0,17,18,17,15
1962.88,1,1,0,28,15,8,1,0,0,0,0,0,0,0,0,15,0,0,0,15,0,0,0,0,0,0,0,0,0,0,0,0,15,17,15,13
1962.88,1,1,0,29,9,4,0,0,0,0,0,0,0,0,0,9,0,0,0,9,0,0,0,0,0,0,0,0,0,0,0,0,9,9,9,8
1962.88,1,1,0,30,12,8,0,0,0,0,0,0,0,0,0,12,0,0,0,12,0,0,0,0,0,0,0,0,0,0,0,0,12,13,12,12
1962.88,1,1,0,31,12,5,0,0,0,0,0,0,0,0,0,12,0,0,0,12,0,0,0,0,0,0,0,0,0,0,0,0,12,14,12,12
1962.88,1,1,0,32,10,5,0,0,0,0,0,0,0,0,0,10,0,0,0,10,0,0,0,0,0,0,0,0,0,0,0,0,10,10,10,9
1962.88,1,1,0,33,12,5,0,0,0,0,0,0,0,0,0,12,0,0,0,12,0,0,0,0,0,0,0,0,0,0,0,0,12,12,12,12
1962.88,1,1,0,34,11,6,0,0,1,0,0,0,0,0,0,11,0,0,0,11,0,0,0,0,0,0,0,0,0,0,0,0,11,11,11,11
1962.88,1,1,0,35,18,10,0,0,0,0,0,0,0,0,0,18,0,0,0,18,0,0,0,0,0,0,0,0,0,0,0,0,18,20,18,18
1962.88,1,1,0,36,11,6,0,0,0,0,0,0,0,0,0,10,0,0,0,11,0,0,0,1,0,0,0,0,0,0,0,0,10,12,11,11
1962.88,1,1,0,37,7,3,0,0,0,0,0,0,0,0,0,7,0,0,0,7,0,0,0,0,0,0,0,0,0,0,0,0,7,7,7,7
1962.88,1,1,0,38,9,7,0,0,1,1,0,0,0,0,0,7,0,0,0,9,0,0,0,2,0,0,0,0,0,0,0,0,7,9,9,9
1962.88,1,1,0,39,13,6,0,0,0,0,0,0,0,0,0,12,0,0,0,13,0,0,0,1,0,0,0,0,0,0,0,0,12,14,13,13
1962.88,1,1,0,40,9,4,0,0,0,0,0,0,0,0,0,6,0,0,0,8,0,0,0,2,0,0,0,0,0,0,0,0,6,8,9,8
1962.88,1,1,0,41,9,6,0,0,0,0,0,0,0,0,0,9,0,0,0,9,0,0,0,0,0,0,0,0,0,0,0,0,9,9,9,9
1962.88,1,1,0,42,9,4,0,0,0,0,0,0,0,0,0,6,0,0,0,6,0,0,0,3,0,0,0,0,0,0,0,0,6,6,9,6
1962.88,1,1,0,43,3,2,0,0,0,0,0,0,0,0,0,1,0,0,0,2,0,0,0,2,0,0,0,0,0,0,0,0,1,2,3,2
1962.88,1,1,0,44,12,4,0,0,1,1,0,0,0,0,0,9,0,0,0,10,0,0,0,3,0,0,0,0,0,0,0,0,9,10,12,10
1962.88,1,1,0,45,5,2,0,0,0,0,0,0,0,0,0,4,0,0,0,4,0,0,0,1,0,0,0,0,0,0,0,0,4,4,5,4
1962.88,1,1,0,46,12,8,0,0,0,0,0,0,0,0,0,9,0,0,0,11,0,0,0,3,0,0,0,0,0,0,0,0,9,11,12,11
1962.88,1,1,0,47,8,5,0,0,0,0,0,0,0,0,0,4,0,0,0,4,0,0,0,4,0,0,0,0,0,0,0,0,4,4,8,4
1962.88,1,1,0,48,9,3,0,0,0,0,0,0,0,0,0,7,0,0,0,7,0,0,0,2,0,0,0,0,0,0,0,0,7,7,9,7
1962.88,1,1,0,49,12,5,0,0,1,1,0,0,0,0,0,8,0,0,0,10,0,0,0,4,0,0,0,0,0,0,0,0,8,10,12,10
1962.88,1,1,0,50,5,3,0,0,0,0,0,0,0,0,0,5,0,0,0,5,0,0,0,0,0,0,0,0,0,0,0,0,5,5,5,5
1962.88,1,1,0,51,10,7,0,0,0,0,0,0,0,0,0,8,0,0,0,10,0,0,0,2,0,0,0,0,0,0,0,0,8,10,10,10
1962.88,1,1,0,52,2,0,0,0,0,0,0,0,0,0,0,2,0,0,0,2,0,0,0,0,0,0,0,0,0,0,0,0,2,2,2,2
1962.88,1,1,0,53,8,3,0,0,1,1,0,0,0,0,0,7,0,0,0,8,0,0,0,0,0,0,0,0,0,0,0,0,7,8,8,8
1962.88,1,1,0,54,5,2,0,0,0,0,0,0,0,0,0,5,0,0,0,5,0,0,0,0,0,0,0,0,0,0,0,0,5,6,5,5
1962.88,1,1,0,55,5,2,0,0,0,0,0,0,0,0,0,5,0,0,0,5,0,0,0,0,0,0,0,0,0,0,0,0,5,5,5,5
1962.88,1,1,0,56,5,1,0,0,0,0,0,0,0,0,0,5,0,0,0,5,0,0,0,0,0,0,0,0,0,0,0,0,5,5,5,5
1962.88,1,1,0,57,1,1,0,0,0,0,0,0,0,0,0,1,0,0,0,1,0,0,0,0,0,0,0,0,0,0,0,0,1,1,1,1
1962.88,1,1,0,58,4,3,1,0,0,0,0,0,0,0,0,4,0,0,0,4,0,0,0,0,0,0,0,0,0,0,0,0,4,4,4,4
1962.88,1,1,0,59,3,2,0,0,0,0,0,0,0,0,0,3,0,0,0,3,0,0,0,0,0,0,0,0,0,0,0,0,3,3,3,3
1962.88,1,1,0,60,8,2,0,0,0,0,0,0,0,0,0,7,0,0,0,7,0,0,0,1,0,0,0,0,0,0,0,0,7,7,8,7
1962.88,1,1,0,61,2,1,0,0,0,0,0,0,0,0,0,1,0,0,0,2,0,0,0,1,0,0,0,0,0,0,0,0,1,2,2,2
1962.88,1,1,0,62,8,4,0,0,0,0,0,0,0,0,0,6,0,0,0,7,0,0,0,2,0,0,0,0,0,0,0,0,6,7,8,7
1962.88,1,1,0,63,1,0,0,0,0,0,0,0,0,0,0,0,0,0,0,1,0,0,0,1,0,0,0,0,0,0,0,0,0,1,1,1
1962.88,1,1,0,64,4,2,1,0,0,0,0,0,0,0,0,4,0,0,0,4,0,0,0,0,0,0,0,0,0,0,0,0,4,4,4,4
1962.88,1,1,0,65,2,2,0,0,0,0,0,0,0,0,0,2,0,0,0,2,0,0,0,0,0,0,0,0,0,0,0,0,2,2,2,2
1962.88,1,1,0,66,4,2,0,0,1,1,0,0,0,0,0,1,0,0,0,1,0,0,0,3,0,0,0,0,0,0,0,0,1,1,4,1
1962.88,1,1,0,67,4,2,0,0,0,0,0,0,0,0,0,1,0,0,0,1,0,0,0,3,0,0,0,0,0,0,0,0,1,1,4,1
1962.88,1,1,0,68,1,0,0,0,0,0,0,0,0,0,0,1,0,0,0,1,0,0,0,0,0,0,0,0,0,0,0,0,1,1,1,1
1962.88,1,1,0,69,1,1,0,0,0,0,0,0,0,0,0,0,0,0,0,1,0,0,0,1,0,0,0,0,0,0,0,0,0,1,1,1
1962.88,1,1,0,70,2,2,0,0,0,0,0,0,0,0,0,2,0,0,0,2,0,0,0,0,0,0,0,0,0,0,0,0,2,2,2,2
1962.88,1,1,0,71,3,2,0,0,0,0,0,0,0,0,0,1,0,0,0,2,0,0,0,2,0,0,0,0,0,0,0,0,1,2,3,2
1962.88,1,1,0,72,2,1,0,0,0,0,0,0,0,0,0,0,0,0,0,0,0,0,0,2,0,0,0,0,0,0,0,0,0,0,2,0
1962.88,1,1,0,73,1,1,0,0,1,1,0,0,0,0,0,0,0,0,0,0,0,0,0,1,0,0,0,0,0,0,0,0,0,0,1,0
1962.88,1,1,0,74,2,0,0,0,0,0,0,0,0,0,0,0,0,0,0,0,0,0,0,2,0,0,0,0,0,0,0,0,0,0,2,0
1962.88,1,1,0,75,3,2,0,0,0,0,0,0,0,0,0,1,0,0,0,2,0,0,0,2,0,0,0,0,0,0,0,0,1,2,3,2
1962.88,1,1,0,76,3,1,0,0,0,0,0,0,0,0,0,1,0,0,0,1,0,0,0,2,0,0,0,0,0,0,0,0,1,1,3,1
1962.88,1,1,0,77,0,0,0,0,0,0,0,0,0,0,0,0,0,0,0,0,0,0,0,0,0,0,0,0,0,0,0,0,0,0,0,0
1962.88,1,1,0,78,1,0,0,0,0,0,0,0,0,0,0,0,0,0,0,0,0,0,0,1,0,0,0,0,0,0,0,0,0,0,1,0
1962.88,1,1,0,79,1,0,0,0,0,0,0,0,0,0,0,0,0,0,0,0,0,0,0,1,0,0,0,0,0,0,0,0,0,0,1,0
1962.88,1,1,0,80,0,0,0,0,0,0,0,0,0,0,0,0,0,0,0,0,0,0,0,0,0,0,0,0,0,0,0,0,0,0,0,0
1962.88,1,1,0,81,2,0,0,0,0,0,0,0,0,0,0,0,0,0,0,0,0,0,0,2,0,0,0,0,0,0,0,0,0,0,2,0
1962.88,1,1,0,82,0,0,0,0,0,0,0,0,0,0,0,0,0,0,0,0,0,0,0,0,0,0,0,0,0,0,0,0,0,0,0,0
1962.88,1,1,0,83,1,0,0,0,0,0,0,0,0,0,0,0,0,0,0,0,0,0,0,1,0,0,0,0,0,0,0,0,0,0,1,0
1962.88,1,1,0,84,0,0,0,0,0,0,0,0,0,0,0,0,0,0,0,0,0,0,0,0,0,0,0,0,0,0,0,0,0,0,0,0
1962.88,1,1,0,85,0,0,0,0,0,0,0,0,0,0,0,0,0,0,0,0,0,0,0,0,0,0,0,0,0,0,0,0,0,0,0,0
1962.88,1,1,0,86,0,0,0,0,0,0,0,0,0,0,0,0,0,0,0,0,0,0,0,0,0,0,0,0,0,0,0,0,0,0,0,0
1962.88,1,1,0,87,0,0,0,0,0,0,0,0,0,0,0,0,0,0,0,0,0,0,0,0,0,0,0,0,0,0,0,0,0,0,0,0
1962.88,1,1,0,88,0,0,0,0,0,0,0,0,0,0,0,0,0,0,0,0,0,0,0,0,0,0,0,0,0,0,0,0,0,0,0,0
1962.88,1,1,0,89,0,0,0,0,0,0,0,0,0,0,0,0,0,0,0,0,0,0,0,0,0,0,0,0,0,0,0,0,0,0,0,0
1962.88,1,1,0,90,0,0,0,0,1,0,0,0,0,0,0,0,0,0,0,0,0,0,0,0,0,0,0,0,0,0,0,0,0,0,0,0
1962.88,1,1,0,91,1,1,0,0,0,0,0,0,0,0,0,0,0,0,0,1,0,0,0,1,0,0,0,0,0,0,0,0,0,1,1,1
1962.88,1,1,0,92,0,0,0,0,0,0,0,0,0,0,0,0,0,0,0,0,0,0,0,0,0,0,0,0,0,0,0,0,0,0,0,0
1962.88,1,1,0,93,0,0,0,0,0,0,0,0,0,0,0,0,0,0,0,0,0,0,0,0,0,0,0,0,0,0,0,0,0,0,0,0
1962.88,1,1,0,94,0,0,0,0,0,0,0,0,0,0,0,0,0,0,0,0,0,0,0,0,0,0,0,0,0,0,0,0,0,0,0,0
1962.88,1,1,0,95,0,0,0,0,0,0,0,0,0,0,0,0,0,0,0,0,0,0,0,0,0,0,0,0,0,0,0,0,0,0,0,0
1962.88,1,1,0,96,0,0,0,0,0,0,0,0,0,0,0,0,0,0,0,0,0,0,0,0,0,0,0,0,0,0,0,0,0,0,0,0
1962.88,1,1,0,97,0,0,0,0,0,0,0,0,0,0,0,0,0,0,0,0,0,0,0,0,0,0,0,0,0,0,0,0,0,0,0,0
1962.88,1,1,0,98,0,0,0,0,0,0,0,0,0,0,0,0,0,0,0,0,0,0,0,0,0,0,0,0,0,0,0,0,0,0,0,0
1962.88,1,1,0,99,0,0,0,0,0,0,0,0,0,0,0,0,0,0,0,0,0,0,0,0,0,0,0,0,0,0,0,0,0,0,0,0
1963.38,1,0,0,0,31,1,1,0,2,1,0,0,0,0,0,0,0,0,0,0,0,0,0,0,0,0,0,0,0,0,0,0,0,0,0,0
1963.38,1,0,0,1,32,2,0,0,0,0,0,0,0,0,0,0,0,0,0,0,0,0,0,30,0,0,0,0,0,0,0,0,0,0,32,0
1963.38,1,0,0,2,23,3,0,0,0,0,0,0,0,0,0,14,0,0,0,15,0,0,0,9,0,0,0,0,0,0,0,0,14,15,23,0
1963.38,1,0,0,3,17,4,0,0,0,0,0,0,0,0,0,16,0,0,0,17,0,0,0,1,0,0,0,0,0,0,0,0,16,18,17,0
1963.38,1,0,0,4,8,1,0,0,0,0,0,0,0,0,0,8,0,0,0,8,0,0,0,0,0,0,0,0,0,0,0,0,8,10,8,0
1963.38,1,0,0,5,10,4,0,0,0,0,0,0,0,0,0,10,0,0,0,10,0,0,0,0,0,0,0,0,0,0,0,0,10,12,10,0
1963.38,1,0,0,6,10,1,0,0,0,0,0,0,0,0,0,10,0,0,0,10,0,0,0,0,0,0,0,0,0,0,0,0,10,12,10,0
1963.38,1,0,0,7,10,5,0,0,0,0,0,0,0,0,0,10,0,0,0,10,0,0,0,0,0,0,0,0,0,0,0,0,10,11,10,0
1963.38,1,0,0,8,4,1,0,0,0,0,0,0,0,0,0,4,0,0,0,4,0,0,0,0,0,0,0,0,0,0,0,0,4,4,4,0
1963.38,1,0,0,9,7,1,0,0,0,0,0,0,0,0,0,7,0,0,0,7,0,0,0,0,0,0,0,0,0,0,0,0,7,8,7,0
1963.38,1,0,0,10,9,2,0,0,0,0,0,0,0,0,0,9,0,0,0,9,0,0,0,0,0,0,0,0,0,0,0,0,9,9,9,0
1963.38,1,0,0,11,6,1,0,0,0,0,0,0,0,0,0,6,0,0,0,6,0,0,0,0,0,0,0,0,0,0,0,0,6,10,6,0
1963.38,1,0,0,12,3,0,0,0,0,0,0,0,0,0,0,3,0,0,0,3,0,0,0,0,0,0,0,0,0,0,0,0,3,3,3,1
1963.38,1,0,0,13,3,2,0,0,0,0,0,0,0,0,0,3,0,0,0,3,0,0,0,0,0,0,0,0,0,0,0,0,3,4,3,2
1963.38,1,0,0,14,7,4,0,0,0,0,0,0,0,0,0,7,0,0,0,7,0,0,0,0,0,0,0,0,0,0,0,0,7,7,7,4
1963.38,1,0,0,15,9,4,0,0,0,0,0,0,0,0,0,9,0,0,0,9,0,0,0,0,0,0,0,0,0,0,0,0,9,11,9,6
1963.38,1,0,0,16,5,2,0,0,0,0,0,0,0,0,0,4,0,0,0,5,0,0,0,1,0,0,0,0,0,0,0,0,4,5,5,3
1963.38,1,0,0,17,3,0,0,0,0,0,0,0,0,0,0,3,0,0,0,3,0,0,0,0,0,0,0,0,0,0,0,0,3,4,3,1
1963.38,1,0,0,18,6,1,0,0,0,0,0,0,0,0,0,4,0,0,0,6,0,0,0,2,0,0,0,0,0,0,0,0,4,7,6,1
1963.38,1,0,0,19,12,8,0,0,1,0,0,0,0,0,0,11,0,0,0,12,0,0,0,0,0,0,0,0,0,0,0,0,11,13,12,8
1963.38,1,0,0,20,15,9,1,0,0,0,0,0,0,0,0,15,0,0,0,15,0,0,0,0,0,0,0,0,0,0,0,0,15,18,15,7
1963.38,1,0,0,21,9,7,0,0,1,1,0,0,0,0,0,9,0,0,0,9,0,0,0,0,0,0,0,0,0,0,0,0,9,12,9,4
1963.38,1,0,0,22,8,4,0,0,0,0,0,0,0,0,0,8,0,0,0,8,0,0,0,0,0,0,0,0,0,0,0,0,8,11,8,6
1963.38,1,0,0,23,3,1,0,0,0,0,0,0,0,0,0,3,0,0,0,3,0,0,0,0,0,0,0,0,0,0,0,0,3,3,3,2
1963.38,1,0,0,24,9,2,0,0,0,0,0,0,0,0,0,9,0,0,0,9,0,0,0,0,0,0,0,0,0,0,0,0,9,11,9,4
1963.38,1,0,0,25,7,5,0,0,0,0,0,0,0,0,0,7,0,0,0,7,0,0,0,0,0,0,0,0,0,0,0,0,7,8,7,6
1963.38,1,0,0,26,8,3,0,0,0,0,0,0,0,0,0,8,0,0,0,8,0,0,0,0,0,0,0,0,0,0,0,0,8,11,8,6
1963.38,1,0,0,27,8,6,0,0,0,0,0,0,0,0,0,8,0,0,0,8,0,0,0,0,0,0,0,0,0,0,0,0,8,8,8,6
1963.38,1,0,0,28,5,3,0,0,1,1,0,0,0,0,0,5,0,0,0,5,0,0,0,0,0,0,0,0,0,0,0,0,5,5,5,5
1963.38,1,0,0,29,6,3,0,0,0,0,0,0,0,0,0,6,0,0,0,6,0,0,0,0,0,0,0,0,0,0,0,0,6,6,6,5
1963.38,1,0,0,30,9,4,0,0,0,0,0,0,0,0,0,9,0,0,0,9,0,0,0,0,0,0,0,0,0,0,0,0,9,9,9,7
1963.38,1,0,0,31,6,3,1,0,0,0,0,0,0,0,0,6,0,0,0,6,0,0,0,0,0,0,0,0,0,0,0,0,6,6,6,6
1963.38,1,0,0,32,8,3,0,0,0,0,0,0,0,0,0,7,0,0,0,8,0,0,0,1,0,0,0,0,0,0,0,0,7,9,8,7
1963.38,1,0,0,33,7,3,0,0,0,0,0,0,0,0,0,7,0,0,0,7,0,0,0,0,0,0,0,0,0,0,0,0,7,8,7,6
1963.38,1,0,0,34,6,5,0,0,0,0,0,0,0,0,0,5,0,0,0,6,0,0,0,1,0,0,0,0,0,0,0,0,5,6,6,4
1963.38,1,0,0,35,3,1,0,0,0,0,0,0,0,0,0,2,0,0,0,3,0,0,0,0,0,0,0,0,0,0,0,0,2,3,3,3
1963.38,1,0,0,36,8,3,0,0,0,0,0,0,0,0,0,8,0,0,0,8,0,0,0,0,0,0,0,0,0,0,0,0,8,8,8,8
1963.38,1,0,0,37,7,5,0,0,0,0,0,0,0,0,0,7,0,0,0,7,0,0,0,0,0,0,0,0,0,0,0,0,7,7,7,7
1963.38,1,0,0,38,4,1,0,0,0,0,0,0,0,0,0,4,0,0,0,4,0,0,0,0,0,0,0,0,0,0,0,0,4,4,4,4
1963.38,1,0,0,39,5,1,0,0,0,0,0,0,0,0,0,5,0,0,0,5,0,0,0,0,0,0,0,0,0,0,0,0,5,5,5,5
1963.38,1,0,0,40,1,1,0,0,1,1,0,0,0,0,0,1,0,0,0,1,0,0,0,0,0,0,0,0,0,0,0,0,1,1,1,1
1963.38,1,0,0,41,5,3,0,0,1,0,0,0,0,0,0,5,0,0,0,5,0,0,0,0,0,0,0,0,0,0,0,0,5,5,5,5
1963.38,1,0,0,42,3,3,0,0,0,0,0,0,0,0,0,3,0,0,0,3,0,0,0,0,0,0,0,0,0,0,0,0,3,3,3,3
1963.38,1,0,0,43,7,3,0,0,0,0,0,0,0,0,0,7,0,0,0,7,0,0,0,0,0,0,0,0,0,0,0,0,7,7,7,7
1963.38,1,0,0,44,6,2,0,0,0,0,0,0,0,0,0,6,0,0,0,6,0,0,0,0,0,0,0,0,0,0,0,0,6,6,6,6
1963.38,1,0,0,45,4,4,0,0,0,0,0,0,0,0,0,4,0,0,0,4,0,0,0,0,0,0,0,0,0,0,0,0,4,4,4,4
1963.38,1,0,0,46,5,3,0,0,0,0,0,0,0,0,0,5,0,0,0,5,0,0,0,0,0,0,0,0,0,0,0,0,5,5,5,5
1963.38,1,0,0,47,4,4,0,0,0,0,0,0,0,0,0,4,0,0,0,4,0,0,0,0,0,0,0,0,0,0,0,0,4,5,4,4
1963.38,1,0,0,48,1,0,0,0,0,0,0,0,0,0,0,1,0,0,0,1,0,0,0,0,0,0,0,0,0,0,0,0,1,1,1,1
1963.38,1,0,0,49,2,0,0,0,0,0,0,0,0,0,0,2,0,0,0,2,0,0,0,0,0,0,0,0,0,0,0,0,2,2,2,2
1963.38,1,0,0,50,3,3,0,0,0,0,0,0,0,0,0,3,0,0,0,3,0,0,0,0,0,0,0,0,0,0,0,0,3,3,3,3
1963.38,1,0,0,51,1,1,0,0,0,0,0,0,0,0,0,1,0,0,0,1,0,0,0,0,0,0,0,0,0,0,0,0,1,2,1,1
1963.38,1,0,0,52,3,2,0,0,0,0,0,0,0,0,0,3,0,0,0,3,0,0,0,0,0,0,0,0,0,0,0,0,3,3,3,3
1963.38,1,0,0,53,3,1,0,0,0,0,0,0,0,0,0,3,0,0,0,3,0,0,0,0,0,0,0,0,0,0,0,0,3,3,3,3
1963.38,1,0,0,54,1,1,0,0,0,0,0,0,0,0,0,1,0,0,0,1,0,0,0,0,0,0,0,0,0,0,0,0,1,1,1,1
1963.38,1,0,0,55,1,1,0,0,0,0,0,0,0,0,0,1,0,0,0,1,0,0,0,0,0,0,0,0,0,0,0,0,1,1,1,1
1963.38,1,0,0,56,3,1,0,0,0,0,0,0,0,0,0,3,0,0,0,3,0,0,0,0,0,0,0,0,0,0,0,0,3,3,3,2
1963.38,1,0,0,57,1,1,0,0,0,0,0,0,0,0,0,1,0,0,0,1,0,0,0,0,0,0,0,0,0,0,0,0,1,1,1,1
1963.38,1,0,0,58,3,1,0,0,1,1,0,0,0,0,0,3,0,0,0,3,0,0,0,0,0,0,0,0,0,0,0,0,3,3,3,3
1963.38,1,0,0,59,1,1,0,0,0,0,0,0,0,0,0,1,0,0,0,1,0,0,0,0,0,0,0,0,0,0,0,0,1,1,1,1
1963.38,1,0,0,60,5,3,0,0,0,0,0,0,0,0,0,5,0,0,0,5,0,0,0,0,0,0,0,0,0,0,0,0,5,7,5,5
1963.38,1,0,0,61,0,0,0,0,0,0,0,0,0,0,0,0,0,0,0,0,0,0,0,0,0,0,0,0,0,0,0,0,0,0,0,0
1963.38,1,0,0,62,3,1,0,0,0,0,0,0,0,0,0,3,0,0,0,3,0,0,0,0,0,0,0,0,0,0,0,0,3,4,3,3
1963.38,1,0,0,63,1,0,0,0,1,1,0,0,0,0,0,1,0,0,0,1,0,0,0,0,0,0,0,0,0,0,0,0,1,1,1,1
1963.38,1,0,0,64,4,0,0,0,0,0,0,0,0,0,0,4,0,0,0,4,0,0,0,0,0,0,0,0,0,0,0,0,4,5,4,4
1963.38,1,0,0,65,1,1,0,0,0,0,0,0,0,0,0,1,0,0,0,1,0,0,0,0,0,0,0,0,0,0,0,0,1,1,1,1
1963.38,1,0,0,66,2,0,0,0,0,0,0,0,0,0,0,2,0,0,0,2,0,0,0,0,0,0,0,0,0,0,0,0,2,2,2,2
1963.38,1,0,0,67,0,0,0,0,0,0,0,0,0,0,0,0,0,0,0,0,0,0,0,0,0,0,0,0,0,0,0,0,0,0,0,0
1963.38,1,0,0,68,1,1,0,0,0,0,0,0,0,0,0,1,0,0,0,1,0,0,0,0,0,0,0,0,0,0,0,0,1,1,1,1
1963.38,1,0,0,69,1,0,0,0,0,0,0,0,0,0,0,1,0,0,0,1,0,0,0,0,0,0,0,0,0,0,0,0,1,1,1,1
1963.38,1,0,0,70,1,1,0,0,0,0,0,0,0,0,0,1,0,0,0,1,0,0,0,0,0,0,0,0,0,0,0,0,1,1,1,1
1963.38,1,0,0,71,0,0,0,0,0,0,0,0,0,0,0,0,0,0,0,0,0,0,0,0,0,0,0,0,0,0,0,0,0,0,0,0
1963.38,1,0,0,72,0,0,0,0,0,0,0,0,0,0,0,0,0,0,0,0,0,0,0,0,0,0,0,0,0,0,0,0,0,0,0,0
1963.38,1,0,0,73,0,0,0,0,0,0,0,0,0,0,0,0,0,0,0,0,0,0,0,0,0,0,0,0,0,0,0,0,0,0,0,0
1963.38,1,0,0,74,1,0,0,0,0,0,0,0,0,0,0,1,0,0,0,1,0,0,0,0,0,0,0,0,0,0,0,0,1,2,1,1
1963.38,1,0,0,75,0,0,0,0,1,1,0,0,0,0,0,0,0,0,0,0,0,0,0,0,0,0,0,0,0,0,0,0,0,0,0,0
1963.38,1,0,0,76,1,1,0,0,0,0,0,0,0,0,0,1,0,0,0,1,0,0,0,0,0,0,0,0,0,0,0,0,1,2,1,1
1963.38,1,0,0,77,1,1,0,0,0,0,0,0,0,0,0,1,0,0,0,1,0,0,0,0,0,0,0,0,0,0,0,0,1,1,1,1
1963.38,1,0,0,78,0,0,0,0,0,0,0,0,0,0,0,0,0,0,0,0,0,0,0,0,0,0,0,0,0,0,0,0,0,0,0,0
1963.38,1,0,0,79,0,0,0,0,0,0,0,0,0,0,0,0,0,0,0,0,0,0,0,0,0,0,0,0,0,0,0,0,0,0,0,0
1963.38,1,0,0,80,0,0,0,0,0,0,0,0,0,0,0,0,0,0,0,0,0,0,0,0,0,0,0,0,0,0,0,0,0,0,0,0
1963.38,1,0,0,81,0,0,0,0,0,0,0,0,0,0,0,0,0,0,0,0,0,0,0,0,0,0,0,0,0,0,0,0,0,0,0,0
1963.38,1,0,0,82,0,0,0,0,0,0,0,0,0,0,0,0,0,0,0,0,0,0,0,0,0,0,0,0,0,0,0,0,0,0,0,0
1963.38,1,0,0,83,1,0,0,0,0,0,0,0,0,0,0,1,0,0,0,1,0,0,0,0,0,0,0,0,0,0,0,0,1,1,1,1
1963.38,1,0,0,84,0,0,0,0,0,0,0,0,0,0,0,0,0,0,0,0,0,0,0,0,0,0,0,0,0,0,0,0,0,0,0,0
1963.38,1,0,0,85,0,0,0,0,0,0,0,0,0,0,0,0,0,0,0,0,0,0,0,0,0,0,0,0,0,0,0,0,0,0,0,0
1963.38,1,0,0,86,0,0,0,0,0,0,0,0,0,0,0,0,0,0,0,0,0,0,0,0,0,0,0,0,0,0,0,0,0,0,0,0
1963.38,1,0,0,87,0,0,0,0,0,0,0,0,0,0,0,0,0,0,0,0,0,0,0,0,0,0,0,0,0,0,0,0,0,0,0,0
1963.38,1,0,0,88,0,0,0,0,0,0,0,0,0,0,0,0,0,0,0,0,0,0,0,0,0,0,0,0,0,0,0,0,0,0,0,0
1963.38,1,0,0,89,0,0,0,0,0,0,0,0,0,0,0,0,0,0,0,0,0,0,0,0,0,0,0,0,0,0,0,0,0,0,0,0
1963.38,1,0,0,90,0,0,0,0,0,0,0,0,0,0,0,0,0,0,0,0,0,0,0,0,0,0,0,0,0,0,0,0,0,0,0,0
1963.38,1,0,0,91,0,0,0,0,0,0,0,0,0,0,0,0,0,0,0,0,0,0,0,0,0,0,0,0,0,0,0,0,0,0,0,0
1963.38,1,0,0,92,0,0,0,0,0,0,0,0,0,0,0,0,0,0,0,0,0,0,0,0,0,0,0,0,0,0,0,0,0,0,0,0
1963.38,1,0,0,93,0,0,0,0,0,0,0,0,0,0,0,0,0,0,0,0,0,0,0,0,0,0,0,0,0,0,0,0,0,0,0,0
1963.38,1,0,0,94,0,0,0,0,0,0,0,0,0,0,0,0,0,0,0,0,0,0,0,0,0,0,0,0,0,0,0,0,0,0,0,0
1963.38,1,0,0,95,0,0,0,0,0,0,0,0,0,0,0,0,0,0,0,0,0,0,0,0,0,0,0,0,0,0,0,0,0,0,0,0
1963.38,1,0,0,96,0,0,0,0,0,0,0,0,0,0,0,0,0,0,0,0,0,0,0,0,0,0,0,0,0,0,0,0,0,0,0,0
1963.38,1,0,0,97,0,0,0,0,0,0,0,0,0,0,0,0,0,0,0,0,0,0,0,0,0,0,0,0,0,0,0,0,0,0,0,0
1963.38,1,0,0,98,0,0,0,0,0,0,0,0,0,0,0,0,0,0,0,0,0,0,0,0,0,0,0,0,0,0,0,0,0,0,0,0
1963.38,1,0,0,99,0,0,0,0,0,0,0,0,0,0,0,0,0,0,0,0,0,0,0,0,0,0,0,0,0,0,0,0,0,0,0,0
1963.38,1,0,1,0,0,0,0,0,0,0,0,0,0,0,0,0,0,0,0,0,0,0,0,0,0,0,0,0,0,0,0,0,0,0,0,0
1963.38,1,0,1,1,0,0,0,0,0,0,0,0,0,0,0,0,0,0,0,0,0,0,0,0,0,0,0,0,0,0,0,0,0,0,0,0
1963.38,1,0,1,2,0,0,0,0,0,0,0,0,0,0,0,0,0,0,0,0,0,0,0,0,0,0,0,0,0,0,0,0,0,0,0,0
1963.38,1,0,1,3,11,6,0,0,1,1,0,0,0,0,0,11,0,0,0,11,0,0,0,0,0,0,0,0,0,0,0,0,11,11,11,0
1963.38,1,0,1,4,14,2,0,0,0,0,0,0,0,0,0,14,0,0,0,14,0,0,0,0,0,0,0,0,0,0,0,0,14,16,14,0
1963.38,1,0,1,5,8,4,0,0,0,0,0,0,0,0,0,8,0,0,0,8,0,0,0,0,0,0,0,0,0,0,0,0,8,11,8,0
1963.38,1,0,1,6,12,2,0,0,0,0,0,0,0,0,0,12,0,0,0,12,0,0,0,0,0,0,0,0,0,0,0,0,12,14,12,0
1963.38,1,0,1,7,10,6,0,0,0,0,0,0,0,0,0,10,0,0,0,10,0,0,0,0,0,0,0,0,0,0,0,0,10,12,10,0
1963.38,1,0,1,8,8,3,0,0,0,0,0,0,0,0,0,8,0,0,0,8,0,0,0,0,0,0,0,0,0,0,0,0,8,10,8,0
1963.38,1,0,1,9,4,1,0,0,0,0,0,0,0,0,0,4,0,0,0,4,0,0,0,0,0,0,0,0,0,0,0,0,4,4,4,0
1963.38,1,0,1,10,3,3,0,0,0,0,0,0,0,0,0,3,0,0,0,3,0,0,0,0,0,0,0,0,0,0,0,0,3,3,3,0
1963.38,1,0,1,11,7,5,0,0,0,0,0,0,0,0,0,7,0,0,0,7,0,0,0,0,0,0,0,0,0,0,0,0,7,8,7,0
1963.38,1,0,1,12,9,1,0,0,0,0,0,0,0,0,0,9,0,0,0,9,0,0,0,0,0,0,0,0,0,0,0,0,9,11,9,4
1963.38,1,0,1,13,9,4,0,0,0,0,0,0,0,0,0,9,0,0,0,9,0,0,0,0,0,0,0,0,0,0,0,0,9,11,9,5
1963.38,1,0,1,14,7,1,0,0,0,0,0,0,0,0,0,7,0,0,0,7,0,0,0,0,0,0,0,0,0,0,0,0,7,9,7,4
1963.38,1,0,1,15,11,6,0,0,0,0,0,0,0,0,0,11,0,0,0,11,0,0,0,0,0,0,0,0,0,0,0,0,11,12,11,3
1963.38,1,0,1,16,8,1,0,0,0,0,0,0,0,0,0,8,0,0,0,8,0,0,0,0,0,0,0,0,0,0,0,0,8,9,8,5
1963.38,1,0,1,17,7,4,0,0,0,0,0,0,0,0,0,7,0,0,0,7,0,0,0,0,0,0,0,0,0,0,0,0,7,7,7,5
1963.38,1,0,1,18,7,2,0,0,0,0,0,0,0,0,0,7,0,0,0,7,0,0,0,0,0,0,0,0,0,0,0,0,7,9,7,4
1963.38,1,0,1,19,10,6,1,0,0,0,0,0,0,0,0,9,0,0,0,10,0,0,0,1,0,0,0,0,0,0,0,0,9,13,10,4
1963.38,1,0,1,20,7,4,0,0,0,0,0,0,0,0,0,7,0,0,0,7,0,0,0,0,0,0,0,0,0,0,0,0,7,9,7,3
1963.38,1,0,1,21,7,3,0,0,0,0,0,0,0,0,0,7,0,0,0,7,0,0,0,0,0,0,0,0,0,0,0,0,7,9,7,6
1963.38,1,0,1,22,9,4,0,0,0,0,0,0,0,0,0,9,0,0,0,9,0,0,0,0,0,0,0,0,0,0,0,0,9,10,9,6
1963.38,1,0,1,23,6,3,0,0,0,0,0,0,0,0,0,6,0,0,0,6,0,0,0,0,0,0,0,0,0,0,0,0,6,7,6,4
1963.38,1,0,1,24,10,7,0,0,0,0,0,0,0,0,0,10,0,0,0,10,0,0,0,0,0,0,0,0,0,0,0,0,10,10,10,6
1963.38,1,0,1,25,5,4,0,0,0,0,0,0,0,0,0,5,0,0,0,5,0,0,0,0,0,0,0,0,0,0,0,0,5,8,5,3
1963.38,1,0,1,26,7,3,0,0,0,0,0,0,0,0,0,7,0,0,0,7,0,0,0,0,0,0,0,0,0,0,0,0,7,7,7,5
1963.38,1,0,1,27,4,2,0,0,0,0,0,0,0,0,0,4,0,0,0,4,0,0,0,0,0,0,0,0,0,0,0,0,4,4,4,3
1963.38,1,0,1,28,4,3,0,0,0,0,0,0,0,0,0,4,0,0,0,4,0,0,0,0,0,0,0,0,0,0,0,0,4,4,4,2
1963.38,1,0,1,29,7,4,0,0,0,0,0,0,0,0,0,7,0,0,0,7,0,0,0,0,0,0,0,0,0,0,0,0,7,8,7,4
1963.38,1,0,1,30,8,5,0,0,0,0,0,0,0,0,0,8,0,0,0,8,0,0,0,0,0,0,0,0,0,0,0,0,8,8,8,6
1963.38,1,0,1,31,6,3,1,0,0,0,0,0,0,0,0,5,0,0,0,6,0,0,0,1,0,0,0,0,0,0,0,0,5,7,6,4
1963.38,1,0,1,32,12,9,0,0,0,0,0,0,0,0,0,12,0,0,0,12,0,0,0,0,0,0,0,0,0,0,0,0,12,12,12,10
1963.38,1,0,1,33,6,2,0,0,0,0,0,0,0,0,0,6,0,0,0,6,0,0,0,0,0,0,0,0,0,0,0,0,6,6,6,6
1963.38,1,0,1,34,6,2,0,0,0,0,0,0,0,0,0,6,0,0,0,6,0,0,0,0,0,0,0,0,0,0,0,0,6,6,6,5
1963.38,1,0,1,35,3,2,0,0,0,0,0,0,0,0,0,3,0,0,0,3,0,0,0,0,0,0,0,0,0,0,0,0,3,3,3,3
1963.38,1,0,1,36,6,1,0,0,0,0,0,0,0,0,0,6,0,0,0,6,0,0,0,0,0,0,0,0,0,0,0,0,6,6,6,6
1963.38,1,0,1,37,7,1,0,0,0,0,0,0,0,0,0,7,0,0,0,7,0,0,0,0,0,0,0,0,0,0,0,0,7,7,7,7
1963.38,1,0,1,38,4,2,0,0,0,0,0,0,0,0,0,4,0,0,0,4,0,0,0,0,0,0,0,0,0,0,0,0,4,5,4,4
1963.38,1,0,1,39,7,3,0,0,0,0,0,0,0,0,0,7,0,0,0,7,0,0,0,0,0,0,0,0,0,0,0,0,7,8,7,7
1963.38,1,0,1,40,6,1,0,0,0,0,0,0,0,0,0,6,0,0,0,6,0,0,0,0,0,0,0,0,0,0,0,0,6,6,6,6
1963.38,1,0,1,41,4,2,0,0,0,0,0,0,0,0,0,4,0,0,0,4,0,0,0,0,0,0,0,0,0,0,0,0,4,5,4,4
1963.38,1,0,1,42,2,2,0,0,0,0,0,0,0,0,0,2,0,0,0,2,0,0,0,0,0,0,0,0,0,0,0,0,2,2,2,2
1963.38,1,0,1,43,4,3,0,0,1,1,0,0,0,0,0,4,0,0,0,4,0,0,0,0,0,0,0,0,0,0,0,0,4,4,4,4
1963.38,1,0,1,44,5,3,0,0,0,0,0,0,0,0,0,5,0,0,0,5,0,0,0,0,0,0,0,0,0,0,0,0,5,5,5,5
1963.38,1,0,1,45,5,1,0,0,1,1,0,0,0,0,0,4,0,0,0,5,0,0,0,0,0,0,0,0,0,0,0,0,4,5,5,5
1963.38,1,0,1,46,3,1,0,0,0,0,0,0,0,0,0,3,0,0,0,3,0,0,0,0,0,0,0,0,0,0,0,0,3,3,3,3
1963.38,1,0,1,47,2,1,0,0,0,0,0,0,0,0,0,2,0,0,0,2,0,0,0,0,0,0,0,0,0,0,0,0,2,2,2,2
1963.38,1,0,1,48,5,3,0,0,0,0,0,0,0,0,0,5,0,0,0,5,0,0,0,0,0,0,0,0,0,0,0,0,5,5,5,5
1963.38,1,0,1,49,8,3,0,0,0,0,0,0,0,0,0,8,0,0,0,8,0,0,0,0,0,0,0,0,0,0,0,0,8,9,8,8
1963.38,1,0,1,50,0,0,0,0,0,0,0,0,0,0,0,0,0,0,0,0,0,0,0,0,0,0,0,0,0,0,0,0,0,0,0,0
1963.38,1,0,1,51,1,0,0,0,0,0,0,0,0,0,0,1,0,0,0,1,0,0,0,0,0,0,0,0,0,0,0,0,1,1,1,1
1963.38,1,0,1,52,4,2,0,0,1,1,0,0,0,0,0,4,0,0,0,4,0,0,0,0,0,0,0,0,0,0,0,0,4,4,4,4
1963.38,1,0,1,53,3,2,0,0,0,0,0,0,0,0,0,3,0,0,0,3,0,0,0,0,0,0,0,0,0,0,0,0,3,3,3,3
1963.38,1,0,1,54,2,2,0,0,0,0,0,0,0,0,0,2,0,0,0,2,0,0,0,0,0,0,0,0,0,0,0,0,2,2,2,2
1963.38,1,0,1,55,4,2,0,0,0,0,0,0,0,0,0,4,0,0,0,4,0,0,0,0,0,0,0,0,0,0,0,0,4,5,4,4
1963.38,1,0,1,56,3,3,0,0,1,1,0,0,0,0,0,3,0,0,0,3,0,0,0,0,0,0,0,0,0,0,0,0,3,3,3,3
1963.38,1,0,1,57,5,2,0,0,0,0,0,0,0,0,0,5,0,0,0,5,0,0,0,0,0,0,0,0,0,0,0,0,5,6,5,5
1963.38,1,0,1,58,7,2,0,0,1,0,0,0,0,0,0,7,0,0,0,7,0,0,0,0,0,0,0,0,0,0,0,0,7,7,7,7
1963.38,1,0,1,59,2,1,0,0,0,0,0,0,0,0,0,2,0,0,0,2,0,0,0,0,0,0,0,0,0,0,0,0,2,2,2,2
1963.38,1,0,1,60,1,0,0,0,0,0,0,0,0,0,0,1,0,0,0,1,0,0,0,0,0,0,0,0,0,0,0,0,1,1,1,1
1963.38,1,0,1,61,2,2,0,0,0,0,0,0,0,0,0,2,0,0,0,2,0,0,0,0,0,0,0,0,0,0,0,0,2,2,2,2
1963.38,1,0,1,62,0,0,0,0,0,0,0,0,0,0,0,0,0,0,0,0,0,0,0,0,0,0,0,0,0,0,0,0,0,0,0,0
1963.38,1,0,1,63,0,0,0,0,0,0,0,0,0,0,0,0,0,0,0,0,0,0,0,0,0,0,0,0,0,0,0,0,0,0,0,0
1963.38,1,0,1,64,1,1,0,0,0,0,0,0,0,0,0,1,0,0,0,1,0,0,0,0,0,0,0,0,0,0,0,0,1,1,1,1
1963.38,1,0,1,65,1,0,0,0,0,0,0,0,0,0,0,1,0,0,0,1,0,0,0,0,0,0,0,0,0,0,0,0,1,2,1,1
1963.38,1,0,1,66,2,1,0,0,0,0,0,0,0,0,0,2,0,0,0,2,0,0,0,0,0,0,0,0,0,0,0,0,2,3,2,2
1963.38,1,0,1,67,1,1,0,0,0,0,0,0,0,0,0,1,0,0,0,1,0,0,0,0,0,0,0,0,0,0,0,0,1,2,1,1
1963.38,1,0,1,68,0,0,0,0,0,0,0,0,0,0,0,0,0,0,0,0,0,0,0,0,0,0,0,0,0,0,0,0,0,0,0,0
1963.38,1,0,1,69,0,0,0,0,0,0,0,0,0,0,0,0,0,0,0,0,0,0,0,0,0,0,0,0,0,0,0,0,0,0,0,0
1963.38,1,0,1,70,2,1,0,0,0,0,0,0,0,0,0,2,0,0,0,2,0,0,0,0,0,0,0,0,0,0,0,0,2,2,2,2
1963.38,1,0,1,71,1,0,0,0,0,0,0,0,0,0,0,1,0,0,0,1,0,0,0,0,0,0,0,0,0,0,0,0,1,2,1,1
1963.38,1,0,1,72,2,2,0,0,1,0,0,0,0,0,0,2,0,0,0,2,0,0,0,0,0,0,0,0,0,0,0,0,2,3,2,2
1963.38,1,0,1,73,0,0,0,0,0,0,0,0,0,0,0,0,0,0,0,0,0,0,0,0,0,0,0,0,0,0,0,0,0,0,0,0
1963.38,1,0,1,74,2,2,0,0,0,0,0,0,0,0,0,2,0,0,0,2,0,0,0,0,0,0,0,0,0,0,0,0,2,2,2,2
1963.38,1,0,1,75,2,2,0,0,0,0,0,0,0,0,0,2,0,0,0,2,0,0,0,0,0,0,0,0,0,0,0,0,2,2,2,2
1963.38,1,0,1,76,1,1,0,0,0,0,0,0,0,0,0,1,0,0,0,1,0,0,0,0,0,0,0,0,0,0,0,0,1,1,1,1
1963.38,1,0,1,77,1,0,0,0,0,0,0,0,0,0,0,1,0,0,0,1,0,0,0,0,0,0,0,0,0,0,0,0,1,1,1,1
1963.38,1,0,1,78,1,1,0,0,0,0,0,0,0,0,0,1,0,0,0,1,0,0,0,0,0,0,0,0,0,0,0,0,1,1,1,1
1963.38,1,0,1,79,0,0,0,0,0,0,0,0,0,0,0,0,0,0,0,0,0,0,0,0,0,0,0,0,0,0,0,0,0,0,0,0
1963.38,1,0,1,80,1,0,0,0,0,0,0,0,0,0,0,1,0,0,0,1,0,0,0,0,0,0,0,0,0,0,0,0,1,1,1,1
1963.38,1,0,1,81,0,0,0,0,0,0,0,0,0,0,0,0,0,0,0,0,0,0,0,0,0,0,0,0,0,0,0,0,0,0,0,0
1963.38,1,0,1,82,0,0,0,0,0,0,0,0,0,0,0,0,0,0,0,0,0,0,0,0,0,0,0,0,0,0,0,0,0,0,0,0
1963.38,1,0,1,83,0,0,0,0,0,0,0,0,0,0,0,0,0,0,0,0,0,0,0,0,0,0,0,0,0,0,0,0,0,0,0,0
1963.38,1,0,1,84,0,0,0,0,0,0,0,0,0,0,0,0,0,0,0,0,0,0,0,0,0,0,0,0,0,0,0,0,0,0,0,0
1963.38,1,0,1,85,0,0,0,0,0,0,0,0,0,0,0,0,0,0,0,0,0,0,0,0,0,0,0,0,0,0,0,0,0,0,0,0
1963.38,1,0,1,86,0,0,0,0,0,0,0,0,0,0,0,0,0,0,0,0,0,0,0,0,0,0,0,0,0,0,0,0,0,0,0,0
1963.38,1,0,1,87,0,0,0,0,0,0,0,0,0,0,0,0,0,0,0,0,0,0,0,0,0,0,0,0,0,0,0,0,0,0,0,0
1963.38,1,0,1,88,0,0,0,0,0,0,0,0,0,0,0,0,0,0,0,0,0,0,0,0,0,0,0,0,0,0,0,0,0,0,0,0
1963.38,1,0,1,89,0,0,0,0,0,0,0,0,0,0,0,0,0,0,0,0,0,0,0,0,0,0,0,0,0,0,0,0,0,0,0,0
1963.38,1,0,1,90,0,0,0,0,0,0,0,0,0,0,0,0,0,0,0,0,0,0,0,0,0,0,0,0,0,0,0,0,0,0,0,0
1963.38,1,0,1,91,0,0,0,0,0,0,0,0,0,0,0,0,0,0,0,0,0,0,0,0,0,0,0,0,0,0,0,0,0,0,0,0
1963.38,1,0,1,92,0,0,0,0,0,0,0,0,0,0,0,0,0,0,0,0,0,0,0,0,0,0,0,0,0,0,0,0,0,0,0,0
1963.38,1,0,1,93,0,0,0,0,0,0,0,0,0,0,0,0,0,0,0,0,0,0,0,0,0,0,0,0,0,0,0,0,0,0,0,0
1963.38,1,0,1,94,0,0,0,0,0,0,0,0,0,0,0,0,0,0,0,0,0,0,0,0,0,0,0,0,0,0,0,0,0,0,0,0
1963.38,1,0,1,95,0,0,0,0,0,0,0,0,0,0,0,0,0,0,0,0,0,0,0,0,0,0,0,0,0,0,0,0,0,0,0,0
1963.38,1,0,1,96,0,0,0,0,0,0,0,0,0,0,0,0,0,0,0,0,0,0,0,0,0,0,0,0,0,0,0,0,0,0,0,0
1963.38,1,0,1,97,0,0,0,0,0,0,0,0,0,0,0,0,0,0,0,0,0,0,0,0,0,0,0,0,0,0,0,0,0,0,0,0
1963.38,1,0,1,98,0,0,0,0,0,0,0,0,0,0,0,0,0,0,0,0,0,0,0,0,0,0,0,0,0,0,0,0,0,0,0,0
1963.38,1,0,1,99,0,0,0,0,0,0,0,0,0,0,0,0,0,0,0,0,0,0,0,0,0,0,0,0,0,0,0,0,0,0,0,0
1963.38,1,1,0,0,43,3,3,0,2,0,0,0,0,0,0,0,0,0,0,0,0,0,0,0,0,0,0,0,0,0,0,0,0,0,2,0
1963.38,1,1,0,1,38,2,0,0,1,1,0,0,0,0,0,35,0,0,0,35,0,0,0,0,0,0,0,0,0,0,0,0,35,35,38,0
1963.38,1,1,0,2,25,2,0,0,0,0,0,0,0,0,0,25,0,0,0,25,0,0,0,0,0,0,0,0,0,0,0,0,25,26,25,0
1963.38,1,1,0,3,20,11,0,0,0,0,0,0,0,0,0,20,0,0,0,20,0,0,0,0,0,0,0,0,0,0,0,0,20,22,20,0
1963.38,1,1,0,4,21,9,0,0,0,0,0,0,0,0,0,21,0,0,0,21,0,0,0,0,0,0,0,0,0,0,0,0,21,25,21,0
1963.38,1,1,0,5,24,7,0,0,0,0,0,0,0,0,0,24,0,0,0,24,0,0,0,0,0,0,0,0,0,0,0,0,24,35,24,0
1963.38,1,1,0,6,25,8,0,0,0,0,0,0,0,0,0,25,0,0,0,25,0,0,0,0,0,0,0,0,0,0,0,0,25,32,25,0
1963.38,1,1,0,7,19,9,0,0,0,0,0,0,0,0,0,19,0,0,0,19,0,0,0,0,0,0,0,0,0,0,0,0,19,23,19,0
1963.38,1,1,0,8,16,7,0,0,0,0,0,0,0,0,0,16,0,0,0,16,0,0,0,0,0,0,0,0,0,0,0,0,16,20,16,0
1963.38,1,1,0,9,13,4,0,0,0,0,0,0,0,0,0,13,0,0,0,13,0,0,0,0,0,0,0,0,0,0,0,0,13,19,13,0
1963.38,1,1,0,10,13,5,0,0,0,0,0,0,0,0,0,13,0,0,0,13,0,0,0,0,0,0,0,0,0,0,0,0,13,17,13,0
1963.38,1,1,0,11,21,5,0,0,0,0,0,0,0,0,0,21,0,0,0,21,0,0,0,0,0,0,0,0,0,0,0,0,21,27,21,0
1963.38,1,1,0,12,11,5,0,0,0,0,0,0,0,0,0,11,0,0,0,11,0,0,0,0,0,0,0,0,0,0,0,0,11,14,11,8
1963.38,1,1,0,13,17,4,0,0,0,0,0,0,0,0,0,17,0,0,0,17,0,0,0,0,0,0,0,0,0,0,0,0,17,19,17,11
1963.38,1,1,0,14,9,6,0,0,0,0,0,0,0,0,0,9,0,0,0,9,0,0,0,0,0,0,0,0,0,0,0,0,9,9,9,7
1963.38,1,1,0,15,6,3,0,0,0,0,0,0,0,0,0,6,0,0,0,6,0,0,0,0,0,0,0,0,0,0,0,0,6,7,6,2
1963.38,1,1,0,16,14,4,1,0,0,0,0,0,0,0,0,14,0,0,0,14,0,0,0,0,0,0,0,0,0,0,0,0,14,17,14,11
1963.38,1,1,0,17,14,6,0,0,0,0,0,0,0,0,0,14,0,0,0,14,0,0,0,0,0,0,0,0,0,0,0,0,14,18,14,11
1963.38,1,1,0,18,12,6,0,0,0,0,0,0,0,0,0,12,0,0,0,12,0,0,0,0,0,0,0,0,0,0,0,0,12,15,12,8
1963.38,1,1,0,19,18,9,0,0,0,0,0,0,0,0,0,18,0,0,0,18,0,0,0,0,0,0,0,0,0,0,0,0,18,24,18,15
1963.38,1,1,0,20,18,10,0,0,1,1,0,0,0,0,0,18,0,0,0,18,0,0,0,0,0,0,0,0,0,0,0,0,18,26,18,14
1963.38,1,1,0,21,18,9,0,0,0,0,0,0,0,0,0,18,0,0,0,18,0,0,0,0,0,0,0,0,0,0,0,0,18,20,18,14
1963.38,1,1,0,22,20,11,0,0,1,1,0,0,0,0,0,20,0,0,0,20,0,0,0,0,0,0,0,0,0,0,0,0,20,27,20,15
1963.38,1,1,0,23,10,3,0,0,0,0,0,0,0,0,0,9,0,0,0,10,0,0,0,0,0,0,0,0,0,0,0,0,9,10,10,8
1963.38,1,1,0,24,13,7,0,0,0,0,0,0,0,0,0,13,0,0,0,13,0,0,0,0,0,0,0,0,0,0,0,0,13,15,13,11
1963.38,1,1,0,25,14,11,0,0,0,0,0,0,0,0,0,14,0,0,0,14,0,0,0,0,0,0,0,0,0,0,0,0,14,15,14,8
1963.38,1,1,0,26,16,8,0,0,0,0,0,0,0,0,0,16,0,0,0,16,0,0,0,0,0,0,0,0,0,0,0,0,16,18,16,15
1963.38,1,1,0,27,17,7,1,0,0,0,0,0,0,0,0,17,0,0,0,17,0,0,0,0,0,0,0,0,0,0,0,0,17,18,17,13
1963.38,1,1,0,28,14,10,0,0,0,0,0,0,0,0,0,14,0,0,0,14,0,0,0,0,0,0,0,0,0,0,0,0,14,14,14,12
1963.38,1,1,0,29,12,5,1,0,1,0,0,0,0,0,0,11,0,0,0,12,0,0,0,0,0,0,0,0,0,0,0,0,11,14,12,12
1963.38,1,1,0,30,11,9,1,0,0,0,0,0,0,0,0,11,0,0,0,11,0,0,0,0,0,0,0,0,0,0,0,0,11,11,11,10
1963.38,1,1,0,31,7,3,0,0,0,0,0,0,0,0,0,7,0,0,0,7,0,0,0,0,0,0,0,0,0,0,0,0,7,8,7,7
1963.38,1,1,0,32,15,7,0,0,0,0,0,0,0,0,0,15,0,0,0,15,0,0,0,0,0,0,0,0,0,0,0,0,15,17,15,14
1963.38,1,1,0,33,13,7,0,0,0,0,0,0,0,0,0,12,0,0,0,13,0,0,0,0,0,0,0,0,0,0,0,0,12,13,13,13
1963.38,1,1,0,34,12,5,1,0,0,0,0,0,0,0,0,12,0,0,0,12,0,0,0,0,0,0,0,0,0,0,0,0,12,12,12,12
1963.38,1,1,0,35,15,10,0,0,0,0,0,0,0,0,0,15,0,0,0,15,0,0,0,0,0,0,0,0,0,0,0,0,15,15,15,15
1963.38,1,1,0,36,14,6,0,0,0,0,0,0,0,0,0,14,0,0,0,14,0,0,0,0,0,0,0,0,0,0,0,0,14,16,14,14
1963.38,1,1,0,37,5,3,0,0,1,1,0,0,0,0,0,4,0,0,0,5,0,0,0,1,0,0,0,0,0,0,0,0,4,7,5,5
1963.38,1,1,0,38,8,4,0,0,0,0,0,0,0,0,0,8,0,0,0,8,0,0,0,0,0,0,0,0,0,0,0,0,8,8,8,8
1963.38,1,1,0,39,13,9,1,0,0,0,0,0,0,0,0,10,0,0,0,13,0,0,0,3,0,0,0,0,0,0,0,0,10,14,13,13
1963.38,1,1,0,40,11,4,0,0,1,1,0,0,0,0,0,9,0,0,0,11,0,0,0,2,0,0,0,0,0,0,0,0,9,11,11,11
1963.38,1,1,0,41,8,6,0,0,0,0,0,0,0,0,0,7,0,0,0,8,0,0,0,1,0,0,0,0,0,0,0,0,7,8,8,8
1963.38,1,1,0,42,9,3,0,0,0,0,0,0,0,0,0,9,0,0,0,9,0,0,0,0,0,0,0,0,0,0,0,0,9,9,9,9
1963.38,1,1,0,43,5,4,1,0,0,0,0,0,0,0,0,3,0,0,0,3,0,0,0,2,0,0,0,0,0,0,0,0,3,3,5,3
1963.38,1,1,0,44,9,4,0,0,0,0,0,0,0,0,0,5,0,0,0,7,0,0,0,4,0,0,0,0,0,0,0,0,5,7,9,7
1963.38,1,1,0,45,8,4,0,0,0,0,0,0,0,0,0,6,0,0,0,6,0,0,0,2,0,0,0,0,0,0,0,0,6,6,8,6
1963.38,1,1,0,46,9,5,0,0,0,0,0,0,0,0,0,7,0,0,0,8,0,0,0,2,0,0,0,0,0,0,0,0,7,8,9,8
1963.38,1,1,0,47,8,6,0,0,0,0,0,0,0,0,0,5,0,0,0,7,0,0,0,3,0,0,0,0,0,0,0,0,5,7,8,7
1963.38,1,1,0,48,12,4,0,0,0,0,0,0,0,0,0,6,0,0,0,7,0,0,0,6,0,0,0,0,0,0,0,0,6,7,12,7
1963.38,1,1,0,49,4,2,0,0,0,0,0,0,0,0,0,4,0,0,0,4,0,0,0,0,0,0,0,0,0,0,0,0,4,4,4,4
1963.38,1,1,0,50,13,7,1,0,0,0,0,0,0,0,0,8,0,0,0,11,0,0,0,5,0,0,0,0,0,0,0,0,8,11,13,11
1963.38,1,1,0,51,7,4,0,0,0,0,0,0,0,0,0,5,0,0,0,7,0,0,0,2,0,0,0,0,0,0,0,0,5,7,7,7
1963.38,1,1,0,52,5,4,0,0,0,0,0,0,0,0,0,5,0,0,0,5,0,0,0,0,0,0,0,0,0,0,0,0,5,6,5,5
1963.38,1,1,0,53,4,1,0,0,0,0,0,0,0,0,0,4,0,0,0,4,0,0,0,0,0,0,0,0,0,0,0,0,4,4,4,4
1963.38,1,1,0,54,8,2,0,0,0,0,0,0,0,0,0,8,0,0,0,8,0,0,0,0,0,0,0,0,0,0,0,0,8,9,8,8
1963.38,1,1,0,55,6,3,0,0,0,0,0,0,0,0,0,6,0,0,0,6,0,0,0,0,0,0,0,0,0,0,0,0,6,6,6,6
1963.38,1,1,0,56,3,0,1,0,0,0,0,0,0,0,0,3,0,0,0,3,0,0,0,0,0,0,0,0,0,0,0,0,3,3,3,3
1963.38,1,1,0,57,4,3,0,0,0,0,0,0,0,0,0,3,0,0,0,4,0,0,0,1,0,0,0,0,0,0,0,0,3,5,4,4
1963.38,1,1,0,58,1,0,0,0,0,0,0,0,0,0,0,0,0,0,0,1,0,0,0,1,0,0,0,0,0,0,0,0,0,1,1,1
1963.38,1,1,0,59,5,4,0,0,1,0,0,0,0,0,0,5,0,0,0,5,0,0,0,0,0,0,0,0,0,0,0,0,5,5,5,5
1963.38,1,1,0,60,6,2,0,0,0,0,0,0,0,0,0,5,0,0,0,5,0,0,0,1,0,0,0,0,0,0,0,0,5,5,6,5
1963.38,1,1,0,61,3,1,0,0,0,0,0,0,0,0,0,2,0,0,0,3,0,0,0,1,0,0,0,0,0,0,0,0,2,3,3,3
1963.38,1,1,0,62,4,1,0,0,2,0,0,0,0,0,0,3,0,0,0,4,0,0,0,1,0,0,0,0,0,0,0,0,3,4,4,4
1963.38,1,1,0,63,4,2,0,0,0,0,0,0,0,0,0,3,0,0,0,4,0,0,0,1,0,0,0,0,0,0,0,0,3,4,4,4
1963.38,1,1,0,64,0,0,0,0,0,0,0,0,0,0,0,0,0,0,0,0,0,0,0,0,0,0,0,0,0,0,0,0,0,0,0,0
1963.38,1,1,0,65,4,2,0,0,0,0,0,0,0,0,0,4,0,0,0,4,0,0,0,0,0,0,0,0,0,0,0,0,4,4,4,4
1963.38,1,1,0,66,3,2,0,0,0,0,0,0,0,0,0,3,0,0,0,3,0,0,0,0,0,0,0,0,0,0,0,0,3,3,3,3
1963.38,1,1,0,67,4,3,0,0,0,0,0,0,0,0,0,0,0,0,0,0,0,0,0,4,0,0,0,0,0,0,0,0,0,0,4,0
1963.38,1,1,0,68,4,1,0,0,0,0,0,0,0,0,0,2,0,0,0,2,0,0,0,2,0,0,0,0,0,0,0,0,2,2,4,2
1963.38,1,1,0,69,0,0,0,0,0,0,0,0,0,0,0,0,0,0,0,0,0,0,0,0,0,0,0,0,0,0,0,0,0,0,0,0
1963.38,1,1,0,70,1,1,0,0,0,0,0,0,0,0,0,0,0,0,0,1,0,0,0,1,0,0,0,0,0,0,0,0,0,1,1,1
1963.38,1,1,0,71,5,4,0,0,0,0,0,0,0,0,0,3,0,0,0,4,0,0,0,2,0,0,0,0,0,0,0,0,3,4,5,4
1963.38,1,1,0,72,2,1,0,0,0,0,0,0,0,0,0,0,0,0,0,0,0,0,0,2,0,0,0,0,0,0,0,0,0,0,2,0
1963.38,1,1,0,73,1,1,0,0,0,0,0,0,0,0,0,0,0,0,0,0,0,0,0,1,0,0,0,0,0,0,0,0,0,0,1,0
1963.38,1,1,0,74,0,0,0,0,0,0,0,0,0,0,0,0,0,0,0,0,0,0,0,0,0,0,0,0,0,0,0,0,0,0,0,0
1963.38,1,1,0,75,5,2,0,0,0,0,0,0,0,0,0,1,0,0,0,2,0,0,0,4,0,0,0,0,0,0,0,0,1,2,5,2
1963.38,1,1,0,76,2,1,0,0,0,0,0,0,0,0,0,0,0,0,0,0,0,0,0,2,0,0,0,0,0,0,0,0,0,0,2,0
1963.38,1,1,0,77,1,0,0,0,0,0,0,0,0,0,0,1,0,0,0,1,0,0,0,0,0,0,0,0,0,0,0,0,1,1,1,1
1963.38,1,1,0,78,1,0,0,0,0,0,0,0,0,0,0,0,0,0,0,0,0,0,0,1,0,0,0,0,0,0,0,0,0,0,1,0
1963.38,1,1,0,79,0,0,0,0,1,0,0,0,0,0,0,0,0,0,0,0,0,0,0,0,0,0,0,0,0,0,0,0,0,0,0,0
1963.38,1,1,0,80,0,0,0,0,0,0,0,0,0,0,0,0,0,0,0,0,0,0,0,0,0,0,0,0,0,0,0,0,0,0,0,0
1963.38,1,1,0,81,1,0,0,0,0,0,0,0,0,0,0,0,0,0,0,0,0,0,0,1,0,0,0,0,0,0,0,0,0,0,1,0
1963.38,1,1,0,82,1,0,0,0,0,0,0,0,0,0,0,0,0,0,0,0,0,0,0,1,0,0,0,0,0,0,0,0,0,0,1,0
1963.38,1,1,0,83,1,0,0,0,0,0,0,0,0,0,0,0,0,0,0,0,0,0,0,1,0,0,0,0,0,0,0,0,0,0,1,0
1963.38,1,1,0,84,0,0,0,0,0,0,0,0,0,0,0,0,0,0,0,0,0,0,0,0,0,0,0,0,0,0,0,0,0,0,0,0
1963.38,1,1,0,85,0,0,0,0,0,0,0,0,0,0,0,0,0,0,0,0,0,0,0,0,0,0,0,0,0,0,0,0,0,0,0,0
1963.38,1,1,0,86,0,0,0,0,0,0,0,0,0,0,0,0,0,0,0,0,0,0,0,0,0,0,0,0,0,0,0,0,0,0,0,0
1963.38,1,1,0,87,0,0,0,0,0,0,0,0,0,0,0,0,0,0,0,0,0,0,0,0,0,0,0,0,0,0,0,0,0,0,0,0
1963.38,1,1,0,88,0,0,0,0,0,0,0,0,0,0,0,0,0,0,0,0,0,0,0,0,0,0,0,0,0,0,0,0,0,0,0,0
1963.38,1,1,0,89,0,0,0,0,0,0,0,0,0,0,0,0,0,0,0,0,0,0,0,0,0,0,0,0,0,0,0,0,0,0,0,0
1963.38,1,1,0,90,0,0,0,0,0,0,0,0,0,0,0,0,0,0,0,0,0,0,0,0,0,0,0,0,0,0,0,0,0,0,0,0
1963.38,1,1,0,91,1,1,0,0,0,0,0,0,0,0,0,0,0,0,0,1,0,0,0,1,0,0,0,0,0,0,0,0,0,1,1,1
1963.38,1,1,0,92,0,0,0,0,0,0,0,0,0,0,0,0,0,0,0,0,0,0,0,0,0,0,0,0,0,0,0,0,0,0,0,0
1963.38,1,1,0,93,0,0,0,0,0,0,0,0,0,0,0,0,0,0,0,0,0,0,0,0,0,0,0,0,0,0,0,0,0,0,0,0
1963.38,1,1,0,94,0,0,0,0,0,0,0,0,0,0,0,0,0,0,0,0,0,0,0,0,0,0,0,0,0,0,0,0,0,0,0,0
1963.38,1,1,0,95,0,0,0,0,0,0,0,0,0,0,0,0,0,0,0,0,0,0,0,0,0,0,0,0,0,0,0,0,0,0,0,0
1963.38,1,1,0,96,0,0,0,0,0,0,0,0,0,0,0,0,0,0,0,0,0,0,0,0,0,0,0,0,0,0,0,0,0,0,0,0
1963.38,1,1,0,97,0,0,0,0,0,0,0,0,0,0,0,0,0,0,0,0,0,0,0,0,0,0,0,0,0,0,0,0,0,0,0,0
1963.38,1,1,0,98,0,0,0,0,0,0,0,0,0,0,0,0,0,0,0,0,0,0,0,0,0,0,0,0,0,0,0,0,0,0,0,0
1963.38,1,1,0,99,0,0,0,0,0,0,0,0,0,0,0,0,0,0,0,0,0,0,0,0,0,0,0,0,0,0,0,0,0,0,0,0
1963.95,1,0,0,0,35,4,6,0,2,0,0,0,0,0,0,0,0,0,0,0,0,0,0,0,0,0,0,0,0,0,0,0,0,0,1,0
1963.95,1,0,0,1,32,2,0,0,0,0,0,0,0,0,0,0,0,0,0,0,0,0,0,30,0,0,0,0,0,0,0,0,0,0,32,0
1963.95,1,0,0,2,28,3,0,0,0,0,0,0,0,0,0,23,0,0,0,23,0,0,0,5,0,0,0,0,0,0,0,0,23,23,28,0
1963.95,1,0,0,3,21,2,0,0,0,0,0,0,0,0,0,19,0,0,0,21,0,0,0,2,0,0,0,0,0,0,0,0,19,21,21,0
1963.95,1,0,0,4,14,3,0,0,0,0,0,0,0,0,0,13,0,0,0,14,0,0,0,1,0,0,0,0,0,0,0,0,13,16,14,0
1963.95,1,0,0,5,8,2,0,0,1,1,0,0,0,0,0,8,0,0,0,8,0,0,0,0,0,0,0,0,0,0,0,0,8,9,8,0
1963.95,1,0,0,6,7,2,0,0,1,0,0,0,0,0,0,7,0,0,0,7,0,0,0,0,0,0,0,0,0,0,0,0,7,10,7,0
1963.95,1,0,0,7,9,3,0,0,0,0,0,0,0,0,0,9,0,0,0,9,0,0,0,0,0,0,0,0,0,0,0,0,9,11,9,0
1963.95,1,0,0,8,9,4,0,0,0,0,0,0,0,0,0,9,0,0,0,9,0,0,0,0,0,0,0,0,0,0,0,0,9,9,9,0
1963.95,1,0,0,9,3,0,0,0,0,0,0,0,0,0,0,3,0,0,0,3,0,0,0,0,0,0,0,0,0,0,0,0,3,3,3,0
1963.95,1,0,0,10,8,2,0,0,0,0,0,0,0,0,0,8,0,0,0,8,0,0,0,0,0,0,0,0,0,0,0,0,8,9,8,0
1963.95,1,0,0,11,9,1,0,0,0,0,0,0,0,0,0,9,0,0,0,9,0,0,0,0,0,0,0,0,0,0,0,0,9,11,9,0
1963.95,1,0,0,12,4,1,0,0,0,0,0,0,0,0,0,4,0,0,0,4,0,0,0,0,0,0,0,0,0,0,0,0,4,6,4,2
1963.95,1,0,0,13,4,1,0,0,0,0,0,0,0,0,0,4,0,0,0,4,0,0,0,0,0,0,0,0,0,0,0,0,4,5,4,2
1963.95,1,0,0,14,5,3,0,0,0,0,0,0,0,0,0,5,0,0,0,5,0,0,0,0,0,0,0,0,0,0,0,0,5,5,5,5
1963.95,1,0,0,15,7,4,0,0,0,0,0,0,0,0,0,7,0,0,0,7,0,0,0,0,0,0,0,0,0,0,0,0,7,9,7,3
1963.95,1,0,0,16,6,2,0,0,0,0,0,0,0,0,0,6,0,0,0,6,0,0,0,0,0,0,0,0,0,0,0,0,6,6,6,5
1963.95,1,0,0,17,7,2,0,0,0,0,0,0,0,0,0,6,0,0,0,7,0,0,0,1,0,0,0,0,0,0,0,0,6,8,7,6
1963.95,1,0,0,18,3,0,0,0,0,0,0,0,0,0,0,3,0,0,0,3,0,0,0,0,0,0,0,0,0,0,0,0,3,5,3,1
1963.95,1,0,0,19,7,3,0,0,0,0,0,0,0,0,0,7,0,0,0,7,0,0,0,0,0,0,0,0,0,0,0,0,7,9,7,3
1963.95,1,0,0,20,14,8,0,0,0,0,0,0,0,0,0,14,0,0,0,14,0,0,0,0,0,0,0,0,0,0,0,0,14,15,14,7
1963.95,1,0,0,21,11,7,0,0,0,0,0,0,0,0,0,11,0,0,0,11,0,0,0,0,0,0,0,0,0,0,0,0,11,15,11,7
1963.95,1,0,0,22,10,7,0,0,0,0,0,0,0,0,0,10,0,0,0,10,0,0,0,0,0,0,0,0,0,0,0,0,10,12,10,5
1963.95,1,0,0,23,7,4,0,0,0,0,0,0,0,0,0,7,0,0,0,7,0,0,0,0,0,0,0,0,0,0,0,0,7,9,7,5
1963.95,1,0,0,24,4,1,0,0,0,0,0,0,0,0,0,4,0,0,0,4,0,0,0,0,0,0,0,0,0,0,0,0,4,5,4,3
1963.95,1,0,0,25,7,2,0,0,0,0,0,0,0,0,0,7,0,0,0,7,0,0,0,0,0,0,0,0,0,0,0,0,7,8,7,2
1963.95,1,0,0,26,12,7,0,0,0,0,0,0,0,0,0,11,0,0,0,12,0,0,0,1,0,0,0,0,0,0,0,0,11,15,12,10
1963.95,1,0,0,27,6,3,0,0,0,0,0,0,0,0,0,6,0,0,0,6,0,0,0,0,0,0,0,0,0,0,0,0,6,7,6,5
1963.95,1,0,0,28,7,5,0,0,0,0,0,0,0,0,0,7,0,0,0,7,0,0,0,0,0,0,0,0,0,0,0,0,7,7,7,7
1963.95,1,0,0,29,5,3,0,0,0,0,0,0,0,0,0,5,0,0,0,5,0,0,0,0,0,0,0,0,0,0,0,0,5,5,5,4
1963.95,1,0,0,30,9,3,0,0,0,0,0,0,0,0,0,9,0,0,0,9,0,0,0,0,0,0,0,0,0,0,0,0,9,9,9,7
1963.95,1,0,0,31,4,2,0,0,0,0,0,0,0,0,0,4,0,0,0,4,0,0,0,0,0,0,0,0,0,0,0,0,4,4,4,4
1963.95,1,0,0,32,7,3,0,0,0,0,0,0,0,0,0,7,0,0,0,7,0,0,0,0,0,0,0,0,0,0,0,0,7,9,7,7
1963.95,1,0,0,33,7,4,0,0,0,0,0,0,0,0,0,7,0,0,0,7,0,0,0,0,0,0,0,0,0,0,0,0,7,7,7,7
1963.95,1,0,0,34,8,4,0,0,0,0,0,0,0,0,0,8,0,0,0,8,0,0,0,0,0,0,0,0,0,0,0,0,8,10,8,7
1963.95,1,0,0,35,5,3,0,0,0,0,0,0,0,0,0,5,0,0,0,5,0,0,0,0,0,0,0,0,0,0,0,0,5,5,5,4
1963.95,1,0,0,36,5,3,0,0,0,0,0,0,0,0,0,5,0,0,0,5,0,0,0,0,0,0,0,0,0,0,0,0,5,6,5,5
1963.95,1,0,0,37,9,4,0,0,0,0,0,0,0,0,0,9,0,0,0,9,0,0,0,0,0,0,0,0,0,0,0,0,9,9,9,9
1963.95,1,0,0,38,4,2,0,0,0,0,0,0,0,0,0,4,0,0,0,4,0,0,0,0,0,0,0,0,0,0,0,0,4,4,4,4
1963.95,1,0,0,39,4,1,0,0,0,0,0,0,0,0,0,4,0,0,0,4,0,0,0,0,0,0,0,0,0,0,0,0,4,5,4,4
1963.95,1,0,0,40,5,2,0,0,0,0,0,0,0,0,0,5,0,0,0,5,0,0,0,0,0,0,0,0,0,0,0,0,5,6,5,5
1963.95,1,0,0,41,2,1,0,0,0,0,0,0,0,0,0,2,0,0,0,2,0,0,0,0,0,0,0,0,0,0,0,0,2,2,2,2
1963.95,1,0,0,42,4,3,0,0,0,0,0,0,0,0,0,4,0,0,0,4,0,0,0,0,0,0,0,0,0,0,0,0,4,4,4,4
1963.95,1,0,0,43,5,4,0,0,0,0,0,0,0,0,0,5,0,0,0,5,0,0,0,0,0,0,0,0,0,0,0,0,5,5,5,5
1963.95,1,0,0,44,8,1,0,0,0,0,0,0,0,0,0,8,0,0,0,8,0,0,0,0,0,0,0,0,0,0,0,0,8,9,8,8
1963.95,1,0,0,45,4,4,0,0,0,0,0,0,0,0,0,4,0,0,0,4,0,0,0,0,0,0,0,0,0,0,0,0,4,4,4,4
1963.95,1,0,0,46,7,6,1,0,0,0,0,0,0,0,0,7,0,0,0,7,0,0,0,0,0,0,0,0,0,0,0,0,7,7,7,7
1963.95,1,0,0,47,3,3,0,0,0,0,0,0,0,0,0,3,0,0,0,3,0,0,0,0,0,0,0,0,0,0,0,0,3,3,3,3
1963.95,1,0,0,48,1,1,0,0,0,0,0,0,0,0,0,1,0,0,0,1,0,0,0,0,0,0,0,0,0,0,0,0,1,2,1,1
1963.95,1,0,0,49,2,0,0,0,0,0,0,0,0,0,0,2,0,0,0,2,0,0,0,0,0,0,0,0,0,0,0,0,2,2,2,2
1963.95,1,0,0,50,3,2,0,0,0,0,0,0,0,0,0,3,0,0,0,3,0,0,0,0,0,0,0,0,0,0,0,0,3,3,3,3
1963.95,1,0,0,51,1,1,0,0,1,0,0,0,0,0,0,1,0,0,0,1,0,0,0,0,0,0,0,0,0,0,0,0,1,1,1,1
1963.95,1,0,0,52,1,0,0,0,0,0,0,0,0,0,0,1,0,0,0,1,0,0,0,0,0,0,0,0,0,0,0,0,1,1,1,1
1963.95,1,0,0,53,2,1,0,0,1,1,0,0,0,0,0,2,0,0,0,2,0,0,0,0,0,0,0,0,0,0,0,0,2,2,2,2
1963.95,1,0,0,54,2,1,0,0,0,0,0,0,0,0,0,2,0,0,0,2,0,0,0,0,0,0,0,0,0,0,0,0,2,2,2,2
1963.95,1,0,0,55,2,2,0,0,0,0,0,0,0,0,0,2,0,0,0,2,0,0,0,0,0,0,0,0,0,0,0,0,2,2,2,2
1963.95,1,0,0,56,0,0,0,0,0,0,0,0,0,0,0,0,0,0,0,0,0,0,0,0,0,0,0,0,0,0,0,0,0,0,0,0
1963.95,1,0,0,57,3,1,0,0,0,0,0,0,0,0,0,3,0,0,0,3,0,0,0,0,0,0,0,0,0,0,0,0,3,3,3,2
1963.95,1,0,0,58,3,2,0,0,0,0,0,0,0,0,0,3,0,0,0,3,0,0,0,0,0,0,0,0,0,0,0,0,3,3,3,3
1963.95,1,0,0,59,1,0,0,0,0,0,0,0,0,0,0,1,0,0,0,1,0,0,0,0,0,0,0,0,0,0,0,0,1,1,1,1
1963.95,1,0,0,60,3,2,0,0,1,1,0,0,0,0,0,2,0,0,0,3,0,0,0,0,0,0,0,0,0,0,0,0,2,5,3,3
1963.95,1,0,0,61,3,2,0,0,0,0,0,0,0,0,0,3,0,0,0,3,0,0,0,0,0,0,0,0,0,0,0,0,3,3,3,3
1963.95,1,0,0,62,1,0,0,0,0,0,0,0,0,0,0,1,0,0,0,1,0,0,0,0,0,0,0,0,0,0,0,0,1,2,1,1
1963.95,1,0,0,63,3,1,0,0,0,0,0,0,0,0,0,3,0,0,0,3,0,0,0,0,0,0,0,0,0,0,0,0,3,3,3,3
1963.95,1,0,0,64,0,0,0,0,0,0,0,0,0,0,0,0,0,0,0,0,0,0,0,0,0,0,0,0,0,0,0,0,0,0,0,0
1963.95,1,0,0,65,5,2,1,0,0,0,0,0,0,0,0,5,0,0,0,5,0,0,0,0,0,0,0,0,0,0,0,0,5,6,5,5
1963.95,1,0,0,66,1,0,0,0,0,0,0,0,0,0,0,1,0,0,0,1,0,0,0,0,0,0,0,0,0,0,0,0,1,1,1,1
1963.95,1,0,0,67,1,0,0,0,0,0,0,0,0,0,0,1,0,0,0,1,0,0,0,0,0,0,0,0,0,0,0,0,1,1,1,1
1963.95,1,0,0,68,1,1,0,0,0,0,0,0,0,0,0,1,0,0,0,1,0,0,0,0,0,0,0,0,0,0,0,0,1,1,1,1
1963.95,1,0,0,69,1,0,0,0,0,0,0,0,0,0,0,1,0,0,0,1,0,0,0,0,0,0,0,0,0,0,0,0,1,1,1,1
1963.95,1,0,0,70,0,0,0,0,0,0,0,0,0,0,0,0,0,0,0,0,0,0,0,0,0,0,0,0,0,0,0,0,0,0,0,0
1963.95,1,0,0,71,1,1,0,0,0,0,0,0,0,0,0,1,0,0,0,1,0,0,0,0,0,0,0,0,0,0,0,0,1,1,1,1
1963.95,1,0,0,72,0,0,0,0,0,0,0,0,0,0,0,0,0,0,0,0,0,0,0,0,0,0,0,0,0,0,0,0,0,0,0,0
1963.95,1,0,0,73,0,0,0,0,0,0,0,0,0,0,0,0,0,0,0,0,0,0,0,0,0,0,0,0,0,0,0,0,0,0,0,0
1963.95,1,0,0,74,1,0,0,0,0,0,0,0,0,0,0,1,0,0,0,1,0,0,0,0,0,0,0,0,0,0,0,0,1,2,1,1
1963.95,1,0,0,75,0,0,0,0,0,0,0,0,0,0,0,0,0,0,0,0,0,0,0,0,0,0,0,0,0,0,0,0,0,0,0,0
1963.95,1,0,0,76,0,0,0,0,0,0,0,0,0,0,0,0,0,0,0,0,0,0,0,0,0,0,0,0,0,0,0,0,0,0,0,0
1963.95,1,0,0,77,1,1,0,0,0,0,0,0,0,0,0,1,0,0,0,1,0,0,0,0,0,0,0,0,0,0,0,0,1,2,1,1
1963.95,1,0,0,78,1,1,0,0,0,0,0,0,0,0,0,1,0,0,0,1,0,0,0,0,0,0,0,0,0,0,0,0,1,2,1,1
1963.95,1,0,0,79,0,0,0,0,0,0,0,0,0,0,0,0,0,0,0,0,0,0,0,0,0,0,0,0,0,0,0,0,0,0,0,0
1963.95,1,0,0,80,0,0,0,0,0,0,0,0,0,0,0,0,0,0,0,0,0,0,0,0,0,0,0,0,0,0,0,0,0,0,0,0
1963.95,1,0,0,81,0,0,0,0,0,0,0,0,0,0,0,0,0,0,0,0,0,0,0,0,0,0,0,0,0,0,0,0,0,0,0,0
1963.95,1,0,0,82,0,0,0,0,0,0,0,0,0,0,0,0,0,0,0,0,0,0,0,0,0,0,0,0,0,0,0,0,0,0,0,0
1963.95,1,0,0,83,0,0,0,0,0,0,0,0,0,0,0,0,0,0,0,0,0,0,0,0,0,0,0,0,0,0,0,0,0,0,0,0
1963.95,1,0,0,84,1,0,0,0,0,0,0,0,0,0,0,1,0,0,0,1,0,0,0,0,0,0,0,0,0,0,0,0,1,1,1,1
1963.95,1,0,0,85,0,0,0,0,0,0,0,0,0,0,0,0,0,0,0,0,0,0,0,0,0,0,0,0,0,0,0,0,0,0,0,0
1963.95,1,0,0,86,0,0,0,0,0,0,0,0,0,0,0,0,0,0,0,0,0,0,0,0,0,0,0,0,0,0,0,0,0,0,0,0
1963.95,1,0,0,87,0,0,0,0,0,0,0,0,0,0,0,0,0,0,0,0,0,0,0,0,0,0,0,0,0,0,0,0,0,0,0,0
1963.95,1,0,0,88,0,0,0,0,0,0,0,0,0,0,0,0,0,0,0,0,0,0,0,0,0,0,0,0,0,0,0,0,0,0,0,0
1963.95,1,0,0,89,0,0,0,0,0,0,0,0,0,0,0,0,0,0,0,0,0,0,0,0,0,0,0,0,0,0,0,0,0,0,0,0
1963.95,1,0,0,90,0,0,0,0,0,0,0,0,0,0,0,0,0,0,0,0,0,0,0,0,0,0,0,0,0,0,0,0,0,0,0,0
1963.95,1,0,0,91,0,0,0,0,0,0,0,0,0,0,0,0,0,0,0,0,0,0,0,0,0,0,0,0,0,0,0,0,0,0,0,0
1963.95,1,0,0,92,0,0,0,0,0,0,0,0,0,0,0,0,0,0,0,0,0,0,0,0,0,0,0,0,0,0,0,0,0,0,0,0
1963.95,1,0,0,93,0,0,0,0,0,0,0,0,0,0,0,0,0,0,0,0,0,0,0,0,0,0,0,0,0,0,0,0,0,0,0,0
1963.95,1,0,0,94,0,0,0,0,0,0,0,0,0,0,0,0,0,0,0,0,0,0,0,0,0,0,0,0,0,0,0,0,0,0,0,0
1963.95,1,0,0,95,0,0,0,0,0,0,0,0,0,0,0,0,0,0,0,0,0,0,0,0,0,0,0,0,0,0,0,0,0,0,0,0
1963.95,1,0,0,96,0,0,0,0,0,0,0,0,0,0,0,0,0,0,0,0,0,0,0,0,0,0,0,0,0,0,0,0,0,0,0,0
1963.95,1,0,0,97,0,0,0,0,0,0,0,0,0,0,0,0,0,0,0,0,0,0,0,0,0,0,0,0,0,0,0,0,0,0,0,0
1963.95,1,0,0,98,0,0,0,0,0,0,0,0,0,0,0,0,0,0,0,0,0,0,0,0,0,0,0,0,0,0,0,0,0,0,0,0
1963.95,1,0,0,99,0,0,0,0,0,0,0,0,0,0,0,0,0,0,0,0,0,0,0,0,0,0,0,0,0,0,0,0,0,0,0,0
1963.95,1,0,1,0,0,0,0,0,0,0,0,0,0,0,0,0,0,0,0,0,0,0,0,0,0,0,0,0,0,0,0,0,0,0,0,0
1963.95,1,0,1,1,0,0,0,0,0,0,0,0,0,0,0,0,0,0,0,0,0,0,0,0,0,0,0,0,0,0,0,0,0,0,0,0
1963.95,1,0,1,2,0,0,0,0,0,0,0,0,0,0,0,0,0,0,0,0,0,0,0,0,0,0,0,0,0,0,0,0,0,0,0,0
1963.95,1,0,1,3,4,3,0,0,0,0,0,0,0,0,0,4,0,0,0,4,0,0,0,0,0,0,0,0,0,0,0,0,4,4,4,0
1963.95,1,0,1,4,12,3,0,0,0,0,0,0,0,0,0,12,0,0,0,12,0,0,0,0,0,0,0,0,0,0,0,0,12,12,12,0
1963.95,1,0,1,5,13,5,0,0,0,0,0,0,0,0,0,13,0,0,0,13,0,0,0,0,0,0,0,0,0,0,0,0,13,16,13,0
1963.95,1,0,1,6,11,1,0,0,0,0,0,0,0,0,0,11,0,0,0,11,0,0,0,0,0,0,0,0,0,0,0,0,11,14,11,0
1963.95,1,0,1,7,8,3,0,0,0,0,0,0,0,0,0,8,0,0,0,8,0,0,0,0,0,0,0,0,0,0,0,0,8,9,8,0
1963.95,1,0,1,8,9,5,0,0,0,0,0,0,0,0,0,8,0,0,0,9,0,0,0,1,0,0,0,0,0,0,0,0,8,11,9,0
1963.95,1,0,1,9,8,4,0,0,0,0,0,0,0,0,0,8,0,0,0,8,0,0,0,0,0,0,0,0,0,0,0,0,8,10,8,0
1963.95,1,0,1,10,4,2,0,0,0,0,0,0,0,0,0,4,0,0,0,4,0,0,0,0,0,0,0,0,0,0,0,0,4,4,4,0
1963.95,1,0,1,11,6,5,0,0,0,0,0,0,0,0,0,6,0,0,0,6,0,0,0,0,0,0,0,0,0,0,0,0,6,7,6,0
1963.95,1,0,1,12,8,2,0,0,0,0,0,0,0,0,0,8,0,0,0,8,0,0,0,0,0,0,0,0,0,0,0,0,8,9,8,3
1963.95,1,0,1,13,8,4,2,0,0,0,0,0,0,0,0,8,0,0,0,8,0,0,0,0,0,0,0,0,0,0,0,0,8,10,8,4
1963.95,1,0,1,14,6,2,0,0,0,0,0,0,0,0,0,6,0,0,0,6,0,0,0,0,0,0,0,0,0,0,0,0,6,8,6,4
1963.95,1,0,1,15,11,5,0,0,0,0,0,0,0,0,0,11,0,0,0,11,0,0,0,0,0,0,0,0,0,0,0,0,11,12,11,5
1963.95,1,0,1,16,8,3,0,0,0,0,0,0,0,0,0,8,0,0,0,8,0,0,0,0,0,0,0,0,0,0,0,0,8,10,8,2
1963.95,1,0,1,17,10,3,0,0,0,0,0,0,0,0,0,10,0,0,0,10,0,0,0,0,0,0,0,0,0,0,0,0,10,10,10,7
1963.95,1,0,1,18,5,2,0,0,0,0,0,0,0,0,0,5,0,0,0,5,0,0,0,0,0,0,0,0,0,0,0,0,5,5,5,4
1963.95,1,0,1,19,11,4,0,0,0,0,0,0,0,0,0,11,0,0,0,11,0,0,0,0,0,0,0,0,0,0,0,0,11,16,11,4
1963.95,1,0,1,20,4,3,0,0,0,0,0,0,0,0,0,3,0,0,0,4,0,0,0,1,0,0,0,0,0,0,0,0,3,6,4,2
1963.95,1,0,1,21,11,5,0,0,0,0,0,0,0,0,0,11,0,0,0,11,0,0,0,0,0,0,0,0,0,0,0,0,11,14,11,7
1963.95,1,0,1,22,6,3,0,0,0,0,0,0,0,0,0,6,0,0,0,6,0,0,0,0,0,0,0,0,0,0,0,0,6,7,6,5
1963.95,1,0,1,23,9,4,0,0,0,0,0,0,0,0,0,9,0,0,0,9,0,0,0,0,0,0,0,0,0,0,0,0,9,10,9,6
1963.95,1,0,1,24,7,5,0,0,0,0,0,0,0,0,0,7,0,0,0,7,0,0,0,0,0,0,0,0,0,0,0,0,7,7,7,4
1963.95,1,0,1,25,9,7,0,0,0,0,0,0,0,0,0,9,0,0,0,9,0,0,0,0,0,0,0,0,0,0,0,0,9,11,9,6
1963.95,1,0,1,26,3,2,0,0,0,0,0,0,0,0,0,3,0,0,0,3,0,0,0,0,0,0,0,0,0,0,0,0,3,4,3,1
1963.95,1,0,1,27,6,3,0,0,0,0,0,0,0,0,0,6,0,0,0,6,0,0,0,0,0,0,0,0,0,0,0,0,6,6,6,5
1963.95,1,0,1,28,5,3,0,0,0,0,0,0,0,0,0,5,0,0,0,5,0,0,0,0,0,0,0,0,0,0,0,0,5,5,5,2
1963.95,1,0,1,29,6,4,0,0,0,0,0,0,0,0,0,6,0,0,0,6,0,0,0,0,0,0,0,0,0,0,0,0,6,7,6,3
1963.95,1,0,1,30,4,2,0,0,0,0,0,0,0,0,0,4,0,0,0,4,0,0,0,0,0,0,0,0,0,0,0,0,4,4,4,3
1963.95,1,0,1,31,9,6,0,0,0,0,0,0,0,0,0,9,0,0,0,9,0,0,0,0,0,0,0,0,0,0,0,0,9,10,9,7
1963.95,1,0,1,32,9,5,1,0,0,0,0,0,0,0,0,9,0,0,0,9,0,0,0,0,0,0,0,0,0,0,0,0,9,10,9,7
1963.95,1,0,1,33,12,7,0,0,0,0,0,0,0,0,0,11,0,0,0,12,0,0,0,1,0,0,0,0,0,0,0,0,11,12,12,12
1963.95,1,0,1,34,2,1,0,0,0,0,0,0,0,0,0,2,0,0,0,2,0,0,0,0,0,0,0,0,0,0,0,0,2,2,2,2
1963.95,1,0,1,35,7,3,0,0,0,0,0,0,0,0,0,7,0,0,0,7,0,0,0,0,0,0,0,0,0,0,0,0,7,7,7,6
1963.95,1,0,1,36,5,2,0,0,0,0,0,0,0,0,0,5,0,0,0,5,0,0,0,0,0,0,0,0,0,0,0,0,5,5,5,5
1963.95,1,0,1,37,5,0,0,0,0,0,0,0,0,0,0,5,0,0,0,5,0,0,0,0,0,0,0,0,0,0,0,0,5,5,5,5
1963.95,1,0,1,38,5,1,0,0,0,0,0,0,0,0,0,5,0,0,0,5,0,0,0,0,0,0,0,0,0,0,0,0,5,6,5,5
1963.95,1,0,1,39,6,4,0,0,0,0,0,0,0,0,0,6,0,0,0,6,0,0,0,0,0,0,0,0,0,0,0,0,6,8,6,6
1963.95,1,0,1,40,7,2,0,0,0,0,0,0,0,0,0,7,0,0,0,7,0,0,0,0,0,0,0,0,0,0,0,0,7,7,7,7
1963.95,1,0,1,41,5,1,0,0,0,0,0,0,0,0,0,5,0,0,0,5,0,0,0,0,0,0,0,0,0,0,0,0,5,5,5,5
1963.95,1,0,1,42,3,2,0,0,0,0,0,0,0,0,0,3,0,0,0,3,0,0,0,0,0,0,0,0,0,0,0,0,3,4,3,3
1963.95,1,0,1,43,2,1,0,0,0,0,0,0,0,0,0,2,0,0,0,2,0,0,0,0,0,0,0,0,0,0,0,0,2,2,2,2
1963.95,1,0,1,44,5,4,0,0,2,2,0,0,0,0,0,5,0,0,0,5,0,0,0,0,0,0,0,0,0,0,0,0,5,5,5,5
1963.95,1,0,1,45,3,0,0,0,0,0,0,0,0,0,0,3,0,0,0,3,0,0,0,0,0,0,0,0,0,0,0,0,3,4,3,3
1963.95,1,0,1,46,2,0,0,0,0,0,0,0,0,0,0,2,0,0,0,2,0,0,0,0,0,0,0,0,0,0,0,0,2,2,2,2
1963.95,1,0,1,47,4,1,0,0,0,0,0,0,0,0,0,4,0,0,0,4,0,0,0,0,0,0,0,0,0,0,0,0,4,4,4,4
1963.95,1,0,1,48,3,1,0,0,0,0,0,0,0,0,0,3,0,0,0,3,0,0,0,0,0,0,0,0,0,0,0,0,3,3,3,3
1963.95,1,0,1,49,4,4,0,0,0,0,0,0,0,0,0,4,0,0,0,4,0,0,0,0,0,0,0,0,0,0,0,0,4,4,4,4
1963.95,1,0,1,50,7,2,0,0,0,0,0,0,0,0,0,7,0,0,0,7,0,0,0,0,0,0,0,0,0,0,0,0,7,8,7,7
1963.95,1,0,1,51,0,0,0,0,0,0,0,0,0,0,0,0,0,0,0,0,0,0,0,0,0,0,0,0,0,0,0,0,0,0,0,0
1963.95,1,0,1,52,3,1,0,0,0,0,0,0,0,0,0,3,0,0,0,3,0,0,0,0,0,0,0,0,0,0,0,0,3,3,3,3
1963.95,1,0,1,53,4,2,0,0,0,0,0,0,0,0,0,4,0,0,0,4,0,0,0,0,0,0,0,0,0,0,0,0,4,4,4,4
1963.95,1,0,1,54,1,1,0,0,0,0,0,0,0,0,0,1,0,0,0,1,0,0,0,0,0,0,0,0,0,0,0,0,1,1,1,1
1963.95,1,0,1,55,3,2,0,0,1,1,0,0,0,0,0,3,0,0,0,3,0,0,0,0,0,0,0,0,0,0,0,0,3,3,3,3
1963.95,1,0,1,56,5,4,0,0,1,1,0,0,0,0,0,4,0,0,0,5,0,0,0,0,0,0,0,0,0,0,0,0,4,6,5,5
1963.95,1,0,1,57,3,1,0,0,0,0,0,0,0,0,0,3,0,0,0,3,0,0,0,0,0,0,0,0,0,0,0,0,3,4,3,3
1963.95,1,0,1,58,8,3,0,0,0,0,0,0,0,0,0,8,0,0,0,8,0,0,0,0,0,0,0,0,0,0,0,0,8,8,8,8
1963.95,1,0,1,59,1,0,0,0,0,0,0,0,0,0,0,1,0,0,0,1,0,0,0,0,0,0,0,0,0,0,0,0,1,1,1,1
1963.95,1,0,1,60,2,1,0,0,0,0,0,0,0,0,0,2,0,0,0,2,0,0,0,0,0,0,0,0,0,0,0,0,2,2,2,2
1963.95,1,0,1,61,1,0,0,0,0,0,0,0,0,0,0,1,0,0,0,1,0,0,0,0,0,0,0,0,0,0,0,0,1,1,1,1
1963.95,1,0,1,62,1,1,0,0,1,1,0,0,0,0,0,1,0,0,0,1,0,0,0,0,0,0,0,0,0,0,0,0,1,1,1,1
1963.95,1,0,1,63,0,0,0,0,0,0,0,0,0,0,0,0,0,0,0,0,0,0,0,0,0,0,0,0,0,0,0,0,0,0,0,0
1963.95,1,0,1,64,0,0,0,0,0,0,0,0,0,0,0,0,0,0,0,0,0,0,0,0,0,0,0,0,0,0,0,0,0,0,0,0
1963.95,1,0,1,65,1,1,0,0,1,0,0,0,0,0,0,1,0,0,0,1,0,0,0,0,0,0,0,0,0,0,0,0,1,1,1,1
1963.95,1,0,1,66,1,0,0,0,0,0,0,0,0,0,0,1,0,0,0,1,0,0,0,0,0,0,0,0,0,0,0,0,1,1,1,1
1963.95,1,0,1,67,1,1,0,0,0,0,0,0,0,0,0,1,0,0,0,1,0,0,0,0,0,0,0,0,0,0,0,0,1,2,1,1
1963.95,1,0,1,68,1,1,0,0,0,0,0,0,0,0,0,1,0,0,0,1,0,0,0,0,0,0,0,0,0,0,0,0,1,2,1,1
1963.95,1,0,1,69,0,0,0,0,0,0,0,0,0,0,0,0,0,0,0,0,0,0,0,0,0,0,0,0,0,0,0,0,0,0,0,0
1963.95,1,0,1,70,1,0,0,0,0,0,0,0,0,0,0,1,0,0,0,1,0,0,0,0,0,0,0,0,0,0,0,0,1,1,1,1
1963.95,1,0,1,71,1,1,0,0,0,0,0,0,0,0,0,1,0,0,0,1,0,0,0,0,0,0,0,0,0,0,0,0,1,1,1,1
1963.95,1,0,1,72,1,0,0,0,0,0,0,0,0,0,0,1,0,0,0,1,0,0,0,0,0,0,0,0,0,0,0,0,1,2,1,1
1963.95,1,0,1,73,2,2,0,0,0,0,0,0,0,0,0,2,0,0,0,2,0,0,0,0,0,0,0,0,0,0,0,0,2,3,2,2
1963.95,1,0,1,74,0,0,0,0,0,0,0,0,0,0,0,0,0,0,0,0,0,0,0,0,0,0,0,0,0,0,0,0,0,0,0,0
1963.95,1,0,1,75,3,3,0,0,0,0,0,0,0,0,0,3,0,0,0,3,0,0,0,0,0,0,0,0,0,0,0,0,3,3,3,3
1963.95,1,0,1,76,1,1,0,0,0,0,0,0,0,0,0,1,0,0,0,1,0,0,0,0,0,0,0,0,0,0,0,0,1,1,1,1
1963.95,1,0,1,77,2,1,0,0,0,0,0,0,0,0,0,2,0,0,0,2,0,0,0,0,0,0,0,0,0,0,0,0,2,2,2,2
1963.95,1,0,1,78,0,0,0,0,0,0,0,0,0,0,0,0,0,0,0,0,0,0,0,0,0,0,0,0,0,0,0,0,0,0,0,0
1963.95,1,0,1,79,1,1,0,0,0,0,0,0,0,0,0,1,0,0,0,1,0,0,0,0,0,0,0,0,0,0,0,0,1,1,1,1
1963.95,1,0,1,80,0,0,0,0,0,0,0,0,0,0,0,0,0,0,0,0,0,0,0,0,0,0,0,0,0,0,0,0,0,0,0,0
1963.95,1,0,1,81,1,0,0,0,0,0,0,0,0,0,0,1,0,0,0,1,0,0,0,0,0,0,0,0,0,0,0,0,1,1,1,1
1963.95,1,0,1,82,0,0,0,0,0,0,0,0,0,0,0,0,0,0,0,0,0,0,0,0,0,0,0,0,0,0,0,0,0,0,0,0
1963.95,1,0,1,83,0,0,0,0,0,0,0,0,0,0,0,0,0,0,0,0,0,0,0,0,0,0,0,0,0,0,0,0,0,0,0,0
1963.95,1,0,1,84,0,0,0,0,0,0,0,0,0,0,0,0,0,0,0,0,0,0,0,0,0,0,0,0,0,0,0,0,0,0,0,0
1963.95,1,0,1,85,0,0,0,0,0,0,0,0,0,0,0,0,0,0,0,0,0,0,0,0,0,0,0,0,0,0,0,0,0,0,0,0
1963.95,1,0,1,86,0,0,0,0,0,0,0,0,0,0,0,0,0,0,0,0,0,0,0,0,0,0,0,0,0,0,0,0,0,0,0,0
1963.95,1,0,1,87,0,0,0,0,0,0,0,0,0,0,0,0,0,0,0,0,0,0,0,0,0,0,0,0,0,0,0,0,0,0,0,0
1963.95,1,0,1,88,0,0,0,0,0,0,0,0,0,0,0,0,0,0,0,0,0,0,0,0,0,0,0,0,0,0,0,0,0,0,0,0
1963.95,1,0,1,89,0,0,0,0,0,0,0,0,0,0,0,0,0,0,0,0,0,0,0,0,0,0,0,0,0,0,0,0,0,0,0,0
1963.95,1,0,1,90,0,0,0,0,0,0,0,0,0,0,0,0,0,0,0,0,0,0,0,0,0,0,0,0,0,0,0,0,0,0,0,0
1963.95,1,0,1,91,0,0,0,0,0,0,0,0,0,0,0,0,0,0,0,0,0,0,0,0,0,0,0,0,0,0,0,0,0,0,0,0
1963.95,1,0,1,92,0,0,0,0,0,0,0,0,0,0,0,0,0,0,0,0,0,0,0,0,0,0,0,0,0,0,0,0,0,0,0,0
1963.95,1,0,1,93,0,0,0,0,0,0,0,0,0,0,0,0,0,0,0,0,0,0,0,0,0,0,0,0,0,0,0,0,0,0,0,0
1963.95,1,0,1,94,0,0,0,0,0,0,0,0,0,0,0,0,0,0,0,0,0,0,0,0,0,0,0,0,0,0,0,0,0,0,0,0
1963.95,1,0,1,95,0,0,0,0,0,0,0,0,0,0,0,0,0,0,0,0,0,0,0,0,0,0,0,0,0,0,0,0,0,0,0,0
1963.95,1,0,1,96,0,0,0,0,0,0,0,0,0,0,0,0,0,0,0,0,0,0,0,0,0,0,0,0,0,0,0,0,0,0,0,0
1963.95,1,0,1,97,0,0,0,0,0,0,0,0,0,0,0,0,0,0,0,0,0,0,0,0,0,0,0,0,0,0,0,0,0,0,0,0
1963.95,1,0,1,98,0,0,0,0,0,0,0,0,0,0,0,0,0,0,0,0,0,0,0,0,0,0,0,0,0,0,0,0,0,0,0,0
1963.95,1,0,1,99,0,0,0,0,0,0,0,0,0,0,0,0,0,0,0,0,0,0,0,0,0,0,0,0,0,0,0,0,0,0,0,0
1963.95,1,1,0,0,33,4,4,0,6,1,0,0,0,0,0,0,0,0,0,0,0,0,0,0,0,0,0,0,0,0,0,0,0,0,0,0
1963.95,1,1,0,1,36,1,0,0,0,0,0,0,0,0,0,32,0,0,0,32,0,0,0,0,0,0,0,1,1,1,0,0,32,32,36,0
1963.95,1,1,0,2,38,3,0,0,0,0,0,0,0,0,0,38,0,0,0,38,0,0,0,0,0,0,0,0,0,0,0,0,38,38,38,0
1963.95,1,1,0,3,24,7,0,0,0,0,0,0,0,0,0,24,0,0,0,24,0,0,0,0,0,0,0,0,0,0,0,0,24,27,24,0
1963.95,1,1,0,4,18,9,0,0,1,1,0,0,0,0,0,18,0,0,0,18,0,0,0,0,0,0,0,0,0,0,0,0,18,19,18,0
1963.95,1,1,0,5,25,9,0,0,0,0,0,0,0,0,0,25,0,0,0,25,0,0,0,0,0,0,0,0,0,0,0,0,25,33,25,0
1963.95,1,1,0,6,20,5,0,0,1,1,0,0,0,0,0,20,0,0,0,20,0,0,0,0,0,0,0,0,0,0,0,0,20,26,20,0
1963.95,1,1,0,7,24,8,0,0,0,0,0,0,0,0,0,24,0,0,0,24,0,0,0,0,0,0,0,0,0,0,0,0,24,32,24,0
1963.95,1,1,0,8,13,7,0,0,0,0,0,0,0,0,0,13,0,0,0,13,0,0,0,0,0,0,0,0,0,0,0,0,13,17,13,0
1963.95,1,1,0,9,16,7,0,0,0,0,0,0,0,0,0,16,0,0,0,16,0,0,0,0,0,0,0,0,0,0,0,0,16,20,16,0
1963.95,1,1,0,10,13,4,0,0,0,0,0,0,0,0,0,13,0,0,0,13,0,0,0,0,0,0,0,0,0,0,0,0,13,20,13,0
1963.95,1,1,0,11,21,6,0,0,0,0,0,0,0,0,0,21,0,0,0,21,0,0,0,0,0,0,0,0,0,0,0,0,21,27,21,0
1963.95,1,1,0,12,12,3,0,0,1,1,0,0,0,0,0,12,0,0,0,12,0,0,0,0,0,0,0,0,0,0,0,0,12,15,12,9
1963.95,1,1,0,13,14,5,0,0,0,0,0,0,0,0,0,14,0,0,0,14,0,0,0,0,0,0,0,0,0,0,0,0,14,17,14,9
1963.95,1,1,0,14,15,6,0,0,0,0,0,0,0,0,0,15,0,0,0,15,0,0,0,0,0,0,0,0,0,0,0,0,15,16,15,11
1963.95,1,1,0,15,6,3,0,0,0,0,0,0,0,0,0,6,0,0,0,6,0,0,0,0,0,0,0,0,0,0,0,0,6,6,6,4
1963.95,1,1,0,16,8,4,0,0,0,0,0,0,0,0,0,8,0,0,0,8,0,0,0,0,0,0,0,0,0,0,0,0,8,9,8,5
1963.95,1,1,0,17,14,4,0,0,0,0,0,0,0,0,0,14,0,0,0,14,0,0,0,0,0,0,0,0,0,0,0,0,14,19,14,10
1963.95,1,1,0,18,17,8,2,0,0,0,0,0,0,0,0,17,0,0,0,17,0,0,0,0,0,0,0,0,0,0,0,0,17,19,17,13
1963.95,1,1,0,19,13,9,1,0,0,0,0,0,0,0,0,13,0,0,0,13,0,0,0,0,0,0,0,0,0,0,0,0,13,20,13,11
1963.95,1,1,0,20,12,6,1,0,1,1,0,0,0,0,0,12,0,0,0,12,0,0,0,0,0,0,0,0,0,0,0,0,12,14,12,9
1963.95,1,1,0,21,19,11,0,0,0,0,0,0,0,0,0,19,0,0,0,19,0,0,0,0,0,0,0,0,0,0,0,0,19,27,19,16
1963.95,1,1,0,22,25,12,0,0,0,0,0,0,0,0,0,25,0,0,0,25,0,0,0,0,0,0,0,0,0,0,0,0,25,31,25,19
1963.95,1,1,0,23,17,8,0,0,0,0,0,0,0,0,0,17,0,0,0,17,0,0,0,0,0,0,0,0,0,0,0,0,17,22,17,14
1963.95,1,1,0,24,6,3,0,0,0,0,0,0,0,0,0,6,0,0,0,6,0,0,0,0,0,0,0,0,0,0,0,0,6,8,6,6
1963.95,1,1,0,25,17,11,0,0,0,0,0,0,0,0,0,17,0,0,0,17,0,0,0,0,0,0,0,0,0,0,0,0,17,17,17,11
1963.95,1,1,0,26,14,9,1,0,0,0,0,0,0,0,0,14,0,0,0,14,0,0,0,0,0,0,0,0,0,0,0,0,14,16,14,13
1963.95,1,1,0,27,13,6,0,0,0,0,0,0,0,0,0,13,0,0,0,13,0,0,0,0,0,0,0,0,0,0,0,0,13,14,13,11
1963.95,1,1,0,28,17,10,0,0,1,1,0,0,0,0,0,17,0,0,0,17,0,0,0,0,0,0,0,0,0,0,0,0,17,18,17,14
1963.95,1,1,0,29,14,7,0,0,0,0,0,0,0,0,0,14,0,0,0,14,0,0,0,0,0,0,0,0,0,0,0,0,14,15,14,12
1963.95,1,1,0,30,9,5,0,0,0,0,0,0,0,0,0,9,0,0,0,9,0,0,0,0,0,0,0,0,0,0,0,0,9,9,9,8
1963.95,1,1,0,31,13,9,0,0,0,0,0,0,0,0,0,13,0,0,0,13,0,0,0,0,0,0,0,0,0,0,0,0,13,14,13,13
1963.95,1,1,0,32,10,5,1,0,0,0,0,0,0,0,0,10,0,0,0,10,0,0,0,0,0,0,0,0,0,0,0,0,10,12,10,10
1963.95,1,1,0,33,12,6,0,0,0,0,0,0,0,0,0,12,0,0,0,12,0,0,0,0,0,0,0,0,0,0,0,0,12,13,12,11
1963.95,1,1,0,34,11,5,0,0,0,0,0,0,0,0,0,10,0,0,0,11,0,0,0,1,0,0,0,0,0,0,0,0,10,11,11,11
1963.95,1,1,0,35,10,5,0,0,2,2,0,0,0,0,0,10,0,0,0,10,0,0,0,0,0,0,0,0,0,0,0,0,10,10,10,10
1963.95,1,1,0,36,16,10,0,0,0,0,0,0,0,0,0,16,0,0,0,16,0,0,0,0,0,0,0,0,0,0,0,0,16,18,16,16
1963.95,1,1,0,37,12,6,0,0,0,0,0,0,0,0,0,12,0,0,0,12,0,0,0,0,0,0,0,0,0,0,0,0,12,15,12,12
1963.95,1,1,0,38,7,2,0,0,0,0,0,0,0,0,0,7,0,0,0,7,0,0,0,0,0,0,0,0,0,0,0,0,7,7,7,7
1963.95,1,1,0,39,7,5,0,0,0,0,0,0,0,0,0,5,0,0,0,7,0,0,0,2,0,0,0,0,0,0,0,0,5,8,7,7
1963.95,1,1,0,40,14,8,0,0,0,0,0,0,0,0,0,13,0,0,0,14,0,0,0,1,0,0,0,0,0,0,0,0,13,16,14,14
1963.95,1,1,0,41,9,4,0,0,0,0,0,0,0,0,0,7,0,0,0,9,0,0,0,2,0,0,0,0,0,0,0,0,7,9,9,9
1963.95,1,1,0,42,6,5,1,0,2,1,0,0,0,0,0,6,0,0,0,6,0,0,0,0,0,0,0,0,0,0,0,0,6,6,6,6
1963.95,1,1,0,43,9,3,0,0,0,0,0,0,0,0,0,7,0,0,0,8,0,0,0,2,0,0,0,0,0,0,0,0,7,8,9,8
1963.95,1,1,0,44,4,4,0,0,0,0,0,0,0,0,0,1,0,0,0,2,0,0,0,3,0,0,0,0,0,0,0,0,1,2,4,2
1963.95,1,1,0,45,12,4,0,0,0,0,0,0,0,0,0,10,0,0,0,11,0,0,0,2,0,0,0,0,0,0,0,0,10,11,12,11
1963.95,1,1,0,46,3,1,0,0,1,1,0,0,0,0,0,2,0,0,0,2,0,0,0,1,0,0,0,0,0,0,0,0,2,2,3,2
1963.95,1,1,0,47,10,6,0,0,2,2,0,0,0,0,0,7,0,0,0,9,0,0,0,3,0,0,0,0,0,0,0,0,7,9,10,9
1963.95,1,1,0,48,9,5,0,0,0,0,0,0,0,0,0,6,0,0,0,6,0,0,0,3,0,0,0,0,0,0,0,0,6,6,9,6
1963.95,1,1,0,49,9,3,0,0,0,0,0,0,0,0,0,6,0,0,0,7,0,0,0,3,0,0,0,0,0,0,0,0,6,7,9,7
1963.95,1,1,0,50,10,4,0,0,1,1,0,0,0,0,0,7,0,0,0,9,0,0,0,3,0,0,0,0,0,0,0,0,7,10,10,9
1963.95,1,1,0,51,5,3,0,0,0,0,0,0,0,0,0,5,0,0,0,5,0,0,0,0,0,0,0,0,0,0,0,0,5,5,5,5
1963.95,1,1,0,52,11,8,0,0,0,0,0,0,0,0,0,8,0,0,0,11,0,0,0,2,0,0,0,0,0,0,0,0,8,13,11,11
1963.95,1,1,0,53,2,0,0,0,0,0,0,0,0,0,0,2,0,0,0,2,0,0,0,0,0,0,0,0,0,0,0,0,2,2,2,2
1963.95,1,1,0,54,7,3,1,0,0,0,0,0,0,0,0,7,0,0,0,7,0,0,0,0,0,0,0,0,0,0,0,0,7,7,7,7
1963.95,1,1,0,55,4,2,1,0,0,0,0,0,0,0,0,3,0,0,0,4,0,0,0,1,0,0,0,0,0,0,0,0,3,5,4,4
1963.95,1,1,0,56,6,3,0,0,0,0,0,0,0,0,0,5,0,0,0,6,0,0,0,0,0,0,0,0,0,0,0,0,5,6,6,6
1963.95,1,1,0,57,5,2,0,0,0,0,0,0,0,0,0,4,0,0,0,5,0,0,0,1,0,0,0,0,0,0,0,0,4,6,5,5
1963.95,1,1,0,58,1,1,0,0,0,0,0,0,0,0,0,1,0,0,0,1,0,0,0,0,0,0,0,0,0,0,0,0,1,1,1,1
1963.95,1,1,0,59,4,3,0,0,0,0,0,0,0,0,0,2,0,0,0,4,0,0,0,2,0,0,0,0,0,0,0,0,2,4,4,4
1963.95,1,1,0,60,2,1,0,0,0,0,0,0,0,0,0,2,0,0,0,2,0,0,0,0,0,0,0,0,0,0,0,0,2,2,2,2
1963.95,1,1,0,61,6,2,0,0,1,0,0,0,0,0,0,5,0,0,0,5,0,0,0,1,0,0,0,0,0,0,0,0,5,5,6,5
1963.95,1,1,0,62,3,1,0,0,0,0,0,0,0,0,0,2,0,0,0,3,0,0,0,1,0,0,0,0,0,0,0,0,2,3,3,3
1963.95,1,1,0,63,6,3,0,0,0,0,0,0,0,0,0,5,0,0,0,6,0,0,0,1,0,0,0,0,0,0,0,0,5,6,6,6
1963.95,1,1,0,64,1,0,0,0,0,0,0,0,0,0,0,0,0,0,0,1,0,0,0,1,0,0,0,0,0,0,0,0,0,1,1,1
1963.95,1,1,0,65,4,2,0,0,0,0,0,0,0,0,0,4,0,0,0,4,0,0,0,0,0,0,0,0,0,0,0,0,4,4,4,4
1963.95,1,1,0,66,2,2,0,0,0,0,0,0,0,0,0,2,0,0,0,2,0,0,0,0,0,0,0,0,0,0,0,0,2,2,2,2
1963.95,1,1,0,67,3,1,0,0,1,1,0,0,0,0,0,1,0,0,0,1,0,0,0,2,0,0,0,0,0,0,0,0,1,1,3,1
1963.95,1,1,0,68,4,2,0,0,0,0,0,0,0,0,0,1,0,0,0,1,0,0,0,3,0,0,0,0,0,0,0,0,1,1,4,1
1963.95,1,1,0,69,1,0,0,0,0,0,0,0,0,0,0,1,0,0,0,1,0,0,0,0,0,0,0,0,0,0,0,0,1,1,1,1
1963.95,1,1,0,70,1,1,0,0,0,0,0,0,0,0,0,0,0,0,0,1,0,0,0,1,0,0,0,0,0,0,0,0,0,1,1,1
1963.95,1,1,0,71,1,1,0,0,1,1,0,0,0,0,0,1,0,0,0,1,0,0,0,0,0,0,0,0,0,0,0,0,1,1,1,1
1963.95,1,1,0,72,3,2,0,0,0,0,0,0,0,0,0,1,0,0,0,2,0,0,0,2,0,0,0,0,0,0,0,0,1,2,3,2
1963.95,1,1,0,73,2,1,0,0,0,0,0,0,0,0,0,0,0,0,0,0,0,0,0,2,0,0,0,0,0,0,0,0,0,0,2,0
1963.95,1,1,0,74,1,1,0,0,0,0,0,0,0,0,0,0,0,0,0,0,0,0,0,1,0,0,0,0,0,0,0,0,0,0,1,0
1963.95,1,1,0,75,2,0,0,0,0,0,0,0,0,0,0,0,0,0,0,0,0,0,0,2,0,0,0,0,0,0,0,0,0,0,2,0
1963.95,1,1,0,76,3,2,0,0,0,0,0,0,0,0,0,2,0,0,0,3,0,0,0,1,0,0,0,0,0,0,0,0,2,3,3,3
1963.95,1,1,0,77,2,1,0,0,0,0,0,0,0,0,0,0,0,0,0,0,0,0,0,2,0,0,0,0,0,0,0,0,0,0,2,0
1963.95,1,1,0,78,1,0,0,0,0,0,0,0,0,0,0,1,0,0,0,1,0,0,0,0,0,0,0,0,0,0,0,0,1,1,1,1
1963.95,1,1,0,79,1,0,0,0,0,0,0,0,0,0,0,0,0,0,0,0,0,0,0,1,0,0,0,0,0,0,0,0,0,0,1,0
1963.95,1,1,0,80,0,0,0,0,0,0,0,0,0,0,0,0,0,0,0,0,0,0,0,0,0,0,0,0,0,0,0,0,0,0,0,0
1963.95,1,1,0,81,0,0,0,0,0,0,0,0,0,0,0,0,0,0,0,0,0,0,0,0,0,0,0,0,0,0,0,0,0,0,0,0
1963.95,1,1,0,82,2,0,0,0,0,0,0,0,0,0,0,0,0,0,0,0,0,0,0,2,0,0,0,0,0,0,0,0,0,0,2,0
1963.95,1,1,0,83,0,0,0,0,0,0,0,0,0,0,0,0,0,0,0,0,0,0,0,0,0,0,0,0,0,0,0,0,0,0,0,0
1963.95,1,1,0,84,1,0,0,0,0,0,0,0,0,0,0,0,0,0,0,0,0,0,0,1,0,0,0,0,0,0,0,0,0,0,1,0
1963.95,1,1,0,85,0,0,0,0,0,0,0,0,0,0,0,0,0,0,0,0,0,0,0,0,0,0,0,0,0,0,0,0,0,0,0,0
1963.95,1,1,0,86,0,0,0,0,0,0,0,0,0,0,0,0,0,0,0,0,0,0,0,0,0,0,0,0,0,0,0,0,0,0,0,0
1963.95,1,1,0,87,0,0,0,0,0,0,0,0,0,0,0,0,0,0,0,0,0,0,0,0,0,0,0,0,0,0,0,0,0,0,0,0
1963.95,1,1,0,88,0,0,0,0,0,0,0,0,0,0,0,0,0,0,0,0,0,0,0,0,0,0,0,0,0,0,0,0,0,0,0,0
1963.95,1,1,0,89,0,0,0,0,0,0,0,0,0,0,0,0,0,0,0,0,0,0,0,0,0,0,0,0,0,0,0,0,0,0,0,0
1963.95,1,1,0,90,0,0,0,0,0,0,0,0,0,0,0,0,0,0,0,0,0,0,0,0,0,0,0,0,0,0,0,0,0,0,0,0
1963.95,1,1,0,91,0,0,0,0,0,0,0,0,0,0,0,0,0,0,0,0,0,0,0,0,0,0,0,0,0,0,0,0,0,0,0,0
1963.95,1,1,0,92,1,1,0,0,0,0,0,0,0,0,0,0,0,0,0,1,0,0,0,1,0,0,0,0,0,0,0,0,0,1,1,1
1963.95,1,1,0,93,0,0,0,0,0,0,0,0,0,0,0,0,0,0,0,0,0,0,0,0,0,0,0,0,0,0,0,0,0,0,0,0
1963.95,1,1,0,94,0,0,0,0,0,0,0,0,0,0,0,0,0,0,0,0,0,0,0,0,0,0,0,0,0,0,0,0,0,0,0,0
1963.95,1,1,0,95,0,0,0,0,0,0,0,0,0,0,0,0,0,0,0,0,0,0,0,0,0,0,0,0,0,0,0,0,0,0,0,0
1963.95,1,1,0,96,0,0,0,0,0,0,0,0,0,0,0,0,0,0,0,0,0,0,0,0,0,0,0,0,0,0,0,0,0,0,0,0
1963.95,1,1,0,97,0,0,0,0,0,0,0,0,0,0,0,0,0,0,0,0,0,0,0,0,0,0,0,0,0,0,0,0,0,0,0,0
1963.95,1,1,0,98,0,0,0,0,0,0,0,0,0,0,0,0,0,0,0,0,0,0,0,0,0,0,0,0,0,0,0,0,0,0,0,0
1963.95,1,1,0,99,0,0,0,0,0,0,0,0,0,0,0,0,0,0,0,0,0,0,0,0,0,0,0,0,0,0,0,0,0,0,0,0
