Time,NodeID,IndividualID,Gender,AgeYears,IsInfected,PyrogenicThreshold,FeverKillingRate,MSP_0,MSP_1,MSP_2,MSP_3,MSP_4,PfEMP1_0,PfEMP1_1,PfEMP1_2,PfEMP1_3,PfEMP1_4,PfEMP1_5,PfEMP1_6,PfEMP1_7,PfEMP1_8,PfEMP1_9
1,1,2,F,0.00547945,1,15000,0.2,0,,,,,,,,,,,,,,
1,1,3,F,0.00547945,1,15000,0.2,,,,,0,,,,,,,,,,
1,1,4,M,0.00547945,1,15000,0.2,,,,0,,,,,,,,,,,
1,1,5,F,0.00547945,1,15000,0.2,,,,0,,,,,,,,,,,
1,1,6,M,0.00547945,1,15000,0.2,,,0,,,,,,,,,,,,
1,1,7,M,0.00547945,1,15000,0.2,,0,,,,,,,,,,,,,
1,1,8,M,0.00547945,1,15000,0.2,0,,,,,,,,,,,,,,
1,1,9,F,0.00547945,1,15000,0.2,,,,0,,,,,,,,,,,
1,1,10,F,0.00547945,1,15000,0.2,,,,0,,,,,,,,,,,
1,1,11,M,0.00547945,1,15000,0.2,,,0,,,,,,,,,,,,
1,1,12,M,0.00547945,1,15000,0.2,,,0,,,,,,,,,,,,
1,1,13,F,0.00547945,1,15000,0.2,,,0,,,,,,,,,,,,
1,1,14,F,0.00547945,1,15000,0.2,,,,0,,,,,,,,,,,
1,1,15,F,0.00547945,1,15000,0.2,,,,0,,,,,,,,,,,
1,1,16,F,0.00547945,1,15000,0.2,0,,,,,,,,,,,,,,
1,1,17,F,0.00547945,1,15000,0.2,,,,,0,,,,,,,,,,
1,1,18,M,0.00547945,1,15000,0.2,,,0,,,,,,,,,,,,
1,1,19,M,0.00547945,1,15000,0.2,,0,,,,,,,,,,,,,
1,1,20,M,0.00547945,1,15000,0.2,,0,,,,,,,,,,,,,
1,1,21,F,0.00547945,1,15000,0.2,,,,,0,,,,,,,,,,
2,1,2,F,0.00821918,1,15000,0.2,0,,,,,,,,,,,,,,
2,1,3,F,0.00821918,1,15000,0.2,,,,,0,,,,,,,,,,
2,1,4,M,0.00821918,1,15000,0.2,,,,0,,,,,,,,,,,
2,1,5,F,0.00821918,1,15000,0.2,,,,0,,,,,,,,,,,
2,1,6,M,0.00821918,1,15000,0.2,,,0,,,,,,,,,,,,
2,1,7,M,0.00821918,1,15000,0.2,,0,,,,,,,,,,,,,
2,1,8,M,0.00821918,1,15000,0.2,0,,,,,,,,,,,,,,
2,1,9,F,0.00821918,1,15000,0.2,,,,0,,,,,,,,,,,
2,1,10,F,0.00821918,1,15000,0.2,,,,0,,,,,,,,,,,
2,1,11,M,0.00821918,1,15000,0.2,,,0,,,,,,,,,,,,
2,1,12,M,0.00821918,1,15000,0.2,,,0,,,,,,,,,,,,
2,1,13,F,0.00821918,1,15000,0.2,,,0,,,,,,,,,,,,
2,1,14,F,0.00821918,1,15000,0.2,,,,0,,,,,,,,,,,
2,1,15,F,0.00821918,1,15000,0.2,,,,0,,,,,,,,,,,
2,1,16,F,0.00821918,1,15000,0.2,0,,,,,,,,,,,,,,
2,1,17,F,0.00821918,1,15000,0.2,,,,,0,,,,,,,,,,
2,1,18,M,0.00821918,1,15000,0.2,,,0,,,,,,,,,,,,
2,1,19,M,0.00821918,1,15000,0.2,,0,,,,,,,,,,,,,
2,1,20,M,0.00821918,1,15000,0.2,,0,,,,,,,,,,,,,
2,1,21,F,0.00821918,1,15000,0.2,,,,,0,,,,,,,,,,
3,1,2,F,0.0109589,1,15000,0.2,0,,,,,,,,,,,,,,
3,1,3,F,0.0109589,1,15000,0.2,,,,,0,,,,,,,,,,
3,1,4,M,0.0109589,1,15000,0.2,,,,0,,,,,,,,,,,
3,1,5,F,0.0109589,1,15000,0.2,,,,0,,,,,,,,,,,
3,1,6,M,0.0109589,1,15000,0.2,,,0,,,,,,,,,,,,
3,1,7,M,0.0109589,1,15000,0.2,,0,,,,,,,,,,,,,
3,1,8,M,0.0109589,1,15000,0.2,0,,,,,,,,,,,,,,
3,1,9,F,0.0109589,1,15000,0.2,,,,0,,,,,,,,,,,
3,1,10,F,0.0109589,1,15000,0.2,,,,0,,,,,,,,,,,
3,1,11,M,0.0109589,1,15000,0.2,,,0,,,,,,,,,,,,
3,1,12,M,0.0109589,1,15000,0.2,,,0,,,,,,,,,,,,
3,1,13,F,0.0109589,1,15000,0.2,,,0,,,,,,,,,,,,
3,1,14,F,0.0109589,1,15000,0.2,,,,0,,,,,,,,,,,
3,1,15,F,0.0109589,1,15000,0.2,,,,0,,,,,,,,,,,
3,1,16,F,0.0109589,1,15000,0.2,0,,,,,,,,,,,,,,
3,1,17,F,0.0109589,1,15000,0.2,,,,,0,,,,,,,,,,
3,1,18,M,0.0109589,1,15000,0.2,,,0,,,,,,,,,,,,
3,1,19,M,0.0109589,1,15000,0.2,,0,,,,,,,,,,,,,
3,1,20,M,0.0109589,1,15000,0.2,,0,,,,,,,,,,,,,
3,1,21,F,0.0109589,1,15000,0.2,,,,,0,,,,,,,,,,
4,1,2,F,0.0136986,1,15000,0.2,0,,,,,,,,,,,,,,
4,1,3,F,0.0136986,1,15000,0.2,,,,,0,,,,,,,,,,
4,1,4,M,0.0136986,1,15000,0.2,,,,0,,,,,,,,,,,
4,1,5,F,0.0136986,1,15000,0.2,,,,0,,,,,,,,,,,
4,1,6,M,0.0136986,1,15000,0.2,,,0,,,,,,,,,,,,
4,1,7,M,0.0136986,1,15000,0.2,,0,,,,,,,,,,,,,
4,1,8,M,0.0136986,1,15000,0.2,0,,,,,,,,,,,,,,
4,1,9,F,0.0136986,1,15000,0.2,,,,0,,,,,,,,,,,
4,1,10,F,0.0136986,1,15000,0.2,,,,0,,,,,,,,,,,
4,1,11,M,0.0136986,1,15000,0.2,,,0,,,,,,,,,,,,
4,1,12,M,0.0136986,1,15000,0.2,,,0,,,,,,,,,,,,
4,1,13,F,0.0136986,1,15000,0.2,,,0,,,,,,,,,,,,
4,1,14,F,0.0136986,1,15000,0.2,,,,0,,,,,,,,,,,
4,1,15,F,0.0136986,1,15000,0.2,,,,0,,,,,,,,,,,
4,1,16,F,0.0136986,1,15000,0.2,0,,,,,,,,,,,,,,
4,1,17,F,0.0136986,1,15000,0.2,,,,,0,,,,,,,,,,
4,1,18,M,0.0136986,1,15000,0.2,,,0,,,,,,,,,,,,
4,1,19,M,0.0136986,1,15000,0.2,,0,,,,,,,,,,,,,
4,1,20,M,0.0136986,1,15000,0.2,,0,,,,,,,,,,,,,
4,1,21,F,0.0136986,1,15000,0.2,,,,,0,,,,,,,,,,
5,1,2,F,0.0164384,1,15000,0.2,0,,,,,,,,,,,,,,
5,1,3,F,0.0164384,1,15000,0.2,,,,,0,,,,,,,,,,
5,1,4,M,0.0164384,1,15000,0.2,,,,0,,,,,,,,,,,
5,1,5,F,0.0164384,1,15000,0.2,,,,0,,,,,,,,,,,
5,1,6,M,0.0164384,1,15000,0.2,,,0,,,,,,,,,,,,
5,1,7,M,0.0164384,1,15000,0.2,,0,,,,,,,,,,,,,
5,1,8,M,0.0164384,1,15000,0.2,0,,,,,,,,,,,,,,
5,1,9,F,0.0164384,1,15000,0.2,,,,0,,,,,,,,,,,
5,1,10,F,0.0164384,1,15000,0.2,,,,0,,,,,,,,,,,
5,1,11,M,0.0164384,1,15000,0.2,,,0,,,,,,,,,,,,
5,1,12,M,0.0164384,1,15000,0.2,,,0,,,,,,,,,,,,
5,1,13,F,0.0164384,1,15000,0.2,,,0,,,,,,,,,,,,
5,1,14,F,0.0164384,1,15000,0.2,,,,0,,,,,,,,,,,
5,1,15,F,0.0164384,1,15000,0.2,,,,0,,,,,,,,,,,
5,1,16,F,0.0164384,1,15000,0.2,0,,,,,,,,,,,,,,
5,1,17,F,0.0164384,1,15000,0.2,,,,,0,,,,,,,,,,
5,1,18,M,0.0164384,1,15000,0.2,,,0,,,,,,,,,,,,
5,1,19,M,0.0164384,1,15000,0.2,,0,,,,,,,,,,,,,
5,1,20,M,0.0164384,1,15000,0.2,,0,,,,,,,,,,,,,
5,1,21,F,0.0164384,1,15000,0.2,,,,,0,,,,,,,,,,
6,1,2,F,0.0191781,1,15000,0.2,1.11537e-08,,,,,,,0.000259376,,0.000259376,0.000259376,0.000259376,0.000259376,,
6,1,3,F,0.0191781,1,15000,0.2,,,,,1.11537e-08,,,0.000259376,,0.000259376,,0.000259376,0.00027362,,
6,1,4,M,0.0191781,1,15000,0.2,,,,1.11537e-08,,0.000259376,,,0.00027362,,,0.000259376,,0.000259376,
6,1,5,F,0.0191781,1,15000,0.2,,,,1.11537e-08,,,,,0.00027362,0.00027362,,,,,0.000259376
6,1,6,M,0.0191781,1,15000,0.2,,,1.11537e-08,,,0.000259376,,,,0.000259376,0.000259376,0.000259376,,,0.000259376
6,1,7,M,0.0191781,1,15000,0.2,,1.11537e-08,,,,,,,0.000259376,0.00027362,0.000259376,0.000259376,,,
6,1,8,M,0.0191781,1,15000,0.2,1.11537e-08,,,,,0.000259376,0.000259376,,0.000259376,0.000259376,,,,,0.000259376
6,1,9,F,0.0191781,1,15000,0.2,,,,1.11537e-08,,,,0.000259376,,,,0.00027362,0.000259376,0.000259376,
6,1,10,F,0.0191781,1,15000,0.2,,,,1.11537e-08,,0.000259376,,,0.000259376,0.000259376,,,0.000259376,0.000259376,
6,1,11,M,0.0191781,1,15000,0.2,,,1.11537e-08,,,,0.000259376,0.000259376,0.000259376,,,,,0.00027362,
6,1,12,M,0.0191781,1,15000,0.2,,,1.11537e-08,,,,,,,,0.000259376,0.000287831,,,0.000259376
6,1,13,F,0.0191781,1,15000,0.2,,,1.11537e-08,,,,,0.00027362,,,,,,0.00027362,0.000259376
6,1,14,F,0.0191781,1,15000,0.2,,,,1.11537e-08,,0.00027362,,0.000259376,,,,,0.000259376,0.000259376,
6,1,15,F,0.0191781,1,15000,0.2,,,,1.11537e-08,,,0.000259376,0.000287831,,,,,0.000259376,,
6,1,16,F,0.0191781,1,15000,0.2,1.11537e-08,,,,,,,,0.000259376,,,0.000287831,,,0.000259376
6,1,17,F,0.0191781,1,15000,0.2,,,,,1.11537e-08,0.000259376,,,0.000259376,,,0.000259376,0.000259376,0.000259376,
6,1,18,M,0.0191781,1,15000,0.2,,,1.11537e-08,,,0.000259376,,,,0.000259376,,,,0.000259376,0.00027362
6,1,19,M,0.0191781,1,15000,0.2,,1.11537e-08,,,,,0.000259376,,,,,,0.000259376,0.000287831,
6,1,20,M,0.0191781,1,15000,0.2,,1.11537e-08,,,,,0.000259376,0.000259376,,,0.00027362,,0.000259376,,
6,1,21,F,0.0191781,1,15000,0.2,,,,,1.11537e-08,0.000259376,,0.000287831,,,,,0.000259376,,
7,1,2,F,0.0219178,1,15000,0.2,1.00322e-07,,,,,,,0.00233188,,0.00233188,0.00233188,0.00233188,0.00233188,,
7,1,3,F,0.0219178,1,15000,0.2,,,,,1.00322e-07,,,0.00233188,,0.00233188,,0.00233188,0.00245973,,
7,1,4,M,0.0219178,1,15000,0.2,,,,1.00322e-07,,0.00233188,,,0.00245973,,,0.00233188,,0.00233188,
7,1,5,F,0.0219178,1,15000,0.2,,,,1.00322e-07,,,,,0.00245973,0.00245973,,,,,0.00233188
7,1,6,M,0.0219178,1,15000,0.2,,,1.00322e-07,,,0.00233188,,,,0.00233188,0.00233188,0.00233188,,,0.00233188
7,1,7,M,0.0219178,1,15000,0.2,,1.00322e-07,,,,,,,0.00233188,0.00245973,0.00233188,0.00233188,,,
7,1,8,M,0.0219178,1,15000,0.2,1.00322e-07,,,,,0.00233188,0.00233188,,0.00233188,0.00233188,,,,,0.00233188
7,1,9,F,0.0219178,1,15000,0.2,,,,1.00322e-07,,,,0.00233188,,,,0.00245973,0.00233188,0.00233188,
7,1,10,F,0.0219178,1,15000,0.2,,,,1.00322e-07,,0.00233188,,,0.00233188,0.00233188,,,0.00233188,0.00233188,
7,1,11,M,0.0219178,1,15000,0.2,,,1.00322e-07,,,,0.00233188,0.00233188,0.00233188,,,,,0.00245973,
7,1,12,M,0.0219178,1,15000,0.2,,,1.00322e-07,,,,,,,,0.00233188,0.00258726,,,0.00233188
7,1,13,F,0.0219178,1,15000,0.2,,,1.00322e-07,,,,,0.00245973,,,,,,0.00245973,0.00233188
7,1,14,F,0.0219178,1,15000,0.2,,,,1.00322e-07,,0.00245973,,0.00233188,,,,,0.00233188,0.00233188,
7,1,15,F,0.0219178,1,15000,0.2,,,,1.00322e-07,,,0.00233188,0.00258726,,,,,0.00233188,,
7,1,16,F,0.0219178,1,15000,0.2,1.00322e-07,,,,,,,,0.00233188,,,0.00258726,,,0.00233188
7,1,17,F,0.0219178,1,15000,0.2,,,,,1.00322e-07,0.00233188,,,0.00233188,,,0.00233188,0.00233188,0.00233188,
7,1,18,M,0.0219178,1,15000,0.2,,,1.00322e-07,,,0.00233188,,,,0.00233188,,,,0.00233188,0.00245973
7,1,19,M,0.0219178,1,15000,0.2,,1.00322e-07,,,,,0.00233188,,,,,,0.00233188,0.00258726,
7,1,20,M,0.0219178,1,15000,0.2,,1.00322e-07,,,,,0.00233188,0.00233188,,,0.00245973,,0.00233188,,
7,1,21,F,0.0219178,1,15000,0.2,,,,,1.00322e-07,0.00233188,,0.00258726,,,,,0.00233188,,
8,1,2,F,0.0246575,1,15000,0.2,0.000332016,,,,,,,0.00460723,,0.00460723,0.00460723,0.00460723,0.00460723,,
8,1,3,F,0.0246575,1,15000,0.2,,,,,0.000332016,,,0.00460723,,0.00460723,,0.00460723,0.00504739,,
8,1,4,M,0.0246575,1,15000,0.2,,,,0.000332016,,0.00460723,,,0.00504739,,,0.00460723,,0.00460723,
8,1,5,F,0.0246575,1,15000,0.2,,,,0.000332016,,,,,0.00504739,0.00504739,,,,,0.00460723
8,1,6,M,0.0246575,1,15000,0.2,,,0.000332016,,,0.00460723,,,,0.00460723,0.00460723,0.00460723,,,0.00460723
8,1,7,M,0.0246575,1,15000,0.2,,0.000332016,,,,,,,0.00460723,0.00504739,0.00460723,0.00460723,,,
8,1,8,M,0.0246575,1,15000,0.2,0.000332016,,,,,0.00460723,0.00460723,,0.00460723,0.00460723,,,,,0.00460723
8,1,9,F,0.0246575,1,15000,0.2,,,,0.000332016,,,,0.00460723,,,,0.00504739,0.00460723,0.00460723,
8,1,10,F,0.0246575,1,15000,0.2,,,,0.000332016,,0.00460723,,,0.00460723,0.00460723,,,0.00460723,0.00460723,
8,1,11,M,0.0246575,1,15000,0.2,,,0.000332016,,,,0.00460723,0.00460723,0.00460723,,,,,0.00504739,
8,1,12,M,0.0246575,1,15000,0.2,,,0.000332016,,,,,,,,0.00460723,0.0054794,,,0.00460723
8,1,13,F,0.0246575,1,15000,0.2,,,0.000332016,,,,,0.00504739,,,,,,0.00504739,0.00460723
8,1,14,F,0.0246575,1,15000,0.2,,,,0.000332016,,0.00504739,,0.00460723,,,,,0.00460723,0.00460723,
8,1,15,F,0.0246575,1,15000,0.2,,,,0.000332016,,,0.00460723,0.0054794,,,,,0.00460723,,
8,1,16,F,0.0246575,1,15000,0.2,0.000332016,,,,,,,,0.00460723,,,0.0054794,,,0.00460723
8,1,17,F,0.0246575,1,15000,0.2,,,,,0.000332016,0.00460723,,,0.00460723,,,0.00460723,0.00460723,0.00460723,
8,1,18,M,0.0246575,1,15000,0.2,,,0.000332016,,,0.00460723,,,,0.00460723,,,,0.00460723,0.00504739
8,1,19,M,0.0246575,1,15000,0.2,,0.000332016,,,,,0.00460723,,,,,,0.00460723,0.0054794,
8,1,20,M,0.0246575,1,15000,0.2,,0.000332016,,,,,0.00460723,0.00460723,,,0.00504739,,0.00460723,,
8,1,21,F,0.0246575,1,15000,0.2,,,,,0.000332016,0.00460723,,0.0054794,,,,,0.00460723,,
9,1,2,F,0.0273973,1,15000,0.2,0.000332105,,,,,,,0.00832261,,0.00832261,0.00832261,0.00832261,0.00832261,,
9,1,3,F,0.0273973,1,15000,0.2,,,,,0.000332105,,,0.00832261,,0.00832261,,0.00832261,0.0104602,,
9,1,4,M,0.0273973,1,15000,0.2,,,,0.000332105,,0.00832261,,,0.0104602,,,0.00832261,,0.00832261,
9,1,5,F,0.0273973,1,15000,0.2,,,,0.000332105,,,,,0.0104602,0.0104602,,,,,0.00832261
9,1,6,M,0.0273973,1,15000,0.2,,,0.000332105,,,0.00832261,,,,0.00832261,0.00832261,0.00832261,,,0.00832261
9,1,7,M,0.0273973,1,15000,0.2,,0.000332105,,,,,,,0.00832261,0.0104602,0.00832261,0.00832261,,,
9,1,8,M,0.0273973,1,15000,0.2,0.000332105,,,,,0.00832261,0.00832261,,0.00832261,0.00832261,,,,,0.00832261
9,1,9,F,0.0273973,1,15000,0.2,,,,0.000332105,,,,0.00832261,,,,0.0104602,0.00832261,0.00832261,
9,1,10,F,0.0273973,1,15000,0.2,,,,0.000332105,,0.00832261,,,0.00832261,0.00832261,,,0.00832261,0.00832261,
9,1,11,M,0.0273973,1,15000,0.2,,,0.000332105,,,,0.00832261,0.00832261,0.00832261,,,,,0.0104602,
9,1,12,M,0.0273973,1,15000,0.2,,,0.000332105,,,,,,,,0.00832261,0.0125263,,,0.00832261
9,1,13,F,0.0273973,1,15000,0.2,,,0.000332105,,,,,0.0104602,,,,,,0.0104602,0.00832261
9,1,14,F,0.0273973,1,15000,0.2,,,,0.000332105,,0.0104602,,0.00832261,,,,,0.00832261,0.00832261,
9,1,15,F,0.0273973,1,15000,0.2,,,,0.000332105,,,0.00832261,0.0125263,,,,,0.00832261,,
9,1,16,F,0.0273973,1,15000,0.2,0.000332105,,,,,,,,0.00832261,,,0.0125263,,,0.00832261
9,1,17,F,0.0273973,1,15000,0.2,,,,,0.000332105,0.00832261,,,0.00832261,,,0.00832261,0.00832261,0.00832261,
9,1,18,M,0.0273973,1,15000,0.2,,,0.000332105,,,0.00832261,,,,0.00832261,,,,0.00832261,0.0104602
9,1,19,M,0.0273973,1,15000,0.2,,0.000332105,,,,,0.00832261,,,,,,0.00832261,0.0125263,
9,1,20,M,0.0273973,1,15000,0.2,,0.000332105,,,,,0.00832261,0.00832261,,,0.0104602,,0.00832261,,
9,1,21,F,0.0273973,1,15000,0.2,,,,,0.000332105,0.00832261,,0.0125263,,,,,0.00832261,,
10,1,2,F,0.030137,1,15000,0.2,0.00516517,,,,,,,0.0145038,,0.0145038,0.0145038,0.0145038,0.0145038,,
10,1,3,F,0.030137,1,15000,0.2,,,,,0.00516517,,,0.0145038,,0.0145038,,0.0145038,0.0198113,,
10,1,4,M,0.030137,1,15000,0.2,,,,0.00516517,,0.0145038,,,0.0198113,,,0.0145038,,0.0145038,
10,1,5,F,0.030137,1,15000,0.2,,,,0.00516517,,,,,0.0198113,0.0198113,,,,,0.0145038
10,1,6,M,0.030137,1,15000,0.2,,,0.00516517,,,0.0145038,,,,0.0145038,0.0145038,0.0145038,,,0.0145038
10,1,7,M,0.030137,1,15000,0.2,,0.00516517,,,,,,,0.0145038,0.0198113,0.0145038,0.0145038,,,
10,1,8,M,0.030137,1,15000,0.2,0.00516517,,,,,0.0145038,0.0145038,,0.0145038,0.0145038,,,,,0.0145038
10,1,9,F,0.030137,1,15000,0.2,,,,0.00516517,,,,0.0145038,,,,0.0198113,0.0145038,0.0145038,
10,1,10,F,0.030137,1,15000,0.2,,,,0.00516517,,0.0145038,,,0.0145038,0.0145038,,,0.0145038,0.0145038,
10,1,11,M,0.030137,1,15000,0.2,,,0.00516517,,,,0.0145038,0.0145038,0.0145038,,,,,0.0198113,
10,1,12,M,0.030137,1,15000,0.2,,,0.00516517,,,,,,,,0.0145038,0.0244509,,,0.0145038
10,1,13,F,0.030137,1,15000,0.2,,,0.00516517,,,,,0.0198113,,,,,,0.0198113,0.0145038
10,1,14,F,0.030137,1,15000,0.2,,,,0.00516517,,0.0198113,,0.0145038,,,,,0.0145038,0.0145038,
10,1,15,F,0.030137,1,15000,0.2,,,,0.00516517,,,0.0145038,0.0244509,,,,,0.0145038,,
10,1,16,F,0.030137,1,15000,0.2,0.00516517,,,,,,,,0.0145038,,,0.0244509,,,0.0145038
10,1,17,F,0.030137,1,15000,0.2,,,,,0.00516517,0.0145038,,,0.0145038,,,0.0145038,0.0145038,0.0145038,
10,1,18,M,0.030137,1,15000,0.2,,,0.00516517,,,0.0145038,,,,0.0145038,,,,0.0145038,0.0198113
10,1,19,M,0.030137,1,15000,0.2,,0.00516517,,,,,0.0145038,,,,,,0.0145038,0.0244509,
10,1,20,M,0.030137,1,15000,0.2,,0.00516517,,,,,0.0145038,0.0145038,,,0.0198113,,0.0145038,,
10,1,21,F,0.030137,1,15000,0.2,,,,,0.00516517,0.0145038,,0.0244509,,,,,0.0145038,,
11,1,2,F,0.0328767,1,15000,0.2,0.00516526,,,,,,,0.0377257,,0.0377257,0.0377257,0.0377257,0.0377257,,
11,1,3,F,0.0328767,1,15000,0.2,,,,,0.00516526,,,0.0377257,,0.0377257,,0.0377257,0.0561565,,
11,1,4,M,0.0328767,1,15000,0.2,,,,0.00516526,,0.0377257,,,0.0561565,,,0.0377257,,0.0377257,
11,1,5,F,0.0328767,1,15000,0.2,,,,0.00516526,,,,,0.0561565,0.0561565,,,,,0.0377257
11,1,6,M,0.0328767,1,15000,0.2,,,0.00516526,,,0.0377257,,,,0.0377257,0.0377257,0.0377257,,,0.0377257
11,1,7,M,0.0328767,1,15000,0.2,,0.00516526,,,,,,,0.0377257,0.0561565,0.0377257,0.0377257,,,
11,1,8,M,0.0328767,1,15000,0.2,0.00516526,,,,,0.0377257,0.0377257,,0.0377257,0.0377257,,,,,0.0377257
11,1,9,F,0.0328767,1,15000,0.2,,,,0.00516526,,,,0.0377257,,,,0.0561565,0.0377257,0.0377257,
11,1,10,F,0.0328767,1,15000,0.2,,,,0.00516526,,0.0377257,,,0.0377257,0.0377257,,,0.0377257,0.0377257,
11,1,11,M,0.0328767,1,15000,0.2,,,0.00516526,,,,0.0377257,0.0377257,0.0377257,,,,,0.0561565,
11,1,12,M,0.0328767,1,15000,0.2,,,0.00516526,,,,,,,,0.0377257,0.0696508,,,0.0377257
11,1,13,F,0.0328767,1,15000,0.2,,,0.00516526,,,,,0.0561565,,,,,,0.0561565,0.0377257
11,1,14,F,0.0328767,1,15000,0.2,,,,0.00516526,,0.0561565,,0.0377257,,,,,0.0377257,0.0377257,
11,1,15,F,0.0328767,1,15000,0.2,,,,0.00516526,,,0.0377257,0.0696508,,,,,0.0377257,,
11,1,16,F,0.0328767,1,15000,0.2,0.00516526,,,,,,,,0.0377257,,,0.0696508,,,0.0377257
11,1,17,F,0.0328767,1,15000,0.2,,,,,0.00516526,0.0377257,,,0.0377257,,,0.0377257,0.0377257,0.0377257,
11,1,18,M,0.0328767,1,15000,0.2,,,0.00516526,,,0.0377257,,,,0.0377257,,,,0.0377257,0.0561565
11,1,19,M,0.0328767,1,15000,0.2,,0.00516526,,,,,0.0377257,,,,,,0.0377257,0.0696508,
11,1,20,M,0.0328767,1,15000,0.2,,0.00516526,,,,,0.0377257,0.0377257,,,0.0561565,,0.0377257,,
11,1,21,F,0.0328767,1,15000,0.2,,,,,0.00516526,0.0377257,,0.0696508,,,,,0.0377257,,
12,1,2,F,0.0356164,1,15000,0.2,0.0383771,,,,,,,0.0672427,,0.0672427,0.0672427,0.0672427,0.0672427,,
12,1,3,F,0.0356164,1,15000,0.2,,,,,0.0383771,,,0.0672427,,0.0672427,,0.0672427,0.097116,,
12,1,4,M,0.0356164,1,15000,0.2,,,,0.0383771,,0.0672427,,,0.097116,,,0.0672427,,0.0672427,
12,1,5,F,0.0356164,1,15000,0.2,,,,0.0383771,,,,,0.097116,0.097116,,,,,0.0672427
12,1,6,M,0.0356164,1,15000,0.2,,,0.0383771,,,0.0672427,,,,0.0672427,0.0672427,0.0672427,,,0.0672427
12,1,7,M,0.0356164,1,15000,0.2,,0.0383771,,,,,,,0.0672427,0.097116,0.0672427,0.0672427,,,
12,1,8,M,0.0356164,1,15000,0.2,0.0383771,,,,,0.0672427,0.0672427,,0.0672427,0.0672427,,,,,0.0672427
12,1,9,F,0.0356164,1,15000,0.2,,,,0.0383771,,,,0.0672427,,,,0.097116,0.0672427,0.0672427,
12,1,10,F,0.0356164,1,15000,0.2,,,,0.0383771,,0.0672427,,,0.0672427,0.0672427,,,0.0672427,0.0672427,
12,1,11,M,0.0356164,1,15000,0.2,,,0.0383771,,,,0.0672427,0.0672427,0.0672427,,,,,0.097116,
12,1,12,M,0.0356164,1,15000,0.2,,,0.0383771,,,,,,,,0.0672427,0.117853,,,0.0672427
12,1,13,F,0.0356164,1,15000,0.2,,,0.0383771,,,,,0.097116,,,,,,0.097116,0.0672427
12,1,14,F,0.0356164,1,15000,0.2,,,,0.0383771,,0.097116,,0.0672427,,,,,0.0672427,0.0672427,
12,1,15,F,0.0356164,1,15000,0.2,,,,0.0383771,,,0.0672427,0.117853,,,,,0.0672427,,
12,1,16,F,0.0356164,1,15000,0.2,0.0383771,,,,,,,,0.0672427,,,0.117853,,,0.0672427
12,1,17,F,0.0356164,1,15000,0.2,,,,,0.0383771,0.0672427,,,0.0672427,,,0.0672427,0.0672427,0.0672427,
12,1,18,M,0.0356164,1,15000,0.2,,,0.0383771,,,0.0672427,,,,0.0672427,,,,0.0672427,0.097116
12,1,19,M,0.0356164,1,15000,0.2,,0.0383771,,,,,0.0672427,,,,,,0.0672427,0.117853,
12,1,20,M,0.0356164,1,15000,0.2,,0.0383771,,,,,0.0672427,0.0672427,,,0.097116,,0.0672427,,
12,1,21,F,0.0356164,1,15000,0.2,,,,,0.0383771,0.0672427,,0.117853,,,,,0.0672427,,
13,1,2,F,0.0383562,1,15000,0.2,0.0383772,,,,,,,0.141057,,0.141057,0.141057,0.141057,0.141057,,
13,1,3,F,0.0383562,1,15000,0.2,,,,,0.0383772,,,0.141057,,0.141057,,0.141057,0.175332,,
13,1,4,M,0.0383562,1,15000,0.2,,,,0.0383772,,0.141057,,,0.175332,,,0.141057,,0.141057,
13,1,5,F,0.0383562,1,15000,0.2,,,,0.0383772,,,,,0.175332,0.175332,,,,,0.141057
13,1,6,M,0.0383562,1,15000,0.2,,,0.0383772,,,0.141057,,,,0.141057,0.141057,0.141057,,,0.141057
13,1,7,M,0.0383562,1,15000,0.2,,0.0383772,,,,,,,0.141057,0.175332,0.141057,0.141057,,,
13,1,8,M,0.0383562,1,15000,0.2,0.0383772,,,,,0.141057,0.141057,,0.141057,0.141057,,,,,0.141057
13,1,9,F,0.0383562,1,15000,0.2,,,,0.0383772,,,,0.141057,,,,0.175332,0.141057,0.141057,
13,1,10,F,0.0383562,1,15000,0.2,,,,0.0383772,,0.141057,,,0.141057,0.141057,,,0.141057,0.141057,
13,1,11,M,0.0383562,1,15000,0.2,,,0.0383772,,,,0.141057,0.141057,0.141057,,,,,0.175332,
13,1,12,M,0.0383562,1,15000,0.2,,,0.0383772,,,,,,,,0.141057,0.19677,,,0.141057
13,1,13,F,0.0383562,1,15000,0.2,,,0.0383772,,,,,0.175332,,,,,,0.175332,0.141057
13,1,14,F,0.0383562,1,15000,0.2,,,,0.0383772,,0.175332,,0.141057,,,,,0.141057,0.141057,
13,1,15,F,0.0383562,1,15000,0.2,,,,0.0383772,,,0.141057,0.19677,,,,,0.141057,,
13,1,16,F,0.0383562,1,15000,0.2,0.0383772,,,,,,,,0.141057,,,0.19677,,,0.141057
13,1,17,F,0.0383562,1,15000,0.2,,,,,0.0383772,0.141057,,,0.141057,,,0.141057,0.141057,0.141057,
13,1,18,M,0.0383562,1,15000,0.2,,,0.0383772,,,0.141057,,,,0.141057,,,,0.141057,0.175332
13,1,19,M,0.0383562,1,15000,0.2,,0.0383772,,,,,0.141057,,,,,,0.141057,0.19677,
13,1,20,M,0.0383562,1,15000,0.2,,0.0383772,,,,,0.141057,0.141057,,,0.175332,,0.141057,,
13,1,21,F,0.0383562,1,15000,0.2,,,,,0.0383772,0.141057,,0.19677,,,,,0.141057,,
14,1,2,F,0.0410959,1,15000,0.2,0.0901831,,,,,,,0.210674,,0.210674,0.210674,0.210674,0.210674,,
14,1,3,F,0.0410959,1,15000,0.2,,,,,0.0901831,,,0.210674,,0.210674,,0.210674,0.247641,,
14,1,4,M,0.0410959,1,15000,0.2,,,,0.0901831,,0.210674,,,0.247641,,,0.210674,,0.210674,
14,1,5,F,0.0410959,1,15000,0.2,,,,0.0901831,,,,,0.247641,0.247641,,,,,0.210674
14,1,6,M,0.0410959,1,15000,0.2,,,0.0901831,,,0.210674,,,,0.210674,0.210674,0.210674,,,0.210674
14,1,7,M,0.0410959,1,15000,0.2,,0.0901831,,,,,,,0.210674,0.247641,0.210674,0.210674,,,
14,1,8,M,0.0410959,1,15000,0.2,0.0901831,,,,,0.210674,0.210674,,0.210674,0.210674,,,,,0.210674
14,1,9,F,0.0410959,1,15000,0.2,,,,0.0901831,,,,0.210674,,,,0.247641,0.210674,0.210674,
14,1,10,F,0.0410959,1,15000,0.2,,,,0.0901831,,0.210674,,,0.210674,0.210674,,,0.210674,0.210674,
14,1,11,M,0.0410959,1,15000,0.2,,,0.0901831,,,,0.210674,0.210674,0.210674,,,,,0.247641,
14,1,12,M,0.0410959,1,15000,0.2,,,0.0901831,,,,,,,,0.210674,0.269211,,,0.210674
14,1,13,F,0.0410959,1,15000,0.2,,,0.0901831,,,,,0.247641,,,,,,0.247641,0.210674
14,1,14,F,0.0410959,1,15000,0.2,,,,0.0901831,,0.247641,,0.210674,,,,,0.210674,0.210674,
14,1,15,F,0.0410959,1,15000,0.2,,,,0.0901831,,,0.210674,0.269211,,,,,0.210674,,
14,1,16,F,0.0410959,1,15000,0.2,0.0901831,,,,,,,,0.210674,,,0.269211,,,0.210674
14,1,17,F,0.0410959,1,15000,0.2,,,,,0.0901831,0.210674,,,0.210674,,,0.210674,0.210674,0.210674,
14,1,18,M,0.0410959,1,15000,0.2,,,0.0901831,,,0.210674,,,,0.210674,,,,0.210674,0.247641
14,1,19,M,0.0410959,1,15000,0.2,,0.0901831,,,,,0.210674,,,,,,0.210674,0.269211,
14,1,20,M,0.0410959,1,15000,0.2,,0.0901831,,,,,0.210674,0.210674,,,0.247641,,0.210674,,
14,1,21,F,0.0410959,1,15000,0.2,,,,,0.0901831,0.210674,,0.269211,,,,,0.210674,,
15,1,2,F,0.0438356,1,15000,0.2,0.0901831,,,,,,,0.285227,,0.285227,0.285227,0.285227,0.285227,,
15,1,3,F,0.0438356,1,15000,0.2,,,,,0.0901831,,,0.285227,,0.285227,,0.285227,0.319179,,
15,1,4,M,0.0438356,1,15000,0.2,,,,0.0901831,,0.285227,,,0.319179,,,0.285227,,0.285227,
15,1,5,F,0.0438356,1,15000,0.2,,,,0.0901831,,,,,0.319179,0.319179,,,,,0.285227
15,1,6,M,0.0438356,1,15000,0.2,,,0.0901831,,,0.285227,,,,0.285227,0.285227,0.285227,,,0.285227
15,1,7,M,0.0438356,1,15000,0.2,,0.0901831,,,,,,,0.285227,0.319179,0.285227,0.285227,,,
15,1,8,M,0.0438356,1,15000,0.2,0.0901831,,,,,0.285227,0.285227,,0.285227,0.285227,,,,,0.285227
15,1,9,F,0.0438356,1,15000,0.2,,,,0.0901831,,,,0.285227,,,,0.319179,0.285227,0.285227,
15,1,10,F,0.0438356,1,15000,0.2,,,,0.0901831,,0.285227,,,0.285227,0.285227,,,0.285227,0.285227,
15,1,11,M,0.0438356,1,15000,0.2,,,0.0901831,,,,0.285227,0.285227,0.285227,,,,,0.319179,
15,1,12,M,0.0438356,1,15000,0.2,,,0.0901831,,,,,,,,0.285227,0.338847,,,0.285227
15,1,13,F,0.0438356,1,15000,0.2,,,0.0901831,,,,,0.319179,,,,,,0.319179,0.285227
15,1,14,F,0.0438356,1,15000,0.2,,,,0.0901831,,0.319179,,0.285227,,,,,0.285227,0.285227,
15,1,15,F,0.0438356,1,15000,0.2,,,,0.0901831,,,0.285227,0.338847,,,,,0.285227,,
15,1,16,F,0.0438356,1,15000,0.2,0.0901831,,,,,,,,0.285227,,,0.338847,,,0.285227
15,1,17,F,0.0438356,1,15000,0.2,,,,,0.0901831,0.285227,,,0.285227,,,0.285227,0.285227,0.285227,
15,1,18,M,0.0438356,1,15000,0.2,,,0.0901831,,,0.285227,,,,0.285227,,,,0.285227,0.319179
15,1,19,M,0.0438356,1,15000,0.2,,0.0901831,,,,,0.285227,,,,,,0.285227,0.338847,
15,1,20,M,0.0438356,1,15000,0.2,,0.0901831,,,,,0.285227,0.285227,,,0.319179,,0.285227,,
15,1,21,F,0.0438356,1,15000,0.2,,,,,0.0901831,0.285227,,0.338847,,,,,0.285227,,
16,1,2,F,0.0465753,1,15000,0.2,0.141176,,,,,,,0.352794,,0.352794,0.352794,0.352794,0.352794,,
16,1,3,F,0.0465753,1,15000,0.2,,,,,0.141158,,,0.352794,,0.352794,,0.352794,0.383856,,
16,1,4,M,0.0465753,1,15000,0.2,,,,0.141158,,0.352794,,,0.383856,,,0.352794,,0.352794,
16,1,5,F,0.0465753,1,15000,0.2,,,,0.141135,,,,,0.383856,0.383856,,,,,0.352794
16,1,6,M,0.0465753,1,15000,0.2,,,0.141176,,,0.352794,,,,0.352794,0.352794,0.352794,,,0.352794
16,1,7,M,0.0465753,1,15000,0.2,,0.141158,,,,,,,0.352794,0.383856,0.352794,0.352794,,,
16,1,8,M,0.0465753,1,15000,0.2,0.141176,,,,,0.352794,0.352794,,0.352794,0.352794,,,,,0.352794
16,1,9,F,0.0465753,1,15000,0.2,,,,0.141158,,,,0.352794,,,,0.383856,0.352794,0.352794,
16,1,10,F,0.0465753,1,15000,0.2,,,,0.141176,,0.352794,,,0.352794,0.352794,,,0.352794,0.352794,
16,1,11,M,0.0465753,1,15000,0.2,,,0.141158,,,,0.352794,0.352794,0.352794,,,,,0.383856,
16,1,12,M,0.0465753,1,15000,0.2,,,0.141131,,,,,,,,0.352794,0.401772,,,0.352794
16,1,13,F,0.0465753,1,15000,0.2,,,0.141135,,,,,0.383856,,,,,,0.383856,0.352794
16,1,14,F,0.0465753,1,15000,0.2,,,,0.141158,,0.383856,,0.352794,,,,,0.352794,0.352794,
16,1,15,F,0.0465753,1,15000,0.2,,,,0.141131,,,0.352794,0.401772,,,,,0.352794,,
16,1,16,F,0.0465753,1,15000,0.2,0.141131,,,,,,,,0.352794,,,0.401772,,,0.352794
16,1,17,F,0.0465753,1,15000,0.2,,,,,0.141176,0.352794,,,0.352794,,,0.352794,0.352794,0.352794,
16,1,18,M,0.0465753,1,15000,0.2,,,0.141158,,,0.352794,,,,0.352794,,,,0.352794,0.383856
16,1,19,M,0.0465753,1,15000,0.2,,0.141131,,,,,0.352794,,,,,,0.352794,0.401772,
16,1,20,M,0.0465753,1,15000,0.2,,0.141158,,,,,0.352794,0.352794,,,0.383856,,0.352794,,
16,1,21,F,0.0465753,1,15000,0.2,,,,,0.141131,0.352794,,0.401772,,,,,0.352794,,
17,1,2,F,0.0493151,1,15000,0.2,0.141176,,,,,,,0.431713,,0.431713,0.431713,0.431713,0.431713,,
17,1,3,F,0.0493151,1,15000,0.2,,,,,0.141158,,,0.431714,,0.431714,,0.431714,0.519344,,
17,1,4,M,0.0493151,1,15000,0.2,,,,0.141158,,0.431714,,,0.519344,,,0.431714,,0.431714,
17,1,5,F,0.0493151,1,15000,0.2,,,,0.141135,,,,,0.519344,0.519344,,,,,0.431714
17,1,6,M,0.0493151,1,15000,0.2,,,0.141176,,,0.431713,,,,0.431713,0.431713,0.431713,,,0.431713
17,1,7,M,0.0493151,1,15000,0.2,,0.141158,,,,,,,0.431714,0.519344,0.431714,0.431714,,,
17,1,8,M,0.0493151,1,15000,0.2,0.141176,,,,,0.431713,0.431713,,0.431713,0.431713,,,,,0.431713
17,1,9,F,0.0493151,1,15000,0.2,,,,0.141158,,,,0.431714,,,,0.519344,0.431714,0.431714,
17,1,10,F,0.0493151,1,15000,0.2,,,,0.141176,,0.431713,,,0.431713,0.431713,,,0.431713,0.431713,
17,1,11,M,0.0493151,1,15000,0.2,,,0.141158,,,,0.431714,0.431714,0.431714,,,,,0.519344,
17,1,12,M,0.0493151,1,15000,0.2,,,0.141131,,,,,,,,0.431715,0.57292,,,0.431715
17,1,13,F,0.0493151,1,15000,0.2,,,0.141135,,,,,0.519344,,,,,,0.519344,0.431714
17,1,14,F,0.0493151,1,15000,0.2,,,,0.141158,,0.519344,,0.431714,,,,,0.431714,0.431714,
17,1,15,F,0.0493151,1,15000,0.2,,,,0.141131,,,0.431715,0.57292,,,,,0.431715,,
17,1,16,F,0.0493151,1,15000,0.2,0.141131,,,,,,,,0.431715,,,0.57292,,,0.431715
17,1,17,F,0.0493151,1,15000,0.2,,,,,0.141176,0.431713,,,0.431713,,,0.431713,0.431713,0.431713,
17,1,18,M,0.0493151,1,15000,0.2,,,0.141158,,,0.431714,,,,0.431714,,,,0.431714,0.519344
17,1,19,M,0.0493151,1,15000,0.2,,0.141131,,,,,0.431715,,,,,,0.431715,0.57292,
17,1,20,M,0.0493151,1,15000,0.2,,0.141158,,,,,0.431714,0.431714,,,0.519344,,0.431714,,
17,1,21,F,0.0493151,1,15000,0.2,,,,,0.141131,0.431715,,0.57292,,,,,0.431715,,
18,1,2,F,0.0520548,1,15000,0.2,0.189443,,,,,,,0.594295,,0.594295,0.594295,0.594295,0.594295,,
18,1,3,F,0.0520548,1,15000,0.2,,,,,0.18942,,,0.594295,,0.594295,,0.594295,0.656855,,
18,1,4,M,0.0520548,1,15000,0.2,,,,0.18942,,0.594295,,,0.656855,,,0.594295,,0.594295,
18,1,5,F,0.0520548,1,15000,0.2,,,,0.189391,,,,,0.656855,0.656855,,,,,0.594296
18,1,6,M,0.0520548,1,15000,0.2,,,0.189443,,,0.594295,,,,0.594295,0.594295,0.594295,,,0.594295
18,1,7,M,0.0520548,1,15000,0.2,,0.18942,,,,,,,0.594295,0.656855,0.594295,0.594295,,,
18,1,8,M,0.0520548,1,15000,0.2,0.189443,,,,,0.594295,0.594295,,0.594295,0.594295,,,,,0.594295
18,1,9,F,0.0520548,1,15000,0.2,,,,0.18942,,,,0.594295,,,,0.656855,0.594295,0.594295,
18,1,10,F,0.0520548,1,15000,0.2,,,,0.189443,,0.594295,,,0.594295,0.594295,,,0.594295,0.594295,
18,1,11,M,0.0520548,1,15000,0.2,,,0.18942,,,,0.594295,0.594295,0.594295,,,,,0.656855,
18,1,12,M,0.0520548,1,15000,0.2,,,0.189386,,,,,,,,0.594296,0.695103,,,0.594296
18,1,13,F,0.0520548,1,15000,0.2,,,0.189391,,,,,0.656855,,,,,,0.656855,0.594296
18,1,14,F,0.0520548,1,15000,0.2,,,,0.18942,,0.656855,,0.594295,,,,,0.594295,0.594295,
18,1,15,F,0.0520548,1,15000,0.2,,,,0.189386,,,0.594296,0.695103,,,,,0.594296,,
18,1,16,F,0.0520548,1,15000,0.2,0.189386,,,,,,,,0.594296,,,0.695103,,,0.594296
18,1,17,F,0.0520548,1,15000,0.2,,,,,0.189443,0.594295,,,0.594295,,,0.594295,0.594295,0.594295,
18,1,18,M,0.0520548,1,15000,0.2,,,0.18942,,,0.594295,,,,0.594295,,,,0.594295,0.656855
18,1,19,M,0.0520548,1,15000,0.2,,0.189386,,,,,0.594296,,,,,,0.594296,0.695103,
18,1,20,M,0.0520548,1,15000,0.2,,0.18942,,,,,0.594295,0.594295,,,0.656855,,0.594295,,
18,1,21,F,0.0520548,1,15000,0.2,,,,,0.189386,0.594296,,0.695103,,,,,0.594296,,
19,1,2,F,0.0547945,1,15000,0.2,0.189443,,,,,,,0.710363,,0.710363,0.710363,0.710363,0.710363,,
19,1,3,F,0.0547945,1,15000,0.2,,,,,0.18942,,,0.710363,,0.710363,,0.710363,0.755026,,
19,1,4,M,0.0547945,1,15000,0.2,,,,0.18942,,0.710363,,,0.755026,,,0.710363,,0.710363,
19,1,5,F,0.0547945,1,15000,0.2,,,,0.189391,,,,,0.755026,0.755026,,,,,0.710364
19,1,6,M,0.0547945,1,15000,0.2,,,0.189443,,,0.710363,,,,0.710363,0.710363,0.710363,,,0.710363
19,1,7,M,0.0547945,1,15000,0.2,,0.18942,,,,,,,0.710363,0.755026,0.710363,0.710363,,,
19,1,8,M,0.0547945,1,15000,0.2,0.189443,,,,,0.710363,0.710363,,0.710363,0.710363,,,,,0.710363
19,1,9,F,0.0547945,1,15000,0.2,,,,0.18942,,,,0.710363,,,,0.755026,0.710363,0.710363,
19,1,10,F,0.0547945,1,15000,0.2,,,,0.189443,,0.710363,,,0.710363,0.710363,,,0.710363,0.710363,
19,1,11,M,0.0547945,1,15000,0.2,,,0.18942,,,,0.710363,0.710363,0.710363,,,,,0.755026,
19,1,12,M,0.0547945,1,15000,0.2,,,0.189386,,,,,,,,0.710364,0.782332,,,0.710364
19,1,13,F,0.0547945,1,15000,0.2,,,0.189391,,,,,0.755026,,,,,,0.755026,0.710364
19,1,14,F,0.0547945,1,15000,0.2,,,,0.18942,,0.755026,,0.710363,,,,,0.710363,0.710363,
19,1,15,F,0.0547945,1,15000,0.2,,,,0.189386,,,0.710364,0.782332,,,,,0.710364,,
19,1,16,F,0.0547945,1,15000,0.2,0.189386,,,,,,,,0.710364,,,0.782332,,,0.710364
19,1,17,F,0.0547945,1,15000,0.2,,,,,0.189443,0.710363,,,0.710363,,,0.710363,0.710363,0.710363,
19,1,18,M,0.0547945,1,15000,0.2,,,0.18942,,,0.710363,,,,0.710363,,,,0.710363,0.755026
19,1,19,M,0.0547945,1,15000,0.2,,0.189386,,,,,0.710364,,,,,,0.710364,0.782332,
19,1,20,M,0.0547945,1,15000,0.2,,0.18942,,,,,0.710363,0.710363,,,0.755026,,0.710363,,
19,1,21,F,0.0547945,1,15000,0.2,,,,,0.189386,0.710364,,0.782332,,,,,0.710364,,
20,1,2,F,0.0575342,1,15000,0.2,0.235015,,,,,,,0.793226,,0.793226,0.793226,0.793226,0.793226,,
20,1,3,F,0.0575342,1,15000,0.2,,,,,0.234987,,,0.793226,,0.793226,,0.793226,0.825111,,
20,1,4,M,0.0575342,1,15000,0.2,,,,0.234988,,0.793226,,,0.825111,,,0.793226,,0.793226,
20,1,5,F,0.0575342,1,15000,0.2,,,,0.234955,,,,,0.825111,0.825111,,,,,0.793226
20,1,6,M,0.0575342,1,15000,0.2,,,0.235014,,,0.793226,,,,0.793226,0.793226,0.793226,,,0.793226
20,1,7,M,0.0575342,1,15000,0.2,,0.234988,,,,,,,0.793226,0.825111,0.793226,0.793226,,,
20,1,8,M,0.0575342,1,15000,0.2,0.235015,,,,,0.793226,0.793226,,0.793226,0.793226,,,,,0.793226
20,1,9,F,0.0575342,1,15000,0.2,,,,0.234989,,,,0.793226,,,,0.825111,0.793226,0.793226,
20,1,10,F,0.0575342,1,15000,0.2,,,,0.235015,,0.793226,,,0.793226,0.793226,,,0.793226,0.793226,
20,1,11,M,0.0575342,1,15000,0.2,,,0.234987,,,,0.793226,0.793226,0.793226,,,,,0.825111,
20,1,12,M,0.0575342,1,15000,0.2,,,0.23495,,,,,,,,0.793226,0.844604,,,0.793226
20,1,13,F,0.0575342,1,15000,0.2,,,0.234955,,,,,0.825111,,,,,,0.825111,0.793226
20,1,14,F,0.0575342,1,15000,0.2,,,,0.234988,,0.825111,,0.793226,,,,,0.793226,0.793226,
20,1,15,F,0.0575342,1,15000,0.2,,,,0.234949,,,0.793226,0.844604,,,,,0.793226,,
20,1,16,F,0.0575342,1,15000,0.2,0.234949,,,,,,,,0.793226,,,0.844604,,,0.793226
20,1,17,F,0.0575342,1,15000,0.2,,,,,0.235014,0.793226,,,0.793226,,,0.793226,0.793226,0.793226,
20,1,18,M,0.0575342,1,15000,0.2,,,0.234986,,,0.793226,,,,0.793226,,,,0.793226,0.825111
20,1,19,M,0.0575342,1,15000,0.2,,0.23495,,,,,0.793226,,,,,,0.793226,0.844604,
20,1,20,M,0.0575342,1,15000,0.2,,0.234988,,,,,0.793226,0.793226,,,0.825111,,0.793226,,
20,1,21,F,0.0575342,1,15000,0.2,,,,,0.234949,0.793226,,0.844604,,,,,0.793226,,
21,1,2,F,0.060274,1,15000,0.2,0.235015,,,,,,,0.852382,,0.852382,0.852382,0.852382,0.852382,,
21,1,3,F,0.060274,1,15000,0.2,,,,,0.234987,,,0.852382,,0.852382,,0.852382,0.875145,,
21,1,4,M,0.060274,1,15000,0.2,,,,0.234988,,0.852382,,,0.875145,,,0.852382,,0.852382,
21,1,5,F,0.060274,1,15000,0.2,,,,0.234955,,,,,0.875145,0.875145,,,,,0.852382
21,1,6,M,0.060274,1,15000,0.2,,,0.235014,,,0.852382,,,,0.852382,0.852382,0.852382,,,0.852382
21,1,7,M,0.060274,1,15000,0.2,,0.234989,,,,,,,0.852382,0.875145,0.852382,0.852382,,,
21,1,8,M,0.060274,1,15000,0.2,0.235015,,,,,0.852382,0.852382,,0.852382,0.852382,,,,,0.852382
21,1,9,F,0.060274,1,15000,0.2,,,,0.234989,,,,0.852382,,,,0.875145,0.852382,0.852382,
21,1,10,F,0.060274,1,15000,0.2,,,,0.235015,,0.852382,,,0.852382,0.852382,,,0.852382,0.852382,
21,1,11,M,0.060274,1,15000,0.2,,,0.234987,,,,0.852382,0.852382,0.852382,,,,,0.875145,
21,1,12,M,0.060274,1,15000,0.2,,,0.23495,,,,,,,,0.852382,0.889062,,,0.852382
21,1,13,F,0.060274,1,15000,0.2,,,0.234955,,,,,0.875145,,,,,,0.875145,0.852382
21,1,14,F,0.060274,1,15000,0.2,,,,0.234988,,0.875145,,0.852382,,,,,0.852382,0.852382,
21,1,15,F,0.060274,1,15000,0.2,,,,0.234949,,,0.852382,0.889062,,,,,0.852382,,
21,1,16,F,0.060274,1,15000,0.2,0.234949,,,,,,,,0.852382,,,0.889062,,,0.852382
21,1,17,F,0.060274,1,15000,0.2,,,,,0.235014,0.852382,,,0.852382,,,0.852382,0.852382,0.852382,
21,1,18,M,0.060274,1,15000,0.2,,,0.234987,,,0.852382,,,,0.852382,,,,0.852382,0.875145
21,1,19,M,0.060274,1,15000,0.2,,0.23495,,,,,0.852382,,,,,,0.852382,0.889062,
21,1,20,M,0.060274,1,15000,0.2,,0.234988,,,,,0.852382,0.852382,,,0.875145,,0.852382,,
21,1,21,F,0.060274,1,15000,0.2,,,,,0.234949,0.852382,,0.889062,,,,,0.852382,,
22,1,2,F,0.0630137,1,15000,0.2,0.278022,,,,,,,0.894614,,0.894614,0.894614,0.894614,0.894614,,
22,1,3,F,0.0630137,1,15000,0.2,,,,,0.277989,,,0.894614,,0.894614,,0.894614,0.910865,,
22,1,4,M,0.0630137,1,15000,0.2,,,,0.27799,,0.894614,,,0.910865,,,0.894614,,0.894614,
22,1,5,F,0.0630137,1,15000,0.2,,,,0.277953,,,,,0.910865,0.910865,,,,,0.894614
22,1,6,M,0.0630137,1,15000,0.2,,,0.27802,,,0.894614,,,,0.894614,0.894614,0.894614,,,0.894614
22,1,7,M,0.0630137,1,15000,0.2,,0.277992,,,,,,,0.894614,0.910865,0.894614,0.894614,,,
22,1,8,M,0.0630137,1,15000,0.2,0.278022,,,,,0.894614,0.894614,,0.894614,0.894614,,,,,0.894614
22,1,9,F,0.0630137,1,15000,0.2,,,,0.277994,,,,0.894614,,,,0.910865,0.894614,0.894614,
22,1,10,F,0.0630137,1,15000,0.2,,,,0.278022,,0.894614,,,0.894614,0.894614,,,0.894614,0.894614,
22,1,11,M,0.0630137,1,15000,0.2,,,0.277988,,,,0.894614,0.894614,0.894614,,,,,0.910865,
22,1,12,M,0.0630137,1,15000,0.2,,,0.277949,,,,,,,,0.894614,0.9208,,,0.894614
22,1,13,F,0.0630137,1,15000,0.2,,,0.277952,,,,,0.910865,,,,,,0.910865,0.894614
22,1,14,F,0.0630137,1,15000,0.2,,,,0.27799,,0.910865,,0.894614,,,,,0.894614,0.894614,
22,1,15,F,0.0630137,1,15000,0.2,,,,0.277945,,,0.894614,0.9208,,,,,0.894614,,
22,1,16,F,0.0630137,1,15000,0.2,0.277946,,,,,,,,0.894614,,,0.9208,,,0.894614
22,1,17,F,0.0630137,1,15000,0.2,,,,,0.27802,0.894614,,,0.894614,,,0.894614,0.894614,0.894614,
22,1,18,M,0.0630137,1,15000,0.2,,,0.277987,,,0.894614,,,,0.894614,,,,0.894614,0.910865
22,1,19,M,0.0630137,1,15000,0.2,,0.277949,,,,,0.894614,,,,,,0.894614,0.9208,
22,1,20,M,0.0630137,1,15000,0.2,,0.27799,,,,,0.894614,0.894614,,,0.910865,,0.894614,,
22,1,21,F,0.0630137,1,15000,0.2,,,,,0.277946,0.894614,,0.9208,,,,,0.894614,,
23,1,2,F,0.0657534,1,15000,0.2,0.278022,,,,,,,0.924764,,0.924764,0.924764,0.924764,0.924764,,
23,1,3,F,0.0657534,1,15000,0.2,,,,,0.277989,,,0.924764,,0.924764,,0.924764,0.936365,,
23,1,4,M,0.0657534,1,15000,0.2,,,,0.27799,,0.924764,,,0.936365,,,0.924764,,0.924764,
23,1,5,F,0.0657534,1,15000,0.2,,,,0.277953,,,,,0.936365,0.936365,,,,,0.924764
23,1,6,M,0.0657534,1,15000,0.2,,,0.27802,,,0.924764,,,,0.924764,0.924764,0.924764,,,0.924764
23,1,7,M,0.0657534,1,15000,0.2,,0.277992,,,,,,,0.924764,0.936365,0.924764,0.924764,,,
23,1,8,M,0.0657534,1,15000,0.2,0.278022,,,,,0.924764,0.924764,,0.924764,0.924764,,,,,0.924764
23,1,9,F,0.0657534,1,15000,0.2,,,,0.277994,,,,0.924764,,,,0.936365,0.924764,0.924764,
23,1,10,F,0.0657534,1,15000,0.2,,,,0.278022,,0.924764,,,0.924764,0.924764,,,0.924764,0.924764,
23,1,11,M,0.0657534,1,15000,0.2,,,0.277988,,,,0.924764,0.924764,0.924764,,,,,0.936365,
23,1,12,M,0.0657534,1,15000,0.2,,,0.277949,,,,,,,,0.924764,0.943458,,,0.924764
23,1,13,F,0.0657534,1,15000,0.2,,,0.277952,,,,,0.936365,,,,,,0.936365,0.924764
23,1,14,F,0.0657534,1,15000,0.2,,,,0.27799,,0.936365,,0.924764,,,,,0.924764,0.924764,
23,1,15,F,0.0657534,1,15000,0.2,,,,0.277945,,,0.924764,0.943458,,,,,0.924764,,
23,1,16,F,0.0657534,1,15000,0.2,0.277946,,,,,,,,0.924764,,,0.943458,,,0.924764
23,1,17,F,0.0657534,1,15000,0.2,,,,,0.27802,0.924764,,,0.924764,,,0.924764,0.924764,0.924764,
23,1,18,M,0.0657534,1,15000,0.2,,,0.277987,,,0.924764,,,,0.924764,,,,0.924764,0.936365
23,1,19,M,0.0657534,1,15000,0.2,,0.277949,,,,,0.924764,,,,,,0.924764,0.943458,
23,1,20,M,0.0657534,1,15000,0.2,,0.27799,,,,,0.924764,0.924764,,,0.936365,,0.924764,,
23,1,21,F,0.0657534,1,15000,0.2,,,,,0.277946,0.924764,,0.943458,,,,,0.924764,,
24,1,2,F,0.0684932,1,15000,0.2,0.318595,,,,,,,0.946288,,0.946288,0.946288,0.946288,0.946288,,
24,1,3,F,0.0684932,1,15000,0.2,,,,,0.318552,,,0.946288,,0.946288,,0.946288,0.954571,,
24,1,4,M,0.0684932,1,15000,0.2,,,,0.318555,,0.946288,,,0.954571,,,0.946288,,0.946288,
24,1,5,F,0.0684932,1,15000,0.2,,,,0.31851,,,,,0.954571,0.954571,,,,,0.946289
24,1,6,M,0.0684932,1,15000,0.2,,,0.318591,,,0.946288,,,,0.946288,0.946288,0.946288,,,0.946288
24,1,7,M,0.0684932,1,15000,0.2,,0.318559,,,,,,,0.946288,0.954571,0.946288,0.946288,,,
24,1,8,M,0.0684932,1,15000,0.2,0.318595,,,,,0.946288,0.946288,,0.946288,0.946288,,,,,0.946288
24,1,9,F,0.0684932,1,15000,0.2,,,,0.318563,,,,0.946288,,,,0.954571,0.946288,0.946288,
24,1,10,F,0.0684932,1,15000,0.2,,,,0.318595,,0.946288,,,0.946288,0.946288,,,0.946288,0.946288,
24,1,11,M,0.0684932,1,15000,0.2,,,0.31855,,,,0.946288,0.946288,0.946288,,,,,0.954571,
24,1,12,M,0.0684932,1,15000,0.2,,,0.318508,,,,,,,,0.946289,0.959634,,,0.946289
24,1,13,F,0.0684932,1,15000,0.2,,,0.318507,,,,,0.954571,,,,,,0.954571,0.946289
24,1,14,F,0.0684932,1,15000,0.2,,,,0.318555,,0.954571,,0.946288,,,,,0.946288,0.946288,
24,1,15,F,0.0684932,1,15000,0.2,,,,0.318498,,,0.946289,0.959634,,,,,0.946289,,
24,1,16,F,0.0684932,1,15000,0.2,0.318501,,,,,,,,0.946289,,,0.959634,,,0.946289
24,1,17,F,0.0684932,1,15000,0.2,,,,,0.318591,0.946288,,,0.946288,,,0.946288,0.946288,0.946288,
24,1,18,M,0.0684932,1,15000,0.2,,,0.318547,,,0.946288,,,,0.946288,,,,0.946288,0.954571
24,1,19,M,0.0684932,1,15000,0.2,,0.318508,,,,,0.946289,,,,,,0.946289,0.959634,
24,1,20,M,0.0684932,1,15000,0.2,,0.318555,,,,,0.946288,0.946288,,,0.954571,,0.946288,,
24,1,21,F,0.0684932,1,15000,0.2,,,,,0.318501,0.946289,,0.959634,,,,,0.946289,,
25,1,2,F,0.0712329,1,15000,0.2,0.318595,,,,,,,0.961655,,0.961655,0.961655,0.961655,0.961655,,
25,1,3,F,0.0712329,1,15000,0.2,,,,,0.318552,,,0.961655,,0.961655,,0.961655,0.967568,,
25,1,4,M,0.0712329,1,15000,0.2,,,,0.318555,,0.961655,,,0.967568,,,0.961655,,0.961655,
25,1,5,F,0.0712329,1,15000,0.2,,,,0.31851,,,,,0.967568,0.967568,,,,,0.961655
25,1,6,M,0.0712329,1,15000,0.2,,,0.318591,,,0.961655,,,,0.961655,0.961655,0.961655,,,0.961655
25,1,7,M,0.0712329,1,15000,0.2,,0.318559,,,,,,,0.961655,0.967568,0.961655,0.961655,,,
25,1,8,M,0.0712329,1,15000,0.2,0.318595,,,,,0.961655,0.961655,,0.961655,0.961655,,,,,0.961655
25,1,9,F,0.0712329,1,15000,0.2,,,,0.318563,,,,0.961655,,,,0.967568,0.961655,0.961655,
25,1,10,F,0.0712329,1,15000,0.2,,,,0.318595,,0.961655,,,0.961655,0.961655,,,0.961655,0.961655,
25,1,11,M,0.0712329,1,15000,0.2,,,0.31855,,,,0.961655,0.961655,0.961655,,,,,0.967568,
25,1,12,M,0.0712329,1,15000,0.2,,,0.318508,,,,,,,,0.961655,0.971183,,,0.961655
25,1,13,F,0.0712329,1,15000,0.2,,,0.318507,,,,,0.967568,,,,,,0.967568,0.961655
25,1,14,F,0.0712329,1,15000,0.2,,,,0.318555,,0.967568,,0.961655,,,,,0.961655,0.961655,
25,1,15,F,0.0712329,1,15000,0.2,,,,0.318498,,,0.961655,0.971183,,,,,0.961655,,
25,1,16,F,0.0712329,1,15000,0.2,0.318501,,,,,,,,0.961655,,,0.971183,,,0.961655
25,1,17,F,0.0712329,1,15000,0.2,,,,,0.318591,0.961655,,,0.961655,,,0.961655,0.961655,0.961655,
25,1,18,M,0.0712329,1,15000,0.2,,,0.318547,,,0.961655,,,,0.961655,,,,0.961655,0.967568
25,1,19,M,0.0712329,1,15000,0.2,,0.318508,,,,,0.961655,,,,,,0.961655,0.971183,
25,1,20,M,0.0712329,1,15000,0.2,,0.318555,,,,,0.961655,0.961655,,,0.967568,,0.961655,,
25,1,21,F,0.0712329,1,15000,0.2,,,,,0.318501,0.961655,,0.971183,,,,,0.961655,,
26,1,2,F,0.0739726,1,15000,0.2,0.35684,,,,,,,0.972625,,0.972625,0.972625,0.972625,0.972625,,
26,1,3,F,0.0739726,1,15000,0.2,,,,,0.356772,,,0.972625,,0.972625,,0.972625,0.976846,,
26,1,4,M,0.0739726,1,15000,0.2,,,,0.356778,,0.972625,,,0.976846,,,0.972625,,0.972625,
26,1,5,F,0.0739726,1,15000,0.2,,,,0.356715,,,,,0.976846,0.976846,,,,,0.972625
26,1,6,M,0.0739726,1,15000,0.2,,,0.35683,,,0.972625,,,,0.972625,0.972625,0.972625,,,0.972625
26,1,7,M,0.0739726,1,15000,0.2,,0.35679,,,,,,,0.972625,0.976846,0.972625,0.972625,,,
26,1,8,M,0.0739726,1,15000,0.2,0.35684,,,,,0.972625,0.972625,,0.972625,0.972625,,,,,0.972625
26,1,9,F,0.0739726,1,15000,0.2,,,,0.3568,,,,0.972625,,,,0.976846,0.972625,0.972625,
26,1,10,F,0.0739726,1,15000,0.2,,,,0.35684,,0.972625,,,0.972625,0.972625,,,0.972625,0.972625,
26,1,11,M,0.0739726,1,15000,0.2,,,0.356766,,,,0.972625,0.972625,0.972625,,,,,0.976846,
26,1,12,M,0.0739726,1,15000,0.2,,,0.356718,,,,,,,,0.972625,0.979427,,,0.972625
26,1,13,F,0.0739726,1,15000,0.2,,,0.356709,,,,,0.976846,,,,,,0.976846,0.972625
26,1,14,F,0.0739726,1,15000,0.2,,,,0.356778,,0.976846,,0.972625,,,,,0.972625,0.972625,
26,1,15,F,0.0739726,1,15000,0.2,,,,0.356695,,,0.972625,0.979427,,,,,0.972625,,
26,1,16,F,0.0739726,1,15000,0.2,0.356701,,,,,,,,0.972625,,,0.979427,,,0.972625
26,1,17,F,0.0739726,1,15000,0.2,,,,,0.35683,0.972625,,,0.972625,,,0.972625,0.972625,0.972625,
26,1,18,M,0.0739726,1,15000,0.2,,,0.356759,,,0.972625,,,,0.972625,,,,0.972625,0.976846
26,1,19,M,0.0739726,1,15000,0.2,,0.356718,,,,,0.972625,,,,,,0.972625,0.979427,
26,1,20,M,0.0739726,1,15000,0.2,,0.356778,,,,,0.972625,0.972625,,,0.976846,,0.972625,,
26,1,21,F,0.0739726,1,15000,0.2,,,,,0.356701,0.972625,,0.979427,,,,,0.972625,,
27,1,2,F,0.0767123,1,15000,0.2,0.35684,,,,,,,0.980457,,0.980457,0.980457,0.980457,0.980457,,
27,1,3,F,0.0767123,1,15000,0.2,,,,,0.356772,,,0.980457,,0.980457,,0.980457,0.98347,,
27,1,4,M,0.0767123,1,15000,0.2,,,,0.356778,,0.980457,,,0.98347,,,0.980457,,0.980457,
27,1,5,F,0.0767123,1,15000,0.2,,,,0.356715,,,,,0.98347,0.98347,,,,,0.980457
27,1,6,M,0.0767123,1,15000,0.2,,,0.35683,,,0.980457,,,,0.980457,0.980457,0.980457,,,0.980457
27,1,7,M,0.0767123,1,15000,0.2,,0.35679,,,,,,,0.980457,0.98347,0.980457,0.980457,,,
27,1,8,M,0.0767123,1,15000,0.2,0.35684,,,,,0.980457,0.980457,,0.980457,0.980457,,,,,0.980457
27,1,9,F,0.0767123,1,15000,0.2,,,,0.3568,,,,0.980457,,,,0.98347,0.980457,0.980457,
27,1,10,F,0.0767123,1,15000,0.2,,,,0.35684,,0.980457,,,0.980457,0.980457,,,0.980457,0.980457,
27,1,11,M,0.0767123,1,15000,0.2,,,0.356766,,,,0.980457,0.980457,0.980457,,,,,0.98347,
27,1,12,M,0.0767123,1,15000,0.2,,,0.356718,,,,,,,,0.980457,0.985313,,,0.980457
27,1,13,F,0.0767123,1,15000,0.2,,,0.356709,,,,,0.98347,,,,,,0.98347,0.980457
27,1,14,F,0.0767123,1,15000,0.2,,,,0.356778,,0.98347,,0.980457,,,,,0.980457,0.980457,
27,1,15,F,0.0767123,1,15000,0.2,,,,0.356695,,,0.980457,0.985313,,,,,0.980457,,
27,1,16,F,0.0767123,1,15000,0.2,0.356701,,,,,,,,0.980457,,,0.985313,,,0.980457
27,1,17,F,0.0767123,1,15000,0.2,,,,,0.35683,0.980457,,,0.980457,,,0.980457,0.980457,0.980457,
27,1,18,M,0.0767123,1,15000,0.2,,,0.356759,,,0.980457,,,,0.980457,,,,0.980457,0.98347
27,1,19,M,0.0767123,1,15000,0.2,,0.356718,,,,,0.980457,,,,,,0.980457,0.985313,
27,1,20,M,0.0767123,1,15000,0.2,,0.356778,,,,,0.980457,0.980457,,,0.98347,,0.980457,,
27,1,21,F,0.0767123,1,15000,0.2,,,,,0.356701,0.980457,,0.985313,,,,,0.980457,,
28,1,2,F,0.0794521,1,15000,0.2,0.392761,,,,,,,0.986048,,0.986048,0.986048,0.986048,0.986048,,
28,1,3,F,0.0794521,1,15000,0.2,,,,,0.392612,,,0.986048,,0.986048,,0.986048,0.988199,,
28,1,4,M,0.0794521,1,15000,0.2,,,,0.392628,,0.986048,,,0.988199,,,0.986048,,0.986048,
28,1,5,F,0.0794521,1,15000,0.2,,,,0.392509,,,,,0.988199,0.988199,,,,,0.986048
28,1,6,M,0.0794521,1,15000,0.2,,,0.39273,,,0.986048,,,,0.986048,0.986048,0.986048,,,0.986048
28,1,7,M,0.0794521,1,15000,0.2,,0.392663,,,,,,,0.986048,0.988199,0.986048,0.986048,,,
28,1,8,M,0.0794521,1,15000,0.2,0.392761,,,,,0.986048,0.986048,,0.986048,0.986048,,,,,0.986048
28,1,9,F,0.0794521,1,15000,0.2,,,,0.392692,,,,0.986048,,,,0.988199,0.986048,0.986048,
28,1,10,F,0.0794521,1,15000,0.2,,,,0.392761,,0.986048,,,0.986048,0.986048,,,0.986048,0.986048,
28,1,11,M,0.0794521,1,15000,0.2,,,0.392591,,,,0.986048,0.986048,0.986048,,,,,0.988199,
28,1,12,M,0.0794521,1,15000,0.2,,,0.392529,,,,,,,,0.986048,0.989515,,,0.986048
28,1,13,F,0.0794521,1,15000,0.2,,,0.392489,,,,,0.988199,,,,,,0.988199,0.986048
28,1,14,F,0.0794521,1,15000,0.2,,,,0.392628,,0.988199,,0.986048,,,,,0.986048,0.986048,
28,1,15,F,0.0794521,1,15000,0.2,,,,0.392458,,,0.986048,0.989515,,,,,0.986048,,
28,1,16,F,0.0794521,1,15000,0.2,0.392477,,,,,,,,0.986048,,,0.989515,,,0.986048
28,1,17,F,0.0794521,1,15000,0.2,,,,,0.39273,0.986048,,,0.986048,,,0.986048,0.986048,0.986048,
28,1,18,M,0.0794521,1,15000,0.2,,,0.392568,,,0.986048,,,,0.986048,,,,0.986048,0.988199
28,1,19,M,0.0794521,1,15000,0.2,,0.392529,,,,,0.986048,,,,,,0.986048,0.989515,
28,1,20,M,0.0794521,1,15000,0.2,,0.392628,,,,,0.986048,0.986048,,,0.988199,,0.986048,,
28,1,21,F,0.0794521,1,15000,0.2,,,,,0.392476,0.986048,,0.989515,,,,,0.986048,,
29,1,2,F,0.0821918,1,15000,0.2,0.392761,,,,,,,0.990039,,0.990039,0.990039,0.990039,0.990039,,
29,1,3,F,0.0821918,1,15000,0.2,,,,,0.392612,,,0.990039,,0.990039,,0.990039,0.991575,,
29,1,4,M,0.0821918,1,15000,0.2,,,,0.392628,,0.990039,,,0.991575,,,0.990039,,0.990039,
29,1,5,F,0.0821918,1,15000,0.2,,,,0.392509,,,,,0.991575,0.991575,,,,,0.990039
29,1,6,M,0.0821918,1,15000,0.2,,,0.39273,,,0.990039,,,,0.990039,0.990039,0.990039,,,0.990039
29,1,7,M,0.0821918,1,15000,0.2,,0.392663,,,,,,,0.990039,0.991575,0.990039,0.990039,,,
29,1,8,M,0.0821918,1,15000,0.2,0.392761,,,,,0.990039,0.990039,,0.990039,0.990039,,,,,0.990039
29,1,9,F,0.0821918,1,15000,0.2,,,,0.392692,,,,0.990039,,,,0.991575,0.990039,0.990039,
29,1,10,F,0.0821918,1,15000,0.2,,,,0.392761,,0.990039,,,0.990039,0.990039,,,0.990039,0.990039,
29,1,11,M,0.0821918,1,15000,0.2,,,0.392591,,,,0.990039,0.990039,0.990039,,,,,0.991575,
29,1,12,M,0.0821918,1,15000,0.2,,,0.392529,,,,,,,,0.990039,0.992514,,,0.990039
29,1,13,F,0.0821918,1,15000,0.2,,,0.392489,,,,,0.991575,,,,,,0.991575,0.990039
29,1,14,F,0.0821918,1,15000,0.2,,,,0.392628,,0.991575,,0.990039,,,,,0.990039,0.990039,
29,1,15,F,0.0821918,1,15000,0.2,,,,0.392458,,,0.990039,0.992514,,,,,0.990039,,
29,1,16,F,0.0821918,1,15000,0.2,0.392477,,,,,,,,0.990039,,,0.992514,,,0.990039
29,1,17,F,0.0821918,1,15000,0.2,,,,,0.39273,0.990039,,,0.990039,,,0.990039,0.990039,0.990039,
29,1,18,M,0.0821918,1,15000,0.2,,,0.392568,,,0.990039,,,,0.990039,,,,0.990039,0.991575
29,1,19,M,0.0821918,1,15000,0.2,,0.392529,,,,,0.990039,,,,,,0.990039,0.992514,
29,1,20,M,0.0821918,1,15000,0.2,,0.392628,,,,,0.990039,0.990039,,,0.991575,,0.990039,,
29,1,21,F,0.0821918,1,15000,0.2,,,,,0.392476,0.990039,,0.992514,,,,,0.990039,,
30,1,2,F,0.0849315,1,15000,0.2,0.42605,,,,,,,0.992889,,0.992889,0.992889,0.992889,0.992889,,
30,1,3,F,0.0849315,1,15000,0.2,,,,,0.425631,,,0.992889,,0.992889,,0.992889,0.993986,,
30,1,4,M,0.0849315,1,15000,0.2,,,,0.425684,,0.992889,,,0.993986,,,0.992889,,0.992889,
30,1,5,F,0.0849315,1,15000,0.2,,,,0.425383,,,,,0.993986,0.993986,,,,,0.992889
30,1,6,M,0.0849315,1,15000,0.2,,,0.42595,,,0.992889,,,,0.992889,0.992889,0.992889,,,0.992889
30,1,7,M,0.0849315,1,15000,0.2,,0.425796,,,,,,,0.992889,0.993986,0.992889,0.992889,,,
30,1,8,M,0.0849315,1,15000,0.2,0.42605,,,,,0.992889,0.992889,,0.992889,0.992889,,,,,0.992889
30,1,9,F,0.0849315,1,15000,0.2,,,,0.425892,,,,0.992889,,,,0.993986,0.992889,0.992889,
30,1,10,F,0.0849315,1,15000,0.2,,,,0.42605,,0.992889,,,0.992889,0.992889,,,0.992889,0.992889,
30,1,11,M,0.0849315,1,15000,0.2,,,0.425561,,,,0.992889,0.992889,0.992889,,,,,0.993986,
30,1,12,M,0.0849315,1,15000,0.2,,,0.425459,,,,,,,,0.992889,0.994656,,,0.992889
30,1,13,F,0.0849315,1,15000,0.2,,,0.425317,,,,,0.993986,,,,,,0.993986,0.992889
30,1,14,F,0.0849315,1,15000,0.2,,,,0.425684,,0.993986,,0.992889,,,,,0.992889,0.992889,
30,1,15,F,0.0849315,1,15000,0.2,,,,0.425231,,,0.992889,0.994656,,,,,0.992889,,
30,1,16,F,0.0849315,1,15000,0.2,0.425292,,,,,,,,0.992889,,,0.994656,,,0.992889
30,1,17,F,0.0849315,1,15000,0.2,,,,,0.42595,0.992889,,,0.992889,,,0.992889,0.992889,0.992889,
30,1,18,M,0.0849315,1,15000,0.2,,,0.425488,,,0.992889,,,,0.992889,,,,0.992889,0.993986
30,1,19,M,0.0849315,1,15000,0.2,,0.425459,,,,,0.992889,,,,,,0.992889,0.994656,
30,1,20,M,0.0849315,1,15000,0.2,,0.425684,,,,,0.992889,0.992889,,,0.993986,,0.992889,,
30,1,21,F,0.0849315,1,15000,0.2,,,,,0.425286,0.992889,,0.994656,,,,,0.992889,,
31,1,2,F,0.0876712,1,15000,0.2,0.590252,,,,,,,0.994923,,0.994923,0.994923,0.994923,0.994923,,
31,1,3,F,0.0876712,1,15000,0.2,,,,,0.589952,,,0.994923,,0.994923,,0.994923,0.995706,,
31,1,4,M,0.0876712,1,15000,0.2,,,,0.58999,,0.994923,,,0.995706,,,0.994923,,0.994923,
31,1,5,F,0.0876712,1,15000,0.2,,,,0.589775,,,,,0.995706,0.995706,,,,,0.994923
31,1,6,M,0.0876712,1,15000,0.2,,,0.59018,,,0.994923,,,,0.994923,0.994923,0.994923,,,0.994923
31,1,7,M,0.0876712,1,15000,0.2,,0.590071,,,,,,,0.994923,0.995706,0.994923,0.994923,,,
31,1,8,M,0.0876712,1,15000,0.2,0.590252,,,,,0.994923,0.994923,,0.994923,0.994923,,,,,0.994923
31,1,9,F,0.0876712,1,15000,0.2,,,,0.590139,,,,0.994923,,,,0.995706,0.994923,0.994923,
31,1,10,F,0.0876712,1,15000,0.2,,,,0.590252,,0.994923,,,0.994923,0.994923,,,0.994923,0.994923,
31,1,11,M,0.0876712,1,15000,0.2,,,0.589903,,,,0.994923,0.994923,0.994923,,,,,0.995706,
31,1,12,M,0.0876712,1,15000,0.2,,,0.58983,,,,,,,,0.994923,0.996185,,,0.994923
31,1,13,F,0.0876712,1,15000,0.2,,,0.589728,,,,,0.995706,,,,,,0.995706,0.994923
31,1,14,F,0.0876712,1,15000,0.2,,,,0.589991,,0.995706,,0.994923,,,,,0.994923,0.994923,
31,1,15,F,0.0876712,1,15000,0.2,,,,0.589667,,,0.994923,0.996185,,,,,0.994923,,
31,1,16,F,0.0876712,1,15000,0.2,0.589711,,,,,,,,0.994923,,,0.996185,,,0.994923
31,1,17,F,0.0876712,1,15000,0.2,,,,,0.59018,0.994923,,,0.994923,,,0.994923,0.994923,0.994923,
31,1,18,M,0.0876712,1,15000,0.2,,,0.58985,,,0.994923,,,,0.994923,,,,0.994923,0.995706
31,1,19,M,0.0876712,1,15000,0.2,,0.58983,,,,,0.994923,,,,,,0.994923,0.996185,
31,1,20,M,0.0876712,1,15000,0.2,,0.58999,,,,,0.994923,0.994923,,,0.995706,,0.994923,,
31,1,21,F,0.0876712,1,15000,0.2,,,,,0.589706,0.994923,,0.996185,,,,,0.994923,,
32,1,2,F,0.090411,1,15000,0.2,0.707477,,,,,,,0.996376,,0.996376,0.996376,0.996376,0.996376,,
32,1,3,F,0.090411,1,15000,0.2,,,,,0.707263,,,0.996376,,0.996376,,0.996376,0.996935,,
32,1,4,M,0.090411,1,15000,0.2,,,,0.70729,,0.996376,,,0.996935,,,0.996376,,0.996376,
32,1,5,F,0.090411,1,15000,0.2,,,,0.707137,,,,,0.996935,0.996935,,,,,0.996376
32,1,6,M,0.090411,1,15000,0.2,,,0.707426,,,0.996376,,,,0.996376,0.996376,0.996376,,,0.996376
32,1,7,M,0.090411,1,15000,0.2,,0.707348,,,,,,,0.996376,0.996935,0.996376,0.996376,,,
32,1,8,M,0.090411,1,15000,0.2,0.707477,,,,,0.996376,0.996376,,0.996376,0.996376,,,,,0.996376
32,1,9,F,0.090411,1,15000,0.2,,,,0.707396,,,,0.996376,,,,0.996935,0.996376,0.996376,
32,1,10,F,0.090411,1,15000,0.2,,,,0.707477,,0.996376,,,0.996376,0.996376,,,0.996376,0.996376,
32,1,11,M,0.090411,1,15000,0.2,,,0.707228,,,,0.996376,0.996376,0.996376,,,,,0.996935,
32,1,12,M,0.090411,1,15000,0.2,,,0.707176,,,,,,,,0.996376,0.997276,,,0.996376
32,1,13,F,0.090411,1,15000,0.2,,,0.707103,,,,,0.996935,,,,,,0.996935,0.996376
32,1,14,F,0.090411,1,15000,0.2,,,,0.70729,,0.996935,,0.996376,,,,,0.996376,0.996376,
32,1,15,F,0.090411,1,15000,0.2,,,,0.70706,,,0.996376,0.997276,,,,,0.996376,,
32,1,16,F,0.090411,1,15000,0.2,0.707091,,,,,,,,0.996376,,,0.997276,,,0.996376
32,1,17,F,0.090411,1,15000,0.2,,,,,0.707426,0.996376,,,0.996376,,,0.996376,0.996376,0.996376,
32,1,18,M,0.090411,1,15000,0.2,,,0.70719,,,0.996376,,,,0.996376,,,,0.996376,0.996935
32,1,19,M,0.090411,1,15000,0.2,,0.707176,,,,,0.996376,,,,,,0.996376,0.997276,
32,1,20,M,0.090411,1,15000,0.2,,0.70729,,,,,0.996376,0.996376,,,0.996935,,0.996376,,
32,1,21,F,0.090411,1,15000,0.2,,,,,0.707088,0.996376,,0.997276,,,,,0.996376,,
33,1,2,F,0.0931507,1,15000,0.2,0.791165,,,,,,,0.997413,,0.997413,0.997413,0.997413,0.997413,,
33,1,3,F,0.0931507,1,15000,0.2,,,,,0.791013,,,0.997413,,0.997413,,0.997413,0.997812,,
33,1,4,M,0.0931507,1,15000,0.2,,,,0.791032,,0.997413,,,0.997812,,,0.997413,,0.997413,
33,1,5,F,0.0931507,1,15000,0.2,,,,0.790922,,,,,0.997812,0.997812,,,,,0.997413
33,1,6,M,0.0931507,1,15000,0.2,,,0.791129,,,0.997413,,,,0.997413,0.997413,0.997413,,,0.997413
33,1,7,M,0.0931507,1,15000,0.2,,0.791073,,,,,,,0.997413,0.997812,0.997413,0.997413,,,
33,1,8,M,0.0931507,1,15000,0.2,0.791165,,,,,0.997413,0.997413,,0.997413,0.997413,,,,,0.997413
33,1,9,F,0.0931507,1,15000,0.2,,,,0.791108,,,,0.997413,,,,0.997812,0.997413,0.997413,
33,1,10,F,0.0931507,1,15000,0.2,,,,0.791165,,0.997413,,,0.997413,0.997413,,,0.997413,0.997413,
33,1,11,M,0.0931507,1,15000,0.2,,,0.790987,,,,0.997413,0.997413,0.997413,,,,,0.997812,
33,1,12,M,0.0931507,1,15000,0.2,,,0.79095,,,,,,,,0.997413,0.998056,,,0.997413
33,1,13,F,0.0931507,1,15000,0.2,,,0.790898,,,,,0.997812,,,,,,0.997812,0.997413
33,1,14,F,0.0931507,1,15000,0.2,,,,0.791032,,0.997812,,0.997413,,,,,0.997413,0.997413,
33,1,15,F,0.0931507,1,15000,0.2,,,,0.790867,,,0.997413,0.998056,,,,,0.997413,,
33,1,16,F,0.0931507,1,15000,0.2,0.790889,,,,,,,,0.997413,,,0.998056,,,0.997413
33,1,17,F,0.0931507,1,15000,0.2,,,,,0.791129,0.997413,,,0.997413,,,0.997413,0.997413,0.997413,
33,1,18,M,0.0931507,1,15000,0.2,,,0.79096,,,0.997413,,,,0.997413,,,,0.997413,0.997812
33,1,19,M,0.0931507,1,15000,0.2,,0.79095,,,,,0.997413,,,,,,0.997413,0.998056,
33,1,20,M,0.0931507,1,15000,0.2,,0.791032,,,,,0.997413,0.997413,,,0.997812,,0.997413,,
33,1,21,F,0.0931507,1,15000,0.2,,,,,0.790887,0.997413,,0.998056,,,,,0.997413,,
34,1,2,F,0.0958904,1,15000,0.2,0.850911,,,,,,,0.998153,,0.998153,0.998153,0.998153,0.998153,,
34,1,3,F,0.0958904,1,15000,0.2,,,,,0.850802,,,0.998153,,0.998153,,0.998153,0.998438,,
34,1,4,M,0.0958904,1,15000,0.2,,,,0.850816,,0.998153,,,0.998438,,,0.998153,,0.998153,
34,1,5,F,0.0958904,1,15000,0.2,,,,0.850738,,,,,0.998438,0.998438,,,,,0.998153
34,1,6,M,0.0958904,1,15000,0.2,,,0.850885,,,0.998153,,,,0.998153,0.998153,0.998153,,,0.998153
34,1,7,M,0.0958904,1,15000,0.2,,0.850845,,,,,,,0.998153,0.998438,0.998153,0.998153,,,
34,1,8,M,0.0958904,1,15000,0.2,0.850911,,,,,0.998153,0.998153,,0.998153,0.998153,,,,,0.998153
34,1,9,F,0.0958904,1,15000,0.2,,,,0.85087,,,,0.998153,,,,0.998438,0.998153,0.998153,
34,1,10,F,0.0958904,1,15000,0.2,,,,0.850911,,0.998153,,,0.998153,0.998153,,,0.998153,0.998153,
34,1,11,M,0.0958904,1,15000,0.2,,,0.850784,,,,0.998153,0.998153,0.998153,,,,,0.998438,
34,1,12,M,0.0958904,1,15000,0.2,,,0.850757,,,,,,,,0.998153,0.998612,,,0.998153
34,1,13,F,0.0958904,1,15000,0.2,,,0.85072,,,,,0.998438,,,,,,0.998438,0.998153
34,1,14,F,0.0958904,1,15000,0.2,,,,0.850816,,0.998438,,0.998153,,,,,0.998153,0.998153,
34,1,15,F,0.0958904,1,15000,0.2,,,,0.850698,,,0.998153,0.998612,,,,,0.998153,,
34,1,16,F,0.0958904,1,15000,0.2,0.850714,,,,,,,,0.998153,,,0.998612,,,0.998153
34,1,17,F,0.0958904,1,15000,0.2,,,,,0.850885,0.998153,,,0.998153,,,0.998153,0.998153,0.998153,
34,1,18,M,0.0958904,1,15000,0.2,,,0.850765,,,0.998153,,,,0.998153,,,,0.998153,0.998438
34,1,19,M,0.0958904,1,15000,0.2,,0.850757,,,,,0.998153,,,,,,0.998153,0.998612,
34,1,20,M,0.0958904,1,15000,0.2,,0.850816,,,,,0.998153,0.998153,,,0.998438,,0.998153,,
34,1,21,F,0.0958904,1,15000,0.2,,,,,0.850712,0.998153,,0.998612,,,,,0.998153,,
35,1,2,F,0.0986301,1,15000,0.2,0.893564,,,,,,,0.998681,,0.998681,0.998681,0.998681,0.998681,,
35,1,3,F,0.0986301,1,15000,0.2,,,,,0.893486,,,0.998681,,0.998681,,0.998681,0.998885,,
35,1,4,M,0.0986301,1,15000,0.2,,,,0.893496,,0.998681,,,0.998885,,,0.998681,,0.998681,
35,1,5,F,0.0986301,1,15000,0.2,,,,0.89344,,,,,0.998885,0.998885,,,,,0.998681
35,1,6,M,0.0986301,1,15000,0.2,,,0.893545,,,0.998681,,,,0.998681,0.998681,0.998681,,,0.998681
35,1,7,M,0.0986301,1,15000,0.2,,0.893517,,,,,,,0.998681,0.998885,0.998681,0.998681,,,
35,1,8,M,0.0986301,1,15000,0.2,0.893564,,,,,0.998681,0.998681,,0.998681,0.998681,,,,,0.998681
35,1,9,F,0.0986301,1,15000,0.2,,,,0.893535,,,,0.998681,,,,0.998885,0.998681,0.998681,
35,1,10,F,0.0986301,1,15000,0.2,,,,0.893564,,0.998681,,,0.998681,0.998681,,,0.998681,0.998681,
35,1,11,M,0.0986301,1,15000,0.2,,,0.893473,,,,0.998681,0.998681,0.998681,,,,,0.998885,
35,1,12,M,0.0986301,1,15000,0.2,,,0.893454,,,,,,,,0.998681,0.999009,,,0.998681
35,1,13,F,0.0986301,1,15000,0.2,,,0.893428,,,,,0.998885,,,,,,0.998885,0.998681
35,1,14,F,0.0986301,1,15000,0.2,,,,0.893496,,0.998885,,0.998681,,,,,0.998681,0.998681,
35,1,15,F,0.0986301,1,15000,0.2,,,,0.893412,,,0.998681,0.999009,,,,,0.998681,,
35,1,16,F,0.0986301,1,15000,0.2,0.893423,,,,,,,,0.998681,,,0.999009,,,0.998681
35,1,17,F,0.0986301,1,15000,0.2,,,,,0.893545,0.998681,,,0.998681,,,0.998681,0.998681,0.998681,
35,1,18,M,0.0986301,1,15000,0.2,,,0.89346,,,0.998681,,,,0.998681,,,,0.998681,0.998885
35,1,19,M,0.0986301,1,15000,0.2,,0.893454,,,,,0.998681,,,,,,0.998681,0.999009,
35,1,20,M,0.0986301,1,15000,0.2,,0.893496,,,,,0.998681,0.998681,,,0.998885,,0.998681,,
35,1,21,F,0.0986301,1,15000,0.2,,,,,0.893422,0.998681,,0.999009,,,,,0.998681,,
36,1,2,F,0.10137,1,15000,0.2,0.924014,,,,,,,0.999059,,0.999059,0.999059,0.999059,0.999059,,
36,1,3,F,0.10137,1,15000,0.2,,,,,0.923959,,,0.999059,,0.999059,,0.999059,0.999204,,
36,1,4,M,0.10137,1,15000,0.2,,,,0.923966,,0.999059,,,0.999204,,,0.999059,,0.999059,
36,1,5,F,0.10137,1,15000,0.2,,,,0.923926,,,,,0.999204,0.999204,,,,,0.999059
36,1,6,M,0.10137,1,15000,0.2,,,0.924001,,,0.999059,,,,0.999059,0.999059,0.999059,,,0.999059
36,1,7,M,0.10137,1,15000,0.2,,0.923981,,,,,,,0.999059,0.999204,0.999059,0.999059,,,
36,1,8,M,0.10137,1,15000,0.2,0.924014,,,,,0.999059,0.999059,,0.999059,0.999059,,,,,0.999059
36,1,9,F,0.10137,1,15000,0.2,,,,0.923993,,,,0.999059,,,,0.999204,0.999059,0.999059,
36,1,10,F,0.10137,1,15000,0.2,,,,0.924014,,0.999059,,,0.999059,0.999059,,,0.999059,0.999059,
36,1,11,M,0.10137,1,15000,0.2,,,0.923949,,,,0.999059,0.999059,0.999059,,,,,0.999204,
36,1,12,M,0.10137,1,15000,0.2,,,0.923936,,,,,,,,0.999059,0.999293,,,0.999059
36,1,13,F,0.10137,1,15000,0.2,,,0.923917,,,,,0.999204,,,,,,0.999204,0.999059
36,1,14,F,0.10137,1,15000,0.2,,,,0.923966,,0.999204,,0.999059,,,,,0.999059,0.999059,
36,1,15,F,0.10137,1,15000,0.2,,,,0.923906,,,0.999059,0.999293,,,,,0.999059,,
36,1,16,F,0.10137,1,15000,0.2,0.923914,,,,,,,,0.999059,,,0.999293,,,0.999059
36,1,17,F,0.10137,1,15000,0.2,,,,,0.924001,0.999059,,,0.999059,,,0.999059,0.999059,0.999059,
36,1,18,M,0.10137,1,15000,0.2,,,0.92394,,,0.999059,,,,0.999059,,,,0.999059,0.999204
36,1,19,M,0.10137,1,15000,0.2,,0.923936,,,,,0.999059,,,,,,0.999059,0.999293,
36,1,20,M,0.10137,1,15000,0.2,,0.923966,,,,,0.999059,0.999059,,,0.999204,,0.999059,,
36,1,21,F,0.10137,1,15000,0.2,,,,,0.923913,0.999059,,0.999293,,,,,0.999059,,
37,1,2,F,0.10411,1,15000,0.2,0.945753,,,,,,,0.999328,,0.999328,0.999328,0.999328,0.999328,,
37,1,3,F,0.10411,1,15000,0.2,,,,,0.945713,,,0.999328,,0.999328,,0.999328,0.999432,,
37,1,4,M,0.10411,1,15000,0.2,,,,0.945718,,0.999328,,,0.999432,,,0.999328,,0.999328,
37,1,5,F,0.10411,1,15000,0.2,,,,0.94569,,,,,0.999432,0.999432,,,,,0.999328
37,1,6,M,0.10411,1,15000,0.2,,,0.945744,,,0.999328,,,,0.999328,0.999328,0.999328,,,0.999328
37,1,7,M,0.10411,1,15000,0.2,,0.945729,,,,,,,0.999328,0.999432,0.999328,0.999328,,,
37,1,8,M,0.10411,1,15000,0.2,0.945753,,,,,0.999328,0.999328,,0.999328,0.999328,,,,,0.999328
37,1,9,F,0.10411,1,15000,0.2,,,,0.945738,,,,0.999328,,,,0.999432,0.999328,0.999328,
37,1,10,F,0.10411,1,15000,0.2,,,,0.945753,,0.999328,,,0.999328,0.999328,,,0.999328,0.999328,
37,1,11,M,0.10411,1,15000,0.2,,,0.945707,,,,0.999328,0.999328,0.999328,,,,,0.999432,
37,1,12,M,0.10411,1,15000,0.2,,,0.945697,,,,,,,,0.999328,0.999495,,,0.999328
37,1,13,F,0.10411,1,15000,0.2,,,0.945684,,,,,0.999432,,,,,,0.999432,0.999328
37,1,14,F,0.10411,1,15000,0.2,,,,0.945718,,0.999432,,0.999328,,,,,0.999328,0.999328,
37,1,15,F,0.10411,1,15000,0.2,,,,0.945676,,,0.999328,0.999495,,,,,0.999328,,
37,1,16,F,0.10411,1,15000,0.2,0.945681,,,,,,,,0.999328,,,0.999495,,,0.999328
37,1,17,F,0.10411,1,15000,0.2,,,,,0.945744,0.999328,,,0.999328,,,0.999328,0.999328,0.999328,
37,1,18,M,0.10411,1,15000,0.2,,,0.9457,,,0.999328,,,,0.999328,,,,0.999328,0.999432
37,1,19,M,0.10411,1,15000,0.2,,0.945697,,,,,0.999328,,,,,,0.999328,0.999495,
37,1,20,M,0.10411,1,15000,0.2,,0.945718,,,,,0.999328,0.999328,,,0.999432,,0.999328,,
37,1,21,F,0.10411,1,15000,0.2,,,,,0.945681,0.999328,,0.999495,,,,,0.999328,,
38,1,2,F,0.106849,1,15000,0.2,0.961273,,,,,,,0.99952,,0.99952,0.99952,0.99952,0.99952,,
38,1,3,F,0.106849,1,15000,0.2,,,,,0.961244,,,0.99952,,0.99952,,0.99952,0.999594,,
38,1,4,M,0.106849,1,15000,0.2,,,,0.961248,,0.99952,,,0.999594,,,0.99952,,0.99952,
38,1,5,F,0.106849,1,15000,0.2,,,,0.961228,,,,,0.999594,0.999594,,,,,0.99952
38,1,6,M,0.106849,1,15000,0.2,,,0.961266,,,0.99952,,,,0.99952,0.99952,0.99952,,,0.99952
38,1,7,M,0.106849,1,15000,0.2,,0.961255,,,,,,,0.99952,0.999594,0.99952,0.99952,,,
38,1,8,M,0.106849,1,15000,0.2,0.961273,,,,,0.99952,0.99952,,0.99952,0.99952,,,,,0.99952
38,1,9,F,0.106849,1,15000,0.2,,,,0.961262,,,,0.99952,,,,0.999594,0.99952,0.99952,
38,1,10,F,0.106849,1,15000,0.2,,,,0.961273,,0.99952,,,0.99952,0.99952,,,0.99952,0.99952,
38,1,11,M,0.106849,1,15000,0.2,,,0.96124,,,,0.99952,0.99952,0.99952,,,,,0.999594,
38,1,12,M,0.106849,1,15000,0.2,,,0.961233,,,,,,,,0.99952,0.999639,,,0.99952
38,1,13,F,0.106849,1,15000,0.2,,,0.961223,,,,,0.999594,,,,,,0.999594,0.99952
38,1,14,F,0.106849,1,15000,0.2,,,,0.961248,,0.999594,,0.99952,,,,,0.99952,0.99952,
38,1,15,F,0.106849,1,15000,0.2,,,,0.961217,,,0.99952,0.999639,,,,,0.99952,,
38,1,16,F,0.106849,1,15000,0.2,0.961221,,,,,,,,0.99952,,,0.999639,,,0.99952
38,1,17,F,0.106849,1,15000,0.2,,,,,0.961266,0.99952,,,0.99952,,,0.99952,0.99952,0.99952,
38,1,18,M,0.106849,1,15000,0.2,,,0.961235,,,0.99952,,,,0.99952,,,,0.99952,0.999594
38,1,19,M,0.106849,1,15000,0.2,,0.961233,,,,,0.99952,,,,,,0.99952,0.999639,
38,1,20,M,0.106849,1,15000,0.2,,0.961248,,,,,0.99952,0.99952,,,0.999594,,0.99952,,
38,1,21,F,0.106849,1,15000,0.2,,,,,0.961221,0.99952,,0.999639,,,,,0.99952,,
39,1,2,F,0.109589,1,15000,0.2,0.972352,,,,,,,0.999658,,0.999658,0.999658,0.999658,0.999658,,
39,1,3,F,0.109589,1,15000,0.2,,,,,0.972332,,,0.999658,,0.999658,,0.999658,0.99971,,
39,1,4,M,0.109589,1,15000,0.2,,,,0.972335,,0.999658,,,0.99971,,,0.999658,,0.999658,
39,1,5,F,0.109589,1,15000,0.2,,,,0.97232,,,,,0.99971,0.99971,,,,,0.999658
39,1,6,M,0.109589,1,15000,0.2,,,0.972347,,,0.999658,,,,0.999658,0.999658,0.999658,,,0.999658
39,1,7,M,0.109589,1,15000,0.2,,0.97234,,,,,,,0.999658,0.99971,0.999658,0.999658,,,
39,1,8,M,0.109589,1,15000,0.2,0.972352,,,,,0.999658,0.999658,,0.999658,0.999658,,,,,0.999658
39,1,9,F,0.109589,1,15000,0.2,,,,0.972345,,,,0.999658,,,,0.99971,0.999658,0.999658,
39,1,10,F,0.109589,1,15000,0.2,,,,0.972352,,0.999658,,,0.999658,0.999658,,,0.999658,0.999658,
39,1,11,M,0.109589,1,15000,0.2,,,0.972329,,,,0.999658,0.999658,0.999658,,,,,0.99971,
39,1,12,M,0.109589,1,15000,0.2,,,0.972324,,,,,,,,0.999658,0.999743,,,0.999658
39,1,13,F,0.109589,1,15000,0.2,,,0.972317,,,,,0.99971,,,,,,0.99971,0.999658
39,1,14,F,0.109589,1,15000,0.2,,,,0.972335,,0.99971,,0.999658,,,,,0.999658,0.999658,
39,1,15,F,0.109589,1,15000,0.2,,,,0.972313,,,0.999658,0.999743,,,,,0.999658,,
39,1,16,F,0.109589,1,15000,0.2,0.972316,,,,,,,,0.999658,,,0.999743,,,0.999658
39,1,17,F,0.109589,1,15000,0.2,,,,,0.972347,0.999658,,,0.999658,,,0.999658,0.999658,0.999658,
39,1,18,M,0.109589,1,15000,0.2,,,0.972325,,,0.999658,,,,0.999658,,,,0.999658,0.99971
39,1,19,M,0.109589,1,15000,0.2,,0.972324,,,,,0.999658,,,,,,0.999658,0.999743,
39,1,20,M,0.109589,1,15000,0.2,,0.972335,,,,,0.999658,0.999658,,,0.99971,,0.999658,,
39,1,21,F,0.109589,1,15000,0.2,,,,,0.972315,0.999658,,0.999743,,,,,0.999658,,
40,1,2,F,0.112329,1,15000,0.2,0.980262,,,,,,,0.999756,,0.999756,0.999756,0.999756,0.999756,,
40,1,3,F,0.112329,1,15000,0.2,,,,,0.980247,,,0.999756,,0.999756,,0.999756,0.999793,,
40,1,4,M,0.112329,1,15000,0.2,,,,0.980249,,0.999756,,,0.999793,,,0.999756,,0.999756,
40,1,5,F,0.112329,1,15000,0.2,,,,0.980239,,,,,0.999793,0.999793,,,,,0.999756
40,1,6,M,0.112329,1,15000,0.2,,,0.980259,,,0.999756,,,,0.999756,0.999756,0.999756,,,0.999756
40,1,7,M,0.112329,1,15000,0.2,,0.980253,,,,,,,0.999756,0.999793,0.999756,0.999756,,,
40,1,8,M,0.112329,1,15000,0.2,0.980262,,,,,0.999756,0.999756,,0.999756,0.999756,,,,,0.999756
40,1,9,F,0.112329,1,15000,0.2,,,,0.980256,,,,0.999756,,,,0.999793,0.999756,0.999756,
40,1,10,F,0.112329,1,15000,0.2,,,,0.980262,,0.999756,,,0.999756,0.999756,,,0.999756,0.999756,
40,1,11,M,0.112329,1,15000,0.2,,,0.980245,,,,0.999756,0.999756,0.999756,,,,,0.999793,
40,1,12,M,0.112329,1,15000,0.2,,,0.980242,,,,,,,,0.999756,0.999816,,,0.999756
40,1,13,F,0.112329,1,15000,0.2,,,0.980237,,,,,0.999793,,,,,,0.999793,0.999756
40,1,14,F,0.112329,1,15000,0.2,,,,0.980249,,0.999793,,0.999756,,,,,0.999756,0.999756,
40,1,15,F,0.112329,1,15000,0.2,,,,0.980234,,,0.999756,0.999816,,,,,0.999756,,
40,1,16,F,0.112329,1,15000,0.2,0.980236,,,,,,,,0.999756,,,0.999816,,,0.999756
40,1,17,F,0.112329,1,15000,0.2,,,,,0.980259,0.999756,,,0.999756,,,0.999756,0.999756,0.999756,
40,1,18,M,0.112329,1,15000,0.2,,,0.980243,,,0.999756,,,,0.999756,,,,0.999756,0.999793
40,1,19,M,0.112329,1,15000,0.2,,0.980242,,,,,0.999756,,,,,,0.999756,0.999816,
40,1,20,M,0.112329,1,15000,0.2,,0.980249,,,,,0.999756,0.999756,,,0.999793,,0.999756,,
40,1,21,F,0.112329,1,15000,0.2,,,,,0.980236,0.999756,,0.999816,,,,,0.999756,,
41,1,2,F,0.115068,1,15000,0.2,0.985909,,,,,,,0.999825,,0.999825,0.999825,0.999825,0.999825,,
41,1,3,F,0.115068,1,15000,0.2,,,,,0.985898,,,0.999825,,0.999825,,0.999825,0.999852,,
41,1,4,M,0.115068,1,15000,0.2,,,,0.9859,,0.999825,,,0.999852,,,0.999825,,0.999825,
41,1,5,F,0.115068,1,15000,0.2,,,,0.985892,,,,,0.999852,0.999852,,,,,0.999825
41,1,6,M,0.115068,1,15000,0.2,,,0.985906,,,0.999825,,,,0.999825,0.999825,0.999825,,,0.999825
41,1,7,M,0.115068,1,15000,0.2,,0.985903,,,,,,,0.999825,0.999852,0.999825,0.999825,,,
41,1,8,M,0.115068,1,15000,0.2,0.985909,,,,,0.999825,0.999825,,0.999825,0.999825,,,,,0.999825
41,1,9,F,0.115068,1,15000,0.2,,,,0.985905,,,,0.999825,,,,0.999852,0.999825,0.999825,
41,1,10,F,0.115068,1,15000,0.2,,,,0.985909,,0.999825,,,0.999825,0.999825,,,0.999825,0.999825,
41,1,11,M,0.115068,1,15000,0.2,,,0.985897,,,,0.999825,0.999825,0.999825,,,,,0.999852,
41,1,12,M,0.115068,1,15000,0.2,,,0.985894,,,,,,,,0.999825,0.999869,,,0.999825
41,1,13,F,0.115068,1,15000,0.2,,,0.985891,,,,,0.999852,,,,,,0.999852,0.999825
41,1,14,F,0.115068,1,15000,0.2,,,,0.9859,,0.999852,,0.999825,,,,,0.999825,0.999825,
41,1,15,F,0.115068,1,15000,0.2,,,,0.985889,,,0.999825,0.999869,,,,,0.999825,,
41,1,16,F,0.115068,1,15000,0.2,0.98589,,,,,,,,0.999825,,,0.999869,,,0.999825
41,1,17,F,0.115068,1,15000,0.2,,,,,0.985906,0.999825,,,0.999825,,,0.999825,0.999825,0.999825,
41,1,18,M,0.115068,1,15000,0.2,,,0.985895,,,0.999825,,,,0.999825,,,,0.999825,0.999852
41,1,19,M,0.115068,1,15000,0.2,,0.985894,,,,,0.999825,,,,,,0.999825,0.999869,
41,1,20,M,0.115068,1,15000,0.2,,0.9859,,,,,0.999825,0.999825,,,0.999852,,0.999825,,
41,1,21,F,0.115068,1,15000,0.2,,,,,0.98589,0.999825,,0.999869,,,,,0.999825,,
42,1,2,F,0.117808,1,15000,0.2,0.98994,,,,,,,0.999875,,0.999875,0.999875,0.999875,0.999875,,
42,1,3,F,0.117808,1,15000,0.2,,,,,0.989933,,,0.999875,,0.999875,,0.999875,0.999894,,
42,1,4,M,0.117808,1,15000,0.2,,,,0.989934,,0.999875,,,0.999894,,,0.999875,,0.999875,
42,1,5,F,0.117808,1,15000,0.2,,,,0.989928,,,,,0.999894,0.999894,,,,,0.999875
42,1,6,M,0.117808,1,15000,0.2,,,0.989938,,,0.999875,,,,0.999875,0.999875,0.999875,,,0.999875
42,1,7,M,0.117808,1,15000,0.2,,0.989936,,,,,,,0.999875,0.999894,0.999875,0.999875,,,
42,1,8,M,0.117808,1,15000,0.2,0.98994,,,,,0.999875,0.999875,,0.999875,0.999875,,,,,0.999875
42,1,9,F,0.117808,1,15000,0.2,,,,0.989937,,,,0.999875,,,,0.999894,0.999875,0.999875,
42,1,10,F,0.117808,1,15000,0.2,,,,0.98994,,0.999875,,,0.999875,0.999875,,,0.999875,0.999875,
42,1,11,M,0.117808,1,15000,0.2,,,0.989932,,,,0.999875,0.999875,0.999875,,,,,0.999894,
42,1,12,M,0.117808,1,15000,0.2,,,0.98993,,,,,,,,0.999875,0.999906,,,0.999875
42,1,13,F,0.117808,1,15000,0.2,,,0.989927,,,,,0.999894,,,,,,0.999894,0.999875
42,1,14,F,0.117808,1,15000,0.2,,,,0.989934,,0.999894,,0.999875,,,,,0.999875,0.999875,
42,1,15,F,0.117808,1,15000,0.2,,,,0.989926,,,0.999875,0.999906,,,,,0.999875,,
42,1,16,F,0.117808,1,15000,0.2,0.989927,,,,,,,,0.999875,,,0.999906,,,0.999875
42,1,17,F,0.117808,1,15000,0.2,,,,,0.989938,0.999875,,,0.999875,,,0.999875,0.999875,0.999875,
42,1,18,M,0.117808,1,15000,0.2,,,0.98993,,,0.999875,,,,0.999875,,,,0.999875,0.999894
42,1,19,M,0.117808,1,15000,0.2,,0.98993,,,,,0.999875,,,,,,0.999875,0.999906,
42,1,20,M,0.117808,1,15000,0.2,,0.989934,,,,,0.999875,0.999875,,,0.999894,,0.999875,,
42,1,21,F,0.117808,1,15000,0.2,,,,,0.989927,0.999875,,0.999906,,,,,0.999875,,
43,1,2,F,0.120548,1,15000,0.2,0.992818,,,,,,,0.999911,,0.999911,0.999911,0.999911,0.999911,,
43,1,3,F,0.120548,1,15000,0.2,,,,,0.992813,,,0.999911,,0.999911,,0.999911,0.999925,,
43,1,4,M,0.120548,1,15000,0.2,,,,0.992814,,0.999911,,,0.999925,,,0.999911,,0.999911,
43,1,5,F,0.120548,1,15000,0.2,,,,0.99281,,,,,0.999925,0.999925,,,,,0.999911
43,1,6,M,0.120548,1,15000,0.2,,,0.992817,,,0.999911,,,,0.999911,0.999911,0.999911,,,0.999911
43,1,7,M,0.120548,1,15000,0.2,,0.992815,,,,,,,0.999911,0.999925,0.999911,0.999911,,,
43,1,8,M,0.120548,1,15000,0.2,0.992818,,,,,0.999911,0.999911,,0.999911,0.999911,,,,,0.999911
43,1,9,F,0.120548,1,15000,0.2,,,,0.992816,,,,0.999911,,,,0.999925,0.999911,0.999911,
43,1,10,F,0.120548,1,15000,0.2,,,,0.992818,,0.999911,,,0.999911,0.999911,,,0.999911,0.999911,
43,1,11,M,0.120548,1,15000,0.2,,,0.992812,,,,0.999911,0.999911,0.999911,,,,,0.999925,
43,1,12,M,0.120548,1,15000,0.2,,,0.992811,,,,,,,,0.999911,0.999933,,,0.999911
43,1,13,F,0.120548,1,15000,0.2,,,0.992809,,,,,0.999925,,,,,,0.999925,0.999911
43,1,14,F,0.120548,1,15000,0.2,,,,0.992814,,0.999925,,0.999911,,,,,0.999911,0.999911,
43,1,15,F,0.120548,1,15000,0.2,,,,0.992808,,,0.999911,0.999933,,,,,0.999911,,
43,1,16,F,0.120548,1,15000,0.2,0.992809,,,,,,,,0.999911,,,0.999933,,,0.999911
43,1,17,F,0.120548,1,15000,0.2,,,,,0.992817,0.999911,,,0.999911,,,0.999911,0.999911,0.999911,
43,1,18,M,0.120548,1,15000,0.2,,,0.992811,,,0.999911,,,,0.999911,,,,0.999911,0.999925
43,1,19,M,0.120548,1,15000,0.2,,0.992811,,,,,0.999911,,,,,,0.999911,0.999933,
43,1,20,M,0.120548,1,15000,0.2,,0.992814,,,,,0.999911,0.999911,,,0.999925,,0.999911,,
43,1,21,F,0.120548,1,15000,0.2,,,,,0.992808,0.999911,,0.999933,,,,,0.999911,,
44,1,2,F,0.123288,1,15000,0.2,0.994873,,,,,,,0.999937,,0.999937,0.999937,0.999937,0.999937,,
44,1,3,F,0.123288,1,15000,0.2,,,,,0.994869,,,0.999937,,0.999937,,0.999937,0.999946,,
44,1,4,M,0.123288,1,15000,0.2,,,,0.99487,,0.999937,,,0.999946,,,0.999937,,0.999937,
44,1,5,F,0.123288,1,15000,0.2,,,,0.994867,,,,,0.999946,0.999946,,,,,0.999937
44,1,6,M,0.123288,1,15000,0.2,,,0.994872,,,0.999937,,,,0.999937,0.999937,0.999937,,,0.999937
44,1,7,M,0.123288,1,15000,0.2,,0.99487,,,,,,,0.999937,0.999946,0.999937,0.999937,,,
44,1,8,M,0.123288,1,15000,0.2,0.994873,,,,,0.999937,0.999937,,0.999937,0.999937,,,,,0.999937
44,1,9,F,0.123288,1,15000,0.2,,,,0.994871,,,,0.999937,,,,0.999946,0.999937,0.999937,
44,1,10,F,0.123288,1,15000,0.2,,,,0.994873,,0.999937,,,0.999937,0.999937,,,0.999937,0.999937,
44,1,11,M,0.123288,1,15000,0.2,,,0.994869,,,,0.999937,0.999937,0.999937,,,,,0.999946,
44,1,12,M,0.123288,1,15000,0.2,,,0.994868,,,,,,,,0.999937,0.999952,,,0.999937
44,1,13,F,0.123288,1,15000,0.2,,,0.994866,,,,,0.999946,,,,,,0.999946,0.999937
44,1,14,F,0.123288,1,15000,0.2,,,,0.99487,,0.999946,,0.999937,,,,,0.999937,0.999937,
44,1,15,F,0.123288,1,15000,0.2,,,,0.994865,,,0.999937,0.999952,,,,,0.999937,,
44,1,16,F,0.123288,1,15000,0.2,0.994866,,,,,,,,0.999937,,,0.999952,,,0.999937
44,1,17,F,0.123288,1,15000,0.2,,,,,0.994872,0.999937,,,0.999937,,,0.999937,0.999937,0.999937,
44,1,18,M,0.123288,1,15000,0.2,,,0.994868,,,0.999937,,,,0.999937,,,,0.999937,0.999946
44,1,19,M,0.123288,1,15000,0.2,,0.994868,,,,,0.999937,,,,,,0.999937,0.999952,
44,1,20,M,0.123288,1,15000,0.2,,0.99487,,,,,0.999937,0.999937,,,0.999946,,0.999937,,
44,1,21,F,0.123288,1,15000,0.2,,,,,0.994866,0.999937,,0.999952,,,,,0.999937,,
45,1,2,F,0.126027,1,15000,0.2,0.99634,,,,,,,0.999955,,0.999955,0.999955,0.999955,0.999955,,
45,1,3,F,0.126027,1,15000,0.2,,,,,0.996337,,,0.999955,,0.999955,,0.999955,0.999962,,
45,1,4,M,0.126027,1,15000,0.2,,,,0.996337,,0.999955,,,0.999962,,,0.999955,,0.999955,
45,1,5,F,0.126027,1,15000,0.2,,,,0.996335,,,,,0.999962,0.999962,,,,,0.999955
45,1,6,M,0.126027,1,15000,0.2,,,0.996339,,,0.999955,,,,0.999955,0.999955,0.999955,,,0.999955
45,1,7,M,0.126027,1,15000,0.2,,0.996338,,,,,,,0.999955,0.999962,0.999955,0.999955,,,
45,1,8,M,0.126027,1,15000,0.2,0.99634,,,,,0.999955,0.999955,,0.999955,0.999955,,,,,0.999955
45,1,9,F,0.126027,1,15000,0.2,,,,0.996339,,,,0.999955,,,,0.999962,0.999955,0.999955,
45,1,10,F,0.126027,1,15000,0.2,,,,0.99634,,0.999955,,,0.999955,0.999955,,,0.999955,0.999955,
45,1,11,M,0.126027,1,15000,0.2,,,0.996337,,,,0.999955,0.999955,0.999955,,,,,0.999962,
45,1,12,M,0.126027,1,15000,0.2,,,0.996336,,,,,,,,0.999955,0.999966,,,0.999955
45,1,13,F,0.126027,1,15000,0.2,,,0.996335,,,,,0.999962,,,,,,0.999962,0.999955
45,1,14,F,0.126027,1,15000,0.2,,,,0.996337,,0.999962,,0.999955,,,,,0.999955,0.999955,
45,1,15,F,0.126027,1,15000,0.2,,,,0.996334,,,0.999955,0.999966,,,,,0.999955,,
45,1,16,F,0.126027,1,15000,0.2,0.996335,,,,,,,,0.999955,,,0.999966,,,0.999955
45,1,17,F,0.126027,1,15000,0.2,,,,,0.996339,0.999955,,,0.999955,,,0.999955,0.999955,0.999955,
45,1,18,M,0.126027,1,15000,0.2,,,0.996336,,,0.999955,,,,0.999955,,,,0.999955,0.999962
45,1,19,M,0.126027,1,15000,0.2,,0.996336,,,,,0.999955,,,,,,0.999955,0.999966,
45,1,20,M,0.126027,1,15000,0.2,,0.996337,,,,,0.999955,0.999955,,,0.999962,,0.999955,,
45,1,21,F,0.126027,1,15000,0.2,,,,,0.996335,0.999955,,0.999966,,,,,0.999955,,
46,1,2,F,0.128767,1,15000,0.2,0.997387,,,,,,,0.999968,,0.999968,0.999968,0.999968,0.999968,,
46,1,3,F,0.128767,1,15000,0.2,,,,,0.997385,,,0.999968,,0.999968,,0.999968,0.999973,,
46,1,4,M,0.128767,1,15000,0.2,,,,0.997385,,0.999968,,,0.999973,,,0.999968,,0.999968,
46,1,5,F,0.128767,1,15000,0.2,,,,0.997384,,,,,0.999973,0.999973,,,,,0.999968
46,1,6,M,0.128767,1,15000,0.2,,,0.997387,,,0.999968,,,,0.999968,0.999968,0.999968,,,0.999968
46,1,7,M,0.128767,1,15000,0.2,,0.997386,,,,,,,0.999968,0.999973,0.999968,0.999968,,,
46,1,8,M,0.128767,1,15000,0.2,0.997387,,,,,0.999968,0.999968,,0.999968,0.999968,,,,,0.999968
46,1,9,F,0.128767,1,15000,0.2,,,,0.997386,,,,0.999968,,,,0.999973,0.999968,0.999968,
46,1,10,F,0.128767,1,15000,0.2,,,,0.997387,,0.999968,,,0.999968,0.999968,,,0.999968,0.999968,
46,1,11,M,0.128767,1,15000,0.2,,,0.997385,,,,0.999968,0.999968,0.999968,,,,,0.999973,
46,1,12,M,0.128767,1,15000,0.2,,,0.997384,,,,,,,,0.999968,0.999976,,,0.999968
46,1,13,F,0.128767,1,15000,0.2,,,0.997384,,,,,0.999973,,,,,,0.999973,0.999968
46,1,14,F,0.128767,1,15000,0.2,,,,0.997385,,0.999973,,0.999968,,,,,0.999968,0.999968,
46,1,15,F,0.128767,1,15000,0.2,,,,0.997383,,,0.999968,0.999976,,,,,0.999968,,
46,1,16,F,0.128767,1,15000,0.2,0.997383,,,,,,,,0.999968,,,0.999976,,,0.999968
46,1,17,F,0.128767,1,15000,0.2,,,,,0.997387,0.999968,,,0.999968,,,0.999968,0.999968,0.999968,
46,1,18,M,0.128767,1,15000,0.2,,,0.997384,,,0.999968,,,,0.999968,,,,0.999968,0.999973
46,1,19,M,0.128767,1,15000,0.2,,0.997384,,,,,0.999968,,,,,,0.999968,0.999976,
46,1,20,M,0.128767,1,15000,0.2,,0.997385,,,,,0.999968,0.999968,,,0.999973,,0.999968,,
46,1,21,F,0.128767,1,15000,0.2,,,,,0.997383,0.999968,,0.999976,,,,,0.999968,,
47,1,2,F,0.131507,1,15000,0.2,0.998134,,,,,,,0.999977,,0.999977,0.999977,0.999977,0.999977,,
47,1,3,F,0.131507,1,15000,0.2,,,,,0.998133,,,0.999977,,0.999977,,0.999977,0.99998,,
47,1,4,M,0.131507,1,15000,0.2,,,,0.998133,,0.999977,,,0.99998,,,0.999977,,0.999977,
47,1,5,F,0.131507,1,15000,0.2,,,,0.998132,,,,,0.99998,0.99998,,,,,0.999977
47,1,6,M,0.131507,1,15000,0.2,,,0.998134,,,0.999977,,,,0.999977,0.999977,0.999977,,,0.999977
47,1,7,M,0.131507,1,15000,0.2,,0.998134,,,,,,,0.999977,0.99998,0.999977,0.999977,,,
47,1,8,M,0.131507,1,15000,0.2,0.998134,,,,,0.999977,0.999977,,0.999977,0.999977,,,,,0.999977
47,1,9,F,0.131507,1,15000,0.2,,,,0.998134,,,,0.999977,,,,0.99998,0.999977,0.999977,
47,1,10,F,0.131507,1,15000,0.2,,,,0.998134,,0.999977,,,0.999977,0.999977,,,0.999977,0.999977,
47,1,11,M,0.131507,1,15000,0.2,,,0.998133,,,,0.999977,0.999977,0.999977,,,,,0.99998,
47,1,12,M,0.131507,1,15000,0.2,,,0.998133,,,,,,,,0.999977,0.999983,,,0.999977
47,1,13,F,0.131507,1,15000,0.2,,,0.998132,,,,,0.99998,,,,,,0.99998,0.999977
47,1,14,F,0.131507,1,15000,0.2,,,,0.998133,,0.99998,,0.999977,,,,,0.999977,0.999977,
47,1,15,F,0.131507,1,15000,0.2,,,,0.998132,,,0.999977,0.999983,,,,,0.999977,,
47,1,16,F,0.131507,1,15000,0.2,0.998132,,,,,,,,0.999977,,,0.999983,,,0.999977
47,1,17,F,0.131507,1,15000,0.2,,,,,0.998134,0.999977,,,0.999977,,,0.999977,0.999977,0.999977,
47,1,18,M,0.131507,1,15000,0.2,,,0.998133,,,0.999977,,,,0.999977,,,,0.999977,0.99998
47,1,19,M,0.131507,1,15000,0.2,,0.998133,,,,,0.999977,,,,,,0.999977,0.999983,
47,1,20,M,0.131507,1,15000,0.2,,0.998133,,,,,0.999977,0.999977,,,0.99998,,0.999977,,
47,1,21,F,0.131507,1,15000,0.2,,,,,0.998132,0.999977,,0.999983,,,,,0.999977,,
48,1,2,F,0.134247,1,15000,0.2,0.998668,,,,,,,0.999983,,0.999983,0.999983,0.999983,0.999983,,
48,1,3,F,0.134247,1,15000,0.2,,,,,0.998667,,,0.999983,,0.999983,,0.999983,0.999986,,
48,1,4,M,0.134247,1,15000,0.2,,,,0.998667,,0.999983,,,0.999986,,,0.999983,,0.999983,
48,1,5,F,0.134247,1,15000,0.2,,,,0.998667,,,,,0.999986,0.999986,,,,,0.999983
48,1,6,M,0.134247,1,15000,0.2,,,0.998668,,,0.999983,,,,0.999983,0.999983,0.999983,,,0.999983
48,1,7,M,0.134247,1,15000,0.2,,0.998667,,,,,,,0.999983,0.999986,0.999983,0.999983,,,
48,1,8,M,0.134247,1,15000,0.2,0.998668,,,,,0.999983,0.999983,,0.999983,0.999983,,,,,0.999983
48,1,9,F,0.134247,1,15000,0.2,,,,0.998668,,,,0.999983,,,,0.999986,0.999983,0.999983,
48,1,10,F,0.134247,1,15000,0.2,,,,0.998668,,0.999983,,,0.999983,0.999983,,,0.999983,0.999983,
48,1,11,M,0.134247,1,15000,0.2,,,0.998667,,,,0.999983,0.999983,0.999983,,,,,0.999986,
48,1,12,M,0.134247,1,15000,0.2,,,0.998667,,,,,,,,0.999983,0.999988,,,0.999983
48,1,13,F,0.134247,1,15000,0.2,,,0.998666,,,,,0.999986,,,,,,0.999986,0.999983
48,1,14,F,0.134247,1,15000,0.2,,,,0.998667,,0.999986,,0.999983,,,,,0.999983,0.999983,
48,1,15,F,0.134247,1,15000,0.2,,,,0.998666,,,0.999983,0.999988,,,,,0.999983,,
48,1,16,F,0.134247,1,15000,0.2,0.998666,,,,,,,,0.999983,,,0.999988,,,0.999983
48,1,17,F,0.134247,1,15000,0.2,,,,,0.998668,0.999983,,,0.999983,,,0.999983,0.999983,0.999983,
48,1,18,M,0.134247,1,15000,0.2,,,0.998667,,,0.999983,,,,0.999983,,,,0.999983,0.999986
48,1,19,M,0.134247,1,15000,0.2,,0.998667,,,,,0.999983,,,,,,0.999983,0.999988,
48,1,20,M,0.134247,1,15000,0.2,,0.998667,,,,,0.999983,0.999983,,,0.999986,,0.999983,,
48,1,21,F,0.134247,1,15000,0.2,,,,,0.998666,0.999983,,0.999988,,,,,0.999983,,
49,1,2,F,0.136986,1,15000,0.2,0.999049,,,,,,,0.999988,,0.999988,0.999988,0.999988,0.999988,,
49,1,3,F,0.136986,1,15000,0.2,,,,,0.999049,,,0.999988,,0.999988,,0.999988,0.99999,,
49,1,4,M,0.136986,1,15000,0.2,,,,0.999049,,0.999988,,,0.99999,,,0.999988,,0.999988,
49,1,5,F,0.136986,1,15000,0.2,,,,0.999048,,,,,0.99999,0.99999,,,,,0.999988
49,1,6,M,0.136986,1,15000,0.2,,,0.999049,,,0.999988,,,,0.999988,0.999988,0.999988,,,0.999988
49,1,7,M,0.136986,1,15000,0.2,,0.999049,,,,,,,0.999988,0.99999,0.999988,0.999988,,,
49,1,8,M,0.136986,1,15000,0.2,0.999049,,,,,0.999988,0.999988,,0.999988,0.999988,,,,,0.999988
49,1,9,F,0.136986,1,15000,0.2,,,,0.999049,,,,0.999988,,,,0.99999,0.999988,0.999988,
49,1,10,F,0.136986,1,15000,0.2,,,,0.999049,,0.999988,,,0.999988,0.999988,,,0.999988,0.999988,
49,1,11,M,0.136986,1,15000,0.2,,,0.999048,,,,0.999988,0.999988,0.999988,,,,,0.99999,
49,1,12,M,0.136986,1,15000,0.2,,,0.999048,,,,,,,,0.999988,0.999991,,,0.999988
49,1,13,F,0.136986,1,15000,0.2,,,0.999048,,,,,0.99999,,,,,,0.99999,0.999988
49,1,14,F,0.136986,1,15000,0.2,,,,0.999049,,0.99999,,0.999987,,,,,0.999988,0.999988,
49,1,15,F,0.136986,1,15000,0.2,,,,0.999048,,,0.999988,0.999991,,,,,0.999988,,
49,1,16,F,0.136986,1,15000,0.2,0.999048,,,,,,,,0.999988,,,0.999991,,,0.999988
49,1,17,F,0.136986,1,15000,0.2,,,,,0.999049,0.999988,,,0.999988,,,0.999988,0.999988,0.999988,
49,1,18,M,0.136986,1,15000,0.2,,,0.999048,,,0.999988,,,,0.999988,,,,0.999988,0.99999
49,1,19,M,0.136986,1,15000,0.2,,0.999048,,,,,0.999988,,,,,,0.999988,0.999991,
49,1,20,M,0.136986,1,15000,0.2,,0.999049,,,,,0.999988,0.999988,,,0.99999,,0.999988,,
49,1,21,F,0.136986,1,15000,0.2,,,,,0.999048,0.999988,,0.999991,,,,,0.999988,,
