Year, NodeId, Gender, HasHIV, On_Art_Dim, Age, Population, Infected, Newly Infected, On_ART, Died, Died_from_HIV, Tested Past Year or On_ART, Tested Ever, Diagnosed, Newly Tested Positive, Newly Tested Negative, HasIntervention(Persistant_ART),Stopped_Using_ART
1960.42,1,0,0,0,0,1822,0,0,0,6,0,0,0,0,0,0,0,0
1960.42,1,0,0,0,15,1125,0,0,0,3,0,0,0,0,0,0,0,0
1960.42,1,0,0,0,30,745,0,0,0,5,0,0,0,0,0,0,0,0
1960.42,1,0,0,0,45,426,0,0,0,8,0,0,0,0,0,0,0,0
1960.42,1,0,0,0,60,272,0,0,0,5,0,0,0,0,0,0,0,0
1960.42,1,0,0,0,125,0,0,0,0,0,0,0,0,0,0,0,0,0
1960.42,1,0,0,1,0,0,0,0,0,0,0,0,0,0,0,0,0,0
1960.42,1,0,0,1,15,0,0,0,0,0,0,0,0,0,0,0,0,0
1960.42,1,0,0,1,30,0,0,0,0,0,0,0,0,0,0,0,0,0
1960.42,1,0,0,1,45,0,0,0,0,0,0,0,0,0,0,0,0,0
1960.42,1,0,0,1,60,0,0,0,0,0,0,0,0,0,0,0,0,0
1960.42,1,0,0,1,125,0,0,0,0,0,0,0,0,0,0,0,0,0
1960.42,1,0,1,0,0,0,0,0,0,0,0,0,0,0,0,0,0,0
1960.42,1,0,1,0,15,0,0,0,0,0,0,0,0,0,0,0,0,0
1960.42,1,0,1,0,30,0,0,0,0,0,0,0,0,0,0,0,0,0
1960.42,1,0,1,0,45,0,0,0,0,0,0,0,0,0,0,0,0,0
1960.42,1,0,1,0,60,0,0,0,0,0,0,0,0,0,0,0,0,0
1960.42,1,0,1,0,125,0,0,0,0,0,0,0,0,0,0,0,0,0
1960.42,1,0,1,1,0,0,0,0,0,0,0,0,0,0,0,0,0,0
1960.42,1,0,1,1,15,0,0,0,0,0,0,0,0,0,0,0,0,0
1960.42,1,0,1,1,30,0,0,0,0,0,0,0,0,0,0,0,0,0
1960.42,1,0,1,1,45,0,0,0,0,0,0,0,0,0,0,0,0,0
1960.42,1,0,1,1,60,0,0,0,0,0,0,0,0,0,0,0,0,0
1960.42,1,0,1,1,125,0,0,0,0,0,0,0,0,0,0,0,0,0
1960.42,1,1,0,0,0,1827,0,0,0,8,0,0,0,0,0,0,0,0
1960.42,1,1,0,0,15,1061,0,0,0,5,0,0,0,0,0,0,0,0
1960.42,1,1,0,0,30,780,0,0,0,4,0,0,0,0,0,0,0,0
1960.42,1,1,0,0,45,497,0,0,0,2,0,0,0,0,0,0,0,0
1960.42,1,1,0,0,60,252,0,0,0,8,0,0,0,0,0,0,0,0
1960.42,1,1,0,0,125,0,0,0,0,0,0,0,0,0,0,0,0,0
1960.42,1,1,0,1,0,0,0,0,0,0,0,0,0,0,0,0,0,0
1960.42,1,1,0,1,15,0,0,0,0,0,0,0,0,0,0,0,0,0
1960.42,1,1,0,1,30,0,0,0,0,0,0,0,0,0,0,0,0,0
1960.42,1,1,0,1,45,0,0,0,0,0,0,0,0,0,0,0,0,0
1960.42,1,1,0,1,60,0,0,0,0,0,0,0,0,0,0,0,0,0
1960.42,1,1,0,1,125,0,0,0,0,0,0,0,0,0,0,0,0,0
1960.42,1,1,1,0,0,0,0,0,0,0,0,0,0,0,0,0,0,0
1960.42,1,1,1,0,15,0,0,0,0,0,0,0,0,0,0,0,0,0
1960.42,1,1,1,0,30,0,0,0,0,0,0,0,0,0,0,0,0,0
1960.42,1,1,1,0,45,0,0,0,0,0,0,0,0,0,0,0,0,0
1960.42,1,1,1,0,60,0,0,0,0,0,0,0,0,0,0,0,0,0
1960.42,1,1,1,0,125,0,0,0,0,0,0,0,0,0,0,0,0,0
1960.42,1,1,1,1,0,0,0,0,0,0,0,0,0,0,0,0,0,0
1960.42,1,1,1,1,15,0,0,0,0,0,0,0,0,0,0,0,0,0
1960.42,1,1,1,1,30,0,0,0,0,0,0,0,0,0,0,0,0,0
1960.42,1,1,1,1,45,0,0,0,0,0,0,0,0,0,0,0,0,0
1960.42,1,1,1,1,60,0,0,0,0,0,0,0,0,0,0,0,0,0
1960.42,1,1,1,1,125,0,0,0,0,0,0,0,0,0,0,0,0,0
1960.92,1,0,0,0,0,1861,0,0,0,19,0,0,0,0,0,0,0,0
1960.92,1,0,0,0,15,1124,0,0,0,1,0,0,0,0,0,0,0,0
1960.92,1,0,0,0,30,753,0,0,0,4,0,0,0,0,0,0,0,0
1960.92,1,0,0,0,45,441,0,0,0,2,0,0,0,0,0,0,0,0
1960.92,1,0,0,0,60,264,0,0,0,11,0,0,0,0,0,0,0,0
1960.92,1,0,0,0,125,0,0,0,0,0,0,0,0,0,0,0,0,0
1960.92,1,0,0,1,0,0,0,0,0,0,0,0,0,0,0,0,0,0
1960.92,1,0,0,1,15,0,0,0,0,0,0,0,0,0,0,0,0,0
1960.92,1,0,0,1,30,0,0,0,0,0,0,0,0,0,0,0,0,0
1960.92,1,0,0,1,45,0,0,0,0,0,0,0,0,0,0,0,0,0
1960.92,1,0,0,1,60,0,0,0,0,0,0,0,0,0,0,0,0,0
1960.92,1,0,0,1,125,0,0,0,0,0,0,0,0,0,0,0,0,0
1960.92,1,0,1,0,0,0,0,0,0,0,0,0,0,0,0,0,0,0
1960.92,1,0,1,0,15,0,0,0,0,0,0,0,0,0,0,0,0,0
1960.92,1,0,1,0,30,0,0,0,0,0,0,0,0,0,0,0,0,0
1960.92,1,0,1,0,45,0,0,0,0,0,0,0,0,0,0,0,0,0
1960.92,1,0,1,0,60,0,0,0,0,0,0,0,0,0,0,0,0,0
1960.92,1,0,1,0,125,0,0,0,0,0,0,0,0,0,0,0,0,0
1960.92,1,0,1,1,0,0,0,0,0,0,0,0,0,0,0,0,0,0
1960.92,1,0,1,1,15,0,0,0,0,0,0,0,0,0,0,0,0,0
1960.92,1,0,1,1,30,0,0,0,0,0,0,0,0,0,0,0,0,0
1960.92,1,0,1,1,45,0,0,0,0,0,0,0,0,0,0,0,0,0
1960.92,1,0,1,1,60,0,0,0,0,0,0,0,0,0,0,0,0,0
1960.92,1,0,1,1,125,0,0,0,0,0,0,0,0,0,0,0,0,0
1960.92,1,1,0,0,0,1857,0,0,0,10,0,0,0,0,0,0,0,0
1960.92,1,1,0,0,15,1084,0,0,0,4,0,0,0,0,0,0,0,0
1960.92,1,1,0,0,30,790,0,0,0,1,0,0,0,0,0,0,0,0
1960.92,1,1,0,0,45,493,0,0,0,6,0,0,0,0,0,0,0,0
1960.92,1,1,0,0,60,267,0,0,0,3,0,0,0,0,0,0,0,0
1960.92,1,1,0,0,125,0,0,0,0,0,0,0,0,0,0,0,0,0
1960.92,1,1,0,1,0,0,0,0,0,0,0,0,0,0,0,0,0,0
1960.92,1,1,0,1,15,0,0,0,0,0,0,0,0,0,0,0,0,0
1960.92,1,1,0,1,30,0,0,0,0,0,0,0,0,0,0,0,0,0
1960.92,1,1,0,1,45,0,0,0,0,0,0,0,0,0,0,0,0,0
1960.92,1,1,0,1,60,0,0,0,0,0,0,0,0,0,0,0,0,0
1960.92,1,1,0,1,125,0,0,0,0,0,0,0,0,0,0,0,0,0
1960.92,1,1,1,0,0,0,0,0,0,0,0,0,0,0,0,0,0,0
1960.92,1,1,1,0,15,0,0,0,0,0,0,0,0,0,0,0,0,0
1960.92,1,1,1,0,30,0,0,0,0,0,0,0,0,0,0,0,0,0
1960.92,1,1,1,0,45,0,0,0,0,0,0,0,0,0,0,0,0,0
1960.92,1,1,1,0,60,0,0,0,0,0,0,0,0,0,0,0,0,0
1960.92,1,1,1,0,125,0,0,0,0,0,0,0,0,0,0,0,0,0
1960.92,1,1,1,1,0,0,0,0,0,0,0,0,0,0,0,0,0,0
1960.92,1,1,1,1,15,0,0,0,0,0,0,0,0,0,0,0,0,0
1960.92,1,1,1,1,30,0,0,0,0,0,0,0,0,0,0,0,0,0
1960.92,1,1,1,1,45,0,0,0,0,0,0,0,0,0,0,0,0,0
1960.92,1,1,1,1,60,0,0,0,0,0,0,0,0,0,0,0,0,0
1960.92,1,1,1,1,125,0,0,0,0,0,0,0,0,0,0,0,0,0
1961.42,1,0,0,0,0,1470,0,0,0,14,0,0,0,0,0,0,0,0
1961.42,1,0,0,0,15,865,0,0,0,3,0,0,0,0,0,0,0,0
1961.42,1,0,0,0,30,575,0,0,0,2,0,0,0,0,0,0,0,0
1961.42,1,0,0,0,45,349,0,0,0,4,0,0,0,0,0,0,0,0
1961.42,1,0,0,0,60,193,0,0,0,7,0,0,0,0,0,0,0,0
1961.42,1,0,0,0,125,0,0,0,0,0,0,0,0,0,0,0,0,0
1961.42,1,0,0,1,0,0,0,0,0,0,0,0,0,0,0,0,0,0
1961.42,1,0,0,1,15,0,0,0,0,0,0,0,0,0,0,0,0,0
1961.42,1,0,0,1,30,0,0,0,0,0,0,0,0,0,0,0,0,0
1961.42,1,0,0,1,45,0,0,0,0,0,0,0,0,0,0,0,0,0
1961.42,1,0,0,1,60,0,0,0,0,0,0,0,0,0,0,0,0,0
1961.42,1,0,0,1,125,0,0,0,0,0,0,0,0,0,0,0,0,0
1961.42,1,0,1,0,0,320,320,437,0,126,119,0,0,0,0,0,0,0
1961.42,1,0,1,0,15,268,268,270,0,3,2,0,0,0,0,0,0,0
1961.42,1,0,1,0,30,193,193,187,0,1,0,0,0,0,0,0,0,0
1961.42,1,0,1,0,45,93,93,95,0,3,0,0,0,0,0,0,0,0
1961.42,1,0,1,0,60,70,70,68,0,2,0,0,0,0,0,0,0,0
1961.42,1,0,1,0,125,0,0,0,0,0,0,0,0,0,0,0,0,0
1961.42,1,0,1,1,0,0,0,0,0,0,0,0,0,0,0,0,0,0
1961.42,1,0,1,1,15,0,0,0,0,0,0,0,0,0,0,0,0,0
1961.42,1,0,1,1,30,0,0,0,0,0,0,0,0,0,0,0,0,0
1961.42,1,0,1,1,45,0,0,0,0,0,0,0,0,0,0,0,0,0
1961.42,1,0,1,1,60,0,0,0,0,0,0,0,0,0,0,0,0,0
1961.42,1,0,1,1,125,0,0,0,0,0,0,0,0,0,0,0,0,0
1961.42,1,1,0,0,0,1880,0,0,0,13,0,0,0,0,0,0,0,0
1961.42,1,1,0,0,15,942,0,0,0,2,0,0,0,0,0,0,0,0
1961.42,1,1,0,0,30,774,0,0,0,3,0,0,0,0,0,0,0,0
1961.42,1,1,0,0,45,486,0,0,0,6,0,0,0,0,0,0,0,0
1961.42,1,1,0,0,60,275,0,0,0,7,0,0,0,0,0,0,0,0
1961.42,1,1,0,0,125,0,0,0,0,0,0,0,0,0,0,0,0,0
1961.42,1,1,0,1,0,0,0,0,0,0,0,0,0,0,0,0,0,0
1961.42,1,1,0,1,15,0,0,0,0,0,0,0,0,0,0,0,0,0
1961.42,1,1,0,1,30,0,0,0,0,0,0,0,0,0,0,0,0,0
1961.42,1,1,0,1,45,0,0,0,0,0,0,0,0,0,0,0,0,0
1961.42,1,1,0,1,60,0,0,0,0,0,0,0,0,0,0,0,0,0
1961.42,1,1,0,1,125,0,0,0,0,0,0,0,0,0,0,0,0,0
1961.42,1,1,1,0,0,5,5,7,0,1,1,0,0,0,0,0,0,0
1961.42,1,1,1,0,15,166,166,167,0,1,0,0,0,0,0,0,0,0
1961.42,1,1,1,0,30,24,24,23,0,0,0,0,0,0,0,0,0,0
1961.42,1,1,1,0,45,3,3,3,0,0,0,0,0,0,0,0,0,0
1961.42,1,1,1,0,60,1,1,1,0,0,0,0,0,0,0,0,0,0
1961.42,1,1,1,0,125,0,0,0,0,0,0,0,0,0,0,0,0,0
1961.42,1,1,1,1,0,0,0,0,0,0,0,0,0,0,0,0,0,0
1961.42,1,1,1,1,15,0,0,0,0,0,0,0,0,0,0,0,0,0
1961.42,1,1,1,1,30,0,0,0,0,0,0,0,0,0,0,0,0,0
1961.42,1,1,1,1,45,0,0,0,0,0,0,0,0,0,0,0,0,0
1961.42,1,1,1,1,60,0,0,0,0,0,0,0,0,0,0,0,0,0
1961.42,1,1,1,1,125,0,0,0,0,0,0,0,0,0,0,0,0,0
1961.92,1,0,0,0,0,1525,0,0,0,7,0,0,0,0,0,0,0,0
1961.92,1,0,0,0,15,879,0,0,0,1,0,0,0,0,0,0,0,0
1961.92,1,0,0,0,30,569,0,0,0,2,0,0,0,0,0,0,0,0
1961.92,1,0,0,0,45,352,0,0,0,9,0,0,0,0,0,0,0,0
1961.92,1,0,0,0,60,196,0,0,0,9,0,0,0,0,0,0,0,0
1961.92,1,0,0,0,125,0,0,0,0,0,0,0,0,0,0,0,0,0
1961.92,1,0,0,1,0,0,0,0,0,0,0,0,0,0,0,0,0,0
1961.92,1,0,0,1,15,0,0,0,0,0,0,0,0,0,0,0,0,0
1961.92,1,0,0,1,30,0,0,0,0,0,0,0,0,0,0,0,0,0
1961.92,1,0,0,1,45,0,0,0,0,0,0,0,0,0,0,0,0,0
1961.92,1,0,0,1,60,0,0,0,0,0,0,0,0,0,0,0,0,0
1961.92,1,0,0,1,125,0,0,0,0,0,0,0,0,0,0,0,0,0
1961.92,1,0,1,0,0,234,234,2,0,66,63,0,0,0,0,0,0,0
1961.92,1,0,1,0,15,270,270,2,0,4,4,0,0,0,0,0,0,0
1961.92,1,0,1,0,30,192,192,0,0,1,0,0,0,0,0,0,0,0
1961.92,1,0,1,0,45,93,93,0,0,3,2,0,0,0,0,0,0,0
1961.92,1,0,1,0,60,66,66,0,0,7,0,0,0,0,0,0,0,0
1961.92,1,0,1,0,125,0,0,0,0,0,0,0,0,0,0,0,0,0
1961.92,1,0,1,1,0,0,0,0,0,0,0,0,0,0,0,0,0,0
1961.92,1,0,1,1,15,0,0,0,0,0,0,0,0,0,0,0,0,0
1961.92,1,0,1,1,30,0,0,0,0,0,0,0,0,0,0,0,0,0
1961.92,1,0,1,1,45,0,0,0,0,0,0,0,0,0,0,0,0,0
1961.92,1,0,1,1,60,0,0,0,0,0,0,0,0,0,0,0,0,0
1961.92,1,0,1,1,125,0,0,0,0,0,0,0,0,0,0,0,0,0
1961.92,1,1,0,0,0,1926,0,0,0,6,0,0,0,0,0,0,0,0
1961.92,1,1,0,0,15,947,0,0,0,0,0,0,0,0,0,0,0,0
1961.92,1,1,0,0,30,779,0,0,0,2,0,0,0,0,0,0,0,0
1961.92,1,1,0,0,45,488,0,0,0,8,0,0,0,0,0,0,0,0
1961.92,1,1,0,0,60,274,0,0,0,13,0,0,0,0,0,0,0,0
1961.92,1,1,0,0,125,0,0,0,0,0,0,0,0,0,0,0,0,0
1961.92,1,1,0,1,0,0,0,0,0,0,0,0,0,0,0,0,0,0
1961.92,1,1,0,1,15,0,0,0,0,0,0,0,0,0,0,0,0,0
1961.92,1,1,0,1,30,0,0,0,0,0,0,0,0,0,0,0,0,0
1961.92,1,1,0,1,45,0,0,0,0,0,0,0,0,0,0,0,0,0
1961.92,1,1,0,1,60,0,0,0,0,0,0,0,0,0,0,0,0,0
1961.92,1,1,0,1,125,0,0,0,0,0,0,0,0,0,0,0,0,0
1961.92,1,1,1,0,0,4,4,4,0,3,2,0,0,0,0,0,0,0
1961.92,1,1,1,0,15,171,171,8,0,0,0,0,0,0,0,0,0,0
1961.92,1,1,1,0,30,33,33,4,0,0,0,0,0,0,0,0,0,0
1961.92,1,1,1,0,45,4,4,1,0,0,0,0,0,0,0,0,0,0
1961.92,1,1,1,0,60,1,1,0,0,0,0,0,0,0,0,0,0,0
1961.92,1,1,1,0,125,0,0,0,0,0,0,0,0,0,0,0,0,0
1961.92,1,1,1,1,0,0,0,0,0,0,0,0,0,0,0,0,0,0
1961.92,1,1,1,1,15,0,0,0,0,0,0,0,0,0,0,0,0,0
1961.92,1,1,1,1,30,0,0,0,0,0,0,0,0,0,0,0,0,0
1961.92,1,1,1,1,45,0,0,0,0,0,0,0,0,0,0,0,0,0
1961.92,1,1,1,1,60,0,0,0,0,0,0,0,0,0,0,0,0,0
1961.92,1,1,1,1,125,0,0,0,0,0,0,0,0,0,0,0,0,0
1962.42,1,0,0,0,0,1565,0,0,0,16,0,0,0,0,0,0,0,0
1962.42,1,0,0,0,15,883,0,0,0,0,0,0,0,0,0,0,0,0
1962.42,1,0,0,0,30,578,0,0,0,2,0,0,0,0,0,0,0,0
1962.42,1,0,0,0,45,353,0,0,0,5,0,0,0,0,0,0,0,0
1962.42,1,0,0,0,60,194,0,0,0,6,0,0,0,0,0,0,0,0
1962.42,1,0,0,0,125,0,0,0,0,0,0,0,0,0,0,0,0,0
1962.42,1,0,0,1,0,0,0,0,0,0,0,0,0,0,0,0,0,0
1962.42,1,0,0,1,15,0,0,0,0,0,0,0,0,0,0,0,0,0
1962.42,1,0,0,1,30,0,0,0,0,0,0,0,0,0,0,0,0,0
1962.42,1,0,0,1,45,0,0,0,0,0,0,0,0,0,0,0,0,0
1962.42,1,0,0,1,60,0,0,0,0,0,0,0,0,0,0,0,0,0
1962.42,1,0,0,1,125,0,0,0,0,0,0,0,0,0,0,0,0,0
1962.42,1,0,1,0,0,171,171,4,0,33,33,0,0,0,0,0,0,0
1962.42,1,0,1,0,15,233,233,5,0,4,4,0,0,0,0,0,0,0
1962.42,1,0,1,0,30,176,176,1,0,2,1,0,0,0,0,0,0,0
1962.42,1,0,1,0,45,83,83,0,0,4,1,0,0,0,0,0,0,0
1962.42,1,0,1,0,60,61,61,0,0,1,0,0,0,0,0,0,0,0
1962.42,1,0,1,0,125,0,0,0,0,0,0,0,0,0,0,0,0,0
1962.42,1,0,1,1,0,21,21,0,21,0,0,21,0,0,0,0,21,0
1962.42,1,0,1,1,15,36,36,0,36,0,0,36,0,0,0,0,36,0
1962.42,1,0,1,1,30,20,20,0,20,0,0,20,0,0,0,0,20,0
1962.42,1,0,1,1,45,8,8,0,8,0,0,8,0,0,0,0,8,0
1962.42,1,0,1,1,60,5,5,0,5,0,0,5,0,0,0,0,5,0
1962.42,1,0,1,1,125,0,0,0,0,0,0,0,0,0,0,0,0,0
1962.42,1,1,0,0,0,1971,0,0,0,7,0,0,0,0,0,0,0,0
1962.42,1,1,0,0,15,943,0,0,0,0,0,0,0,0,0,0,0,0
1962.42,1,1,0,0,30,781,0,0,0,4,0,0,0,0,0,0,0,0
1962.42,1,1,0,0,45,495,0,0,0,3,0,0,0,0,0,0,0,0
1962.42,1,1,0,0,60,273,0,0,0,12,0,0,0,0,0,0,0,0
1962.42,1,1,0,0,125,0,0,0,0,0,0,0,0,0,0,0,0,0
1962.42,1,1,0,1,0,0,0,0,0,0,0,0,0,0,0,0,0,0
1962.42,1,1,0,1,15,0,0,0,0,0,0,0,0,0,0,0,0,0
1962.42,1,1,0,1,30,0,0,0,0,0,0,0,0,0,0,0,0,0
1962.42,1,1,0,1,45,0,0,0,0,0,0,0,0,0,0,0,0,0
1962.42,1,1,0,1,60,0,0,0,0,0,0,0,0,0,0,0,0,0
1962.42,1,1,0,1,125,0,0,0,0,0,0,0,0,0,0,0,0,0
1962.42,1,1,1,0,0,2,2,2,0,2,2,0,0,0,0,0,0,0
1962.42,1,1,1,0,15,168,168,10,0,1,0,0,0,0,0,0,0,0
1962.42,1,1,1,0,30,34,34,3,0,0,0,0,0,0,0,0,0,0
1962.42,1,1,1,0,45,5,5,0,0,0,0,0,0,0,0,0,0,0
1962.42,1,1,1,0,60,0,0,0,0,0,0,0,0,0,0,0,0,0
1962.42,1,1,1,0,125,0,0,0,0,0,0,0,0,0,0,0,0,0
1962.42,1,1,1,1,0,0,0,0,0,0,0,0,0,0,0,0,0,0
1962.42,1,1,1,1,15,11,11,0,11,0,0,11,0,0,0,0,11,0
1962.42,1,1,1,1,30,3,3,0,3,0,0,3,0,0,0,0,3,0
1962.42,1,1,1,1,45,0,0,0,0,0,0,0,0,0,0,0,0,0
1962.42,1,1,1,1,60,1,1,0,1,0,0,1,0,0,0,0,1,0
1962.42,1,1,1,1,125,0,0,0,0,0,0,0,0,0,0,0,0,0
1962.92,1,0,0,0,0,1597,0,0,0,11,0,0,0,0,0,0,0,0
1962.92,1,0,0,0,15,890,0,0,0,1,0,0,0,0,0,0,0,0
1962.92,1,0,0,0,30,586,0,0,0,3,0,0,0,0,0,0,0,0
1962.92,1,0,0,0,45,359,0,0,0,3,0,0,0,0,0,0,0,0
1962.92,1,0,0,0,60,191,0,0,0,10,0,0,0,0,0,0,0,0
1962.92,1,0,0,0,125,0,0,0,0,0,0,0,0,0,0,0,0,0
1962.92,1,0,0,1,0,0,0,0,0,0,0,0,0,0,0,0,0,0
1962.92,1,0,0,1,15,0,0,0,0,0,0,0,0,0,0,0,0,0
1962.92,1,0,0,1,30,0,0,0,0,0,0,0,0,0,0,0,0,0
1962.92,1,0,0,1,45,0,0,0,0,0,0,0,0,0,0,0,0,0
1962.92,1,0,0,1,60,0,0,0,0,0,0,0,0,0,0,0,0,0
1962.92,1,0,0,1,125,0,0,0,0,0,0,0,0,0,0,0,0,0
1962.92,1,0,1,0,0,152,152,7,0,14,10,0,0,0,0,0,0,0
1962.92,1,0,1,0,15,234,234,4,0,4,3,0,0,0,0,0,0,0
1962.92,1,0,1,0,30,173,173,0,0,6,5,0,0,0,0,0,0,0
1962.92,1,0,1,0,45,82,82,0,0,5,2,0,0,0,0,0,0,0
1962.92,1,0,1,0,60,60,60,0,0,2,1,0,0,0,0,0,0,0
1962.92,1,0,1,0,125,0,0,0,0,0,0,0,0,0,0,0,0,0
1962.92,1,0,1,1,0,20,20,0,20,0,0,20,0,0,0,0,20,0
1962.92,1,0,1,1,15,36,36,0,36,0,0,36,0,0,0,0,36,0
1962.92,1,0,1,1,30,20,20,0,20,0,0,20,0,0,0,0,20,0
1962.92,1,0,1,1,45,9,9,0,9,0,0,9,0,0,0,0,9,0
1962.92,1,0,1,1,60,5,5,0,5,0,0,5,0,0,0,0,5,0
1962.92,1,0,1,1,125,0,0,0,0,0,0,0,0,0,0,0,0,0
1962.92,1,1,0,0,0,2008,0,0,0,10,0,0,0,0,0,0,0,0
1962.92,1,1,0,0,15,933,0,0,0,4,0,0,0,0,0,0,0,0
1962.92,1,1,0,0,30,778,0,0,0,2,0,0,0,0,0,0,0,0
1962.92,1,1,0,0,45,508,0,0,0,9,0,0,0,0,0,0,0,0
1962.92,1,1,0,0,60,273,0,0,0,7,0,0,0,0,0,0,0,0
1962.92,1,1,0,0,125,0,0,0,0,0,0,0,0,0,0,0,0,0
1962.92,1,1,0,1,0,0,0,0,0,0,0,0,0,0,0,0,0,0
1962.92,1,1,0,1,15,0,0,0,0,0,0,0,0,0,0,0,0,0
1962.92,1,1,0,1,30,0,0,0,0,0,0,0,0,0,0,0,0,0
1962.92,1,1,0,1,45,0,0,0,0,0,0,0,0,0,0,0,0,0
1962.92,1,1,0,1,60,0,0,0,0,0,0,0,0,0,0,0,0,0
1962.92,1,1,0,1,125,0,0,0,0,0,0,0,0,0,0,0,0,0
1962.92,1,1,1,0,0,5,5,3,0,2,2,0,0,0,0,0,0,0
1962.92,1,1,1,0,15,184,184,20,0,1,0,0,0,0,0,0,0,0
1962.92,1,1,1,0,30,40,40,5,0,1,1,0,0,0,0,0,0,0
1962.92,1,1,1,0,45,6,6,0,0,0,0,0,0,0,0,0,0,0
1962.92,1,1,1,0,60,0,0,0,0,0,0,0,0,0,0,0,0,0
1962.92,1,1,1,0,125,0,0,0,0,0,0,0,0,0,0,0,0,0
1962.92,1,1,1,1,0,0,0,0,0,0,0,0,0,0,0,0,0,0
1962.92,1,1,1,1,15,11,11,0,11,0,0,11,0,0,0,0,11,0
1962.92,1,1,1,1,30,3,3,0,3,0,0,3,0,0,0,0,3,0
1962.92,1,1,1,1,45,0,0,0,0,0,0,0,0,0,0,0,0,0
1962.92,1,1,1,1,60,1,1,0,1,0,0,1,0,0,0,0,1,0
1962.92,1,1,1,1,125,0,0,0,0,0,0,0,0,0,0,0,0,0
1963.42,1,0,0,0,0,1643,0,0,0,9,0,0,0,0,0,0,0,0
1963.42,1,0,0,0,15,904,0,0,0,1,0,0,0,0,0,0,0,0
1963.42,1,0,0,0,30,582,0,0,0,8,0,0,0,0,0,0,0,0
1963.42,1,0,0,0,45,361,0,0,0,6,0,0,0,0,0,0,0,0
1963.42,1,0,0,0,60,195,0,0,0,9,0,0,0,0,0,0,0,0
1963.42,1,0,0,0,125,0,0,0,0,0,0,0,0,0,0,0,0,0
1963.42,1,0,0,1,0,0,0,0,0,0,0,0,0,0,0,0,0,0
1963.42,1,0,0,1,15,0,0,0,0,0,0,0,0,0,0,0,0,0
1963.42,1,0,0,1,30,0,0,0,0,0,0,0,0,0,0,0,0,0
1963.42,1,0,0,1,45,0,0,0,0,0,0,0,0,0,0,0,0,0
1963.42,1,0,0,1,60,0,0,0,0,0,0,0,0,0,0,0,0,0
1963.42,1,0,0,1,125,0,0,0,0,0,0,0,0,0,0,0,0,0
1963.42,1,0,1,0,0,108,108,3,0,7,6,0,0,0,0,0,0,0
1963.42,1,0,1,0,15,187,187,2,0,2,2,0,0,0,0,0,0,0
1963.42,1,0,1,0,30,138,138,2,0,1,1,0,0,0,0,0,0,0
1963.42,1,0,1,0,45,59,59,0,0,1,0,0,0,0,0,0,0,0
1963.42,1,0,1,0,60,44,44,0,0,2,2,0,0,0,0,0,0,0
1963.42,1,0,1,0,125,0,0,0,0,0,0,0,0,0,0,0,0,0
1963.42,1,0,1,1,0,59,59,0,59,0,0,59,0,0,0,0,59,0
1963.42,1,0,1,1,15,82,82,0,82,0,0,82,0,0,0,0,82,0
1963.42,1,0,1,1,30,54,54,0,54,2,2,54,0,0,0,0,54,0
1963.42,1,0,1,1,45,32,32,0,32,0,0,32,0,0,0,0,32,0
1963.42,1,0,1,1,60,21,21,0,21,0,0,21,0,0,0,0,21,0
1963.42,1,0,1,1,125,0,0,0,0,0,0,0,0,0,0,0,0,0
1963.42,1,1,0,0,0,2060,0,0,0,16,0,0,0,0,0,0,0,0
1963.42,1,1,0,0,15,927,0,0,0,4,0,0,0,0,0,0,0,0
1963.42,1,1,0,0,30,760,0,0,0,4,0,0,0,0,0,0,0,0
1963.42,1,1,0,0,45,518,0,0,0,4,0,0,0,0,0,0,0,0
1963.42,1,1,0,0,60,279,0,0,0,7,0,0,0,0,0,0,0,0
1963.42,1,1,0,0,125,0,0,0,0,0,0,0,0,0,0,0,0,0
1963.42,1,1,0,1,0,0,0,0,0,0,0,0,0,0,0,0,0,0
1963.42,1,1,0,1,15,0,0,0,0,0,0,0,0,0,0,0,0,0
1963.42,1,1,0,1,30,0,0,0,0,0,0,0,0,0,0,0,0,0
1963.42,1,1,0,1,45,0,0,0,0,0,0,0,0,0,0,0,0,0
1963.42,1,1,0,1,60,0,0,0,0,0,0,0,0,0,0,0,0,0
1963.42,1,1,0,1,125,0,0,0,0,0,0,0,0,0,0,0,0,0
1963.42,1,1,1,0,0,4,4,5,0,0,0,0,0,0,0,0,0,0
1963.42,1,1,1,0,15,152,152,16,0,3,3,0,0,0,0,0,0,0
1963.42,1,1,1,0,30,36,36,1,0,1,1,0,0,0,0,0,0,0
1963.42,1,1,1,0,45,6,6,1,0,0,0,0,0,0,0,0,0,0
1963.42,1,1,1,0,60,1,1,1,0,0,0,0,0,0,0,0,0,0
1963.42,1,1,1,0,125,0,0,0,0,0,0,0,0,0,0,0,0,0
1963.42,1,1,1,1,0,1,1,0,1,0,0,1,0,0,0,0,1,0
1963.42,1,1,1,1,15,52,52,0,52,0,0,52,0,0,0,0,52,0
1963.42,1,1,1,1,30,10,10,0,10,0,0,10,0,0,0,0,10,0
1963.42,1,1,1,1,45,2,2,0,2,0,0,2,0,0,0,0,2,0
1963.42,1,1,1,1,60,1,1,0,1,0,0,1,0,0,0,0,1,0
1963.42,1,1,1,1,125,0,0,0,0,0,0,0,0,0,0,0,0,0
1963.92,1,0,0,0,0,1655,0,0,0,13,0,0,0,0,0,0,0,0
1963.92,1,0,0,0,15,927,0,0,0,1,0,0,0,0,0,0,0,0
1963.92,1,0,0,0,30,577,0,0,0,1,0,0,0,0,0,0,0,0
1963.92,1,0,0,0,45,372,0,0,0,4,0,0,0,0,0,0,0,0
1963.92,1,0,0,0,60,193,0,0,0,11,0,0,0,0,0,0,0,0
1963.92,1,0,0,0,125,0,0,0,0,0,0,0,0,0,0,0,0,0
1963.92,1,0,0,1,0,0,0,0,0,0,0,0,0,0,0,0,0,0
1963.92,1,0,0,1,15,0,0,0,0,0,0,0,0,0,0,0,0,0
1963.92,1,0,0,1,30,0,0,0,0,0,0,0,0,0,0,0,0,0
1963.92,1,0,0,1,45,0,0,0,0,0,0,0,0,0,0,0,0,0
1963.92,1,0,0,1,60,0,0,0,0,0,0,0,0,0,0,0,0,0
1963.92,1,0,0,1,125,0,0,0,0,0,0,0,0,0,0,0,0,0
1963.92,1,0,1,0,0,109,109,5,0,2,1,0,0,0,0,0,0,0
1963.92,1,0,1,0,15,189,189,7,0,1,0,0,0,0,0,0,0,0
1963.92,1,0,1,0,30,134,134,3,0,2,2,0,0,0,0,0,0,0
1963.92,1,0,1,0,45,62,62,0,0,2,2,0,0,0,0,0,0,0
1963.92,1,0,1,0,60,43,43,0,0,1,1,0,0,0,0,0,0,0
1963.92,1,0,1,0,125,0,0,0,0,0,0,0,0,0,0,0,0,0
1963.92,1,0,1,1,0,57,57,0,57,1,1,57,0,0,0,0,57,0
1963.92,1,0,1,1,15,82,82,0,82,2,1,82,0,0,0,0,82,0
1963.92,1,0,1,1,30,58,58,0,58,0,0,58,0,0,0,0,58,0
1963.92,1,0,1,1,45,33,33,0,33,0,0,33,0,0,0,0,33,0
1963.92,1,0,1,1,60,21,21,0,21,0,0,21,0,0,0,0,21,0
1963.92,1,0,1,1,125,0,0,0,0,0,0,0,0,0,0,0,0,0
1963.92,1,1,0,0,0,2092,0,0,0,11,0,0,0,0,0,0,0,0
1963.92,1,1,0,0,15,930,0,0,0,2,0,0,0,0,0,0,0,0
1963.92,1,1,0,0,30,779,0,0,0,1,0,0,0,0,0,0,0,0
1963.92,1,1,0,0,45,522,0,0,0,3,0,0,0,0,0,0,0,0
1963.92,1,1,0,0,60,276,0,0,0,7,0,0,0,0,0,0,0,0
1963.92,1,1,0,0,125,0,0,0,0,0,0,0,0,0,0,0,0,0
1963.92,1,1,0,1,0,0,0,0,0,0,0,0,0,0,0,0,0,0
1963.92,1,1,0,1,15,0,0,0,0,0,0,0,0,0,0,0,0,0
1963.92,1,1,0,1,30,0,0,0,0,0,0,0,0,0,0,0,0,0
1963.92,1,1,0,1,45,0,0,0,0,0,0,0,0,0,0,0,0,0
1963.92,1,1,0,1,60,0,0,0,0,0,0,0,0,0,0,0,0,0
1963.92,1,1,0,1,125,0,0,0,0,0,0,0,0,0,0,0,0,0
1963.92,1,1,1,0,0,7,7,2,0,1,1,0,0,0,0,0,0,0
1963.92,1,1,1,0,15,156,156,10,0,0,0,0,0,0,0,0,0,0
1963.92,1,1,1,0,30,39,39,1,0,1,1,0,0,0,0,0,0,0
1963.92,1,1,1,0,45,6,6,0,0,0,0,0,0,0,0,0,0,0
1963.92,1,1,1,0,60,1,1,0,0,0,0,0,0,0,0,0,0,0
1963.92,1,1,1,0,125,0,0,0,0,0,0,0,0,0,0,0,0,0
1963.92,1,1,1,1,0,2,2,0,2,0,0,2,0,0,0,0,2,0
1963.92,1,1,1,1,15,51,51,0,51,2,0,51,0,0,0,0,51,0
1963.92,1,1,1,1,30,12,12,0,12,0,0,12,0,0,0,0,12,0
1963.92,1,1,1,1,45,2,2,0,2,0,0,2,0,0,0,0,2,0
1963.92,1,1,1,1,60,1,1,0,1,0,0,1,0,0,0,0,1,0
1963.92,1,1,1,1,125,0,0,0,0,0,0,0,0,0,0,0,0,0
1964.42,1,0,0,0,0,1710,0,0,0,8,0,0,0,0,0,0,0,0
1964.42,1,0,0,0,15,928,0,0,0,3,0,0,0,0,0,0,0,0
1964.42,1,0,0,0,30,577,0,0,0,4,0,0,0,0,0,0,0,0
1964.42,1,0,0,0,45,375,0,0,0,4,0,0,0,0,0,0,0,0
1964.42,1,0,0,0,60,187,0,0,0,13,0,0,0,0,0,0,0,0
1964.42,1,0,0,0,125,0,0,0,0,0,0,0,0,0,0,0,0,0
1964.42,1,0,0,1,0,0,0,0,0,0,0,0,0,0,0,0,0,0
1964.42,1,0,0,1,15,0,0,0,0,0,0,0,0,0,0,0,0,0
1964.42,1,0,0,1,30,0,0,0,0,0,0,0,0,0,0,0,0,0
1964.42,1,0,0,1,45,0,0,0,0,0,0,0,0,0,0,0,0,0
1964.42,1,0,0,1,60,0,0,0,0,0,0,0,0,0,0,0,0,0
1964.42,1,0,0,1,125,0,0,0,0,0,0,0,0,0,0,0,0,0
1964.42,1,0,1,0,0,72,72,3,0,4,4,0,0,0,0,0,0,15
1964.42,1,0,1,0,15,154,154,9,0,3,3,0,0,0,0,0,0,38
1964.42,1,0,1,0,30,97,97,3,0,2,2,0,0,0,0,0,0,22
1964.42,1,0,1,0,45,37,37,1,0,5,5,0,0,0,0,0,0,9
1964.42,1,0,1,0,60,25,25,0,0,4,1,0,0,0,0,0,0,5
1964.42,1,0,1,0,125,0,0,0,0,0,0,0,0,0,0,0,0,0
1964.42,1,0,1,1,0,84,84,0,84,1,1,84,0,0,0,0,84,0
1964.42,1,0,1,1,15,120,120,0,120,1,1,120,0,0,0,0,120,0
1964.42,1,0,1,1,30,100,100,0,100,0,0,100,0,0,0,0,100,0
1964.42,1,0,1,1,45,51,51,0,51,5,4,51,0,0,0,0,51,0
1964.42,1,0,1,1,60,37,37,0,37,2,0,37,0,0,0,0,37,0
1964.42,1,0,1,1,125,0,0,0,0,0,0,0,0,0,0,0,0,0
1964.42,1,1,0,0,0,2131,0,0,0,15,0,0,0,0,0,0,0,0
1964.42,1,1,0,0,15,919,0,0,0,2,0,0,0,0,0,0,0,0
1964.42,1,1,0,0,30,785,0,0,0,3,0,0,0,0,0,0,0,0
1964.42,1,1,0,0,45,526,0,0,0,5,0,0,0,0,0,0,0,0
1964.42,1,1,0,0,60,278,0,0,0,10,0,0,0,0,0,0,0,0
1964.42,1,1,0,0,125,0,0,0,0,0,0,0,0,0,0,0,0,0
1964.42,1,1,0,1,0,0,0,0,0,0,0,0,0,0,0,0,0,0
1964.42,1,1,0,1,15,0,0,0,0,0,0,0,0,0,0,0,0,0
1964.42,1,1,0,1,30,0,0,0,0,0,0,0,0,0,0,0,0,0
1964.42,1,1,0,1,45,0,0,0,0,0,0,0,0,0,0,0,0,0
1964.42,1,1,0,1,60,0,0,0,0,0,0,0,0,0,0,0,0,0
1964.42,1,1,0,1,125,0,0,0,0,0,0,0,0,0,0,0,0,0
1964.42,1,1,1,0,0,6,6,2,0,2,2,0,0,0,0,0,0,0
1964.42,1,1,1,0,15,112,112,17,0,2,1,0,0,0,0,0,0,10
1964.42,1,1,1,0,30,25,25,0,0,2,2,0,0,0,0,0,0,2
1964.42,1,1,1,0,45,6,6,1,0,1,1,0,0,0,0,0,0,1
1964.42,1,1,1,0,60,1,1,0,0,0,0,0,0,0,0,0,0,1
1964.42,1,1,1,0,125,0,0,0,0,0,0,0,0,0,0,0,0,0
1964.42,1,1,1,1,0,3,3,0,3,1,1,3,0,0,0,0,3,0
1964.42,1,1,1,1,15,105,105,0,105,1,1,105,0,0,0,0,105,0
1964.42,1,1,1,1,30,28,28,0,28,0,0,28,0,0,0,0,28,0
1964.42,1,1,1,1,45,3,3,0,3,0,0,3,0,0,0,0,3,0
1964.42,1,1,1,1,60,1,1,0,1,0,0,1,0,0,0,0,1,0
1964.42,1,1,1,1,125,0,0,0,0,0,0,0,0,0,0,0,0,0
1964.92,1,0,0,0,0,1754,0,0,0,13,0,0,0,0,0,0,0,0
1964.92,1,0,0,0,15,940,0,0,0,2,0,0,0,0,0,0,0,0
1964.92,1,0,0,0,30,584,0,0,0,4,0,0,0,0,0,0,0,0
1964.92,1,0,0,0,45,367,0,0,0,2,0,0,0,0,0,0,0,0
1964.92,1,0,0,0,60,194,0,0,0,9,0,0,0,0,0,0,0,0
1964.92,1,0,0,0,125,0,0,0,0,0,0,0,0,0,0,0,0,0
1964.92,1,0,0,1,0,0,0,0,0,0,0,0,0,0,0,0,0,0
1964.92,1,0,0,1,15,0,0,0,0,0,0,0,0,0,0,0,0,0
1964.92,1,0,0,1,30,0,0,0,0,0,0,0,0,0,0,0,0,0
1964.92,1,0,0,1,45,0,0,0,0,0,0,0,0,0,0,0,0,0
1964.92,1,0,0,1,60,0,0,0,0,0,0,0,0,0,0,0,0,0
1964.92,1,0,0,1,125,0,0,0,0,0,0,0,0,0,0,0,0,0
1964.92,1,0,1,0,0,67,67,4,0,5,5,0,0,0,0,0,0,0
1964.92,1,0,1,0,15,150,150,4,0,4,4,0,0,0,0,0,0,0
1964.92,1,0,1,0,30,96,96,1,0,0,0,0,0,0,0,0,0,0
1964.92,1,0,1,0,45,43,43,0,0,2,1,0,0,0,0,0,0,0
1964.92,1,0,1,0,60,25,25,1,0,1,1,0,0,0,0,0,0,0
1964.92,1,0,1,0,125,0,0,0,0,0,0,0,0,0,0,0,0,0
1964.92,1,0,1,1,0,84,84,0,84,0,0,84,0,0,0,0,84,0
1964.92,1,0,1,1,15,120,120,0,120,0,0,120,0,0,0,0,120,0
1964.92,1,0,1,1,30,98,98,0,98,0,0,98,0,0,0,0,98,0
1964.92,1,0,1,1,45,55,55,0,55,0,0,55,0,0,0,0,55,0
1964.92,1,0,1,1,60,36,36,0,36,3,0,36,0,0,0,0,36,0
1964.92,1,0,1,1,125,0,0,0,0,0,0,0,0,0,0,0,0,0
1964.92,1,1,0,0,0,2164,0,0,0,8,0,0,0,0,0,0,0,0
1964.92,1,1,0,0,15,928,0,0,0,0,0,0,0,0,0,0,0,0
1964.92,1,1,0,0,30,785,0,0,0,1,0,0,0,0,0,0,0,0
1964.92,1,1,0,0,45,527,0,0,0,4,0,0,0,0,0,0,0,0
1964.92,1,1,0,0,60,286,0,0,0,6,0,0,0,0,0,0,0,0
1964.92,1,1,0,0,125,0,0,0,0,0,0,0,0,0,0,0,0,0
1964.92,1,1,0,1,0,0,0,0,0,0,0,0,0,0,0,0,0,0
1964.92,1,1,0,1,15,0,0,0,0,0,0,0,0,0,0,0,0,0
1964.92,1,1,0,1,30,0,0,0,0,0,0,0,0,0,0,0,0,0
1964.92,1,1,0,1,45,0,0,0,0,0,0,0,0,0,0,0,0,0
1964.92,1,1,0,1,60,0,0,0,0,0,0,0,0,0,0,0,0,0
1964.92,1,1,0,1,125,0,0,0,0,0,0,0,0,0,0,0,0,0
1964.92,1,1,1,0,0,6,6,3,0,2,2,0,0,0,0,0,0,0
1964.92,1,1,1,0,15,114,114,8,0,2,2,0,0,0,0,0,0,0
1964.92,1,1,1,0,30,25,25,2,0,2,1,0,0,0,0,0,0,0
1964.92,1,1,1,0,45,7,7,0,0,0,0,0,0,0,0,0,0,0
1964.92,1,1,1,0,60,1,1,0,0,0,0,0,0,0,0,0,0,0
1964.92,1,1,1,0,125,0,0,0,0,0,0,0,0,0,0,0,0,0
1964.92,1,1,1,1,0,3,3,0,3,0,0,3,0,0,0,0,3,0
1964.92,1,1,1,1,15,107,107,0,107,1,1,107,0,0,0,0,107,0
1964.92,1,1,1,1,30,28,28,0,28,0,0,28,0,0,0,0,28,0
1964.92,1,1,1,1,45,3,3,0,3,0,0,3,0,0,0,0,3,0
1964.92,1,1,1,1,60,1,1,0,1,0,0,1,0,0,0,0,1,0
1964.92,1,1,1,1,125,0,0,0,0,0,0,0,0,0,0,0,0,0
1965.42,1,0,0,0,0,1786,0,0,0,15,0,0,0,0,0,0,0,0
1965.42,1,0,0,0,15,960,0,0,0,2,0,0,0,0,0,0,0,0
1965.42,1,0,0,0,30,589,0,0,0,3,0,0,0,0,0,0,0,0
1965.42,1,0,0,0,45,361,0,0,0,4,0,0,0,0,0,0,0,0
1965.42,1,0,0,0,60,197,0,0,0,10,0,0,0,0,0,0,0,0
1965.42,1,0,0,0,125,0,0,0,0,0,0,0,0,0,0,0,0,0
1965.42,1,0,0,1,0,0,0,0,0,0,0,0,0,0,0,0,0,0
1965.42,1,0,0,1,15,0,0,0,0,0,0,0,0,0,0,0,0,0
1965.42,1,0,0,1,30,0,0,0,0,0,0,0,0,0,0,0,0,0
1965.42,1,0,0,1,45,0,0,0,0,0,0,0,0,0,0,0,0,0
1965.42,1,0,0,1,60,0,0,0,0,0,0,0,0,0,0,0,0,0
1965.42,1,0,0,1,125,0,0,0,0,0,0,0,0,0,0,0,0,0
1965.42,1,0,1,0,0,40,40,1,0,7,7,0,0,0,0,0,0,38
1965.42,1,0,1,0,15,81,81,2,0,2,2,0,0,0,0,0,0,43
1965.42,1,0,1,0,30,55,55,4,0,1,1,0,0,0,0,0,0,34
1965.42,1,0,1,0,45,36,36,0,0,1,0,0,0,0,0,0,0,23
1965.42,1,0,1,0,60,20,20,0,0,1,0,0,0,0,0,0,0,14
1965.42,1,0,1,0,125,0,0,0,0,0,0,0,0,0,0,0,0,0
1965.42,1,0,1,1,0,102,102,0,102,0,0,102,0,0,0,0,102,0
1965.42,1,0,1,1,15,183,183,0,183,4,3,183,0,0,0,0,183,0
1965.42,1,0,1,1,30,136,136,0,136,1,1,136,0,0,0,0,136,0
1965.42,1,0,1,1,45,67,67,0,67,3,1,67,0,0,0,0,67,0
1965.42,1,0,1,1,60,37,37,0,37,3,1,37,0,0,0,0,37,0
1965.42,1,0,1,1,125,0,0,0,0,0,0,0,0,0,0,0,0,0
1965.42,1,1,0,0,0,2201,0,0,0,9,0,0,0,0,0,0,0,0
1965.42,1,1,0,0,15,949,0,0,0,2,0,0,0,0,0,0,0,0
1965.42,1,1,0,0,30,789,0,0,0,3,0,0,0,0,0,0,0,0
1965.42,1,1,0,0,45,523,0,0,0,8,0,0,0,0,0,0,0,0
1965.42,1,1,0,0,60,298,0,0,0,5,0,0,0,0,0,0,0,0
1965.42,1,1,0,0,125,0,0,0,0,0,0,0,0,0,0,0,0,0
1965.42,1,1,0,1,0,0,0,0,0,0,0,0,0,0,0,0,0,0
1965.42,1,1,0,1,15,0,0,0,0,0,0,0,0,0,0,0,0,0
1965.42,1,1,0,1,30,0,0,0,0,0,0,0,0,0,0,0,0,0
1965.42,1,1,0,1,45,0,0,0,0,0,0,0,0,0,0,0,0,0
1965.42,1,1,0,1,60,0,0,0,0,0,0,0,0,0,0,0,0,0
1965.42,1,1,0,1,125,0,0,0,0,0,0,0,0,0,0,0,0,0
1965.42,1,1,1,0,0,3,3,2,0,0,0,0,0,0,0,0,0,0
1965.42,1,1,1,0,15,63,63,7,0,0,0,0,0,0,0,0,0,35
1965.42,1,1,1,0,30,19,19,2,0,0,0,0,0,0,0,0,0,12
1965.42,1,1,1,0,45,4,4,0,0,0,0,0,0,0,0,0,0,1
1965.42,1,1,1,0,60,1,1,0,0,0,0,0,0,0,0,0,0,0
1965.42,1,1,1,0,125,0,0,0,0,0,0,0,0,0,0,0,0,0
1965.42,1,1,1,1,0,7,7,0,7,0,0,7,0,0,0,0,7,0
1965.42,1,1,1,1,15,159,159,0,159,1,1,159,0,0,0,0,159,0
1965.42,1,1,1,1,30,40,40,0,40,1,0,40,0,0,0,0,40,0
1965.42,1,1,1,1,45,7,7,0,7,0,0,7,0,0,0,0,7,0
1965.42,1,1,1,1,60,1,1,0,1,0,0,1,0,0,0,0,1,0
1965.42,1,1,1,1,125,0,0,0,0,0,0,0,0,0,0,0,0,0
1965.92,1,0,0,0,0,1824,0,0,0,12,0,0,0,0,0,0,0,0
1965.92,1,0,0,0,15,971,0,0,0,7,0,0,0,0,0,0,0,0
1965.92,1,0,0,0,30,598,0,0,0,2,0,0,0,0,0,0,0,0
1965.92,1,0,0,0,45,360,0,0,0,4,0,0,0,0,0,0,0,0
1965.92,1,0,0,0,60,196,0,0,0,10,0,0,0,0,0,0,0,0
1965.92,1,0,0,0,125,0,0,0,0,0,0,0,0,0,0,0,0,0
1965.92,1,0,0,1,0,0,0,0,0,0,0,0,0,0,0,0,0,0
1965.92,1,0,0,1,15,0,0,0,0,0,0,0,0,0,0,0,0,0
1965.92,1,0,0,1,30,0,0,0,0,0,0,0,0,0,0,0,0,0
1965.92,1,0,0,1,45,0,0,0,0,0,0,0,0,0,0,0,0,0
1965.92,1,0,0,1,60,0,0,0,0,0,0,0,0,0,0,0,0,0
1965.92,1,0,0,1,125,0,0,0,0,0,0,0,0,0,0,0,0,0
1965.92,1,0,1,0,0,29,29,0,0,7,7,0,0,0,0,0,0,0
1965.92,1,0,1,0,15,80,80,5,0,1,1,0,0,0,0,0,0,0
1965.92,1,0,1,0,30,59,59,1,0,0,0,0,0,0,0,0,0,4
1965.92,1,0,1,0,45,37,37,0,0,0,0,0,0,0,0,0,0,1
1965.92,1,0,1,0,60,21,21,0,0,0,0,0,0,0,0,0,0,0
1965.92,1,0,1,0,125,0,0,0,0,0,0,0,0,0,0,0,0,0
1965.92,1,0,1,1,0,102,102,0,102,1,0,102,0,0,0,0,102,0
1965.92,1,0,1,1,15,180,180,0,180,1,1,180,0,0,0,0,180,0
1965.92,1,0,1,1,30,138,138,0,138,1,0,138,0,0,0,0,138,0
1965.92,1,0,1,1,45,67,67,0,67,2,1,67,0,0,0,0,67,0
1965.92,1,0,1,1,60,35,35,0,35,3,1,35,0,0,0,0,35,0
1965.92,1,0,1,1,125,0,0,0,0,0,0,0,0,0,0,0,0,0
1965.92,1,1,0,0,0,2238,0,0,0,11,0,0,0,0,0,0,0,0
1965.92,1,1,0,0,15,972,0,0,0,3,0,0,0,0,0,0,0,0
1965.92,1,1,0,0,30,791,0,0,0,3,0,0,0,0,0,0,0,0
1965.92,1,1,0,0,45,526,0,0,0,6,0,0,0,0,0,0,0,0
1965.92,1,1,0,0,60,297,0,0,0,12,0,0,0,0,0,0,0,0
1965.92,1,1,0,0,125,0,0,0,0,0,0,0,0,0,0,0,0,0
1965.92,1,1,0,1,0,0,0,0,0,0,0,0,0,0,0,0,0,0
1965.92,1,1,0,1,15,0,0,0,0,0,0,0,0,0,0,0,0,0
1965.92,1,1,0,1,30,0,0,0,0,0,0,0,0,0,0,0,0,0
1965.92,1,1,0,1,45,0,0,0,0,0,0,0,0,0,0,0,0,0
1965.92,1,1,0,1,60,0,0,0,0,0,0,0,0,0,0,0,0,0
1965.92,1,1,0,1,125,0,0,0,0,0,0,0,0,0,0,0,0,0
1965.92,1,1,1,0,0,4,4,0,0,0,0,0,0,0,0,0,0,1
1965.92,1,1,1,0,15,65,65,7,0,0,0,0,0,0,0,0,0,3
1965.92,1,1,1,0,30,21,21,2,0,0,0,0,0,0,0,0,0,0
1965.92,1,1,1,0,45,5,5,0,0,1,1,0,0,0,0,0,0,0
1965.92,1,1,1,0,60,1,1,0,0,0,0,0,0,0,0,0,0,0
1965.92,1,1,1,0,125,0,0,0,0,0,0,0,0,0,0,0,0,0
1965.92,1,1,1,1,0,6,6,0,6,0,0,6,0,0,0,0,6,0
1965.92,1,1,1,1,15,160,160,0,160,0,0,160,0,0,0,0,160,0
1965.92,1,1,1,1,30,43,43,0,43,0,0,43,0,0,0,0,43,0
1965.92,1,1,1,1,45,7,7,0,7,0,0,7,0,0,0,0,7,0
1965.92,1,1,1,1,60,1,1,0,1,0,0,1,0,0,0,0,1,0
1965.92,1,1,1,1,125,0,0,0,0,0,0,0,0,0,0,0,0,0
1966.42,1,0,0,0,0,1868,0,0,0,18,0,0,0,0,0,0,0,0
1966.42,1,0,0,0,15,982,0,0,0,2,0,0,0,0,0,0,0,0
1966.42,1,0,0,0,30,605,0,0,0,3,0,0,0,0,0,0,0,0
1966.42,1,0,0,0,45,356,0,0,0,8,0,0,0,0,0,0,0,0
1966.42,1,0,0,0,60,194,0,0,0,10,0,0,0,0,0,0,0,0
1966.42,1,0,0,0,125,0,0,0,0,0,0,0,0,0,0,0,0,0
1966.42,1,0,0,1,0,0,0,0,0,0,0,0,0,0,0,0,0,0
1966.42,1,0,0,1,15,0,0,0,0,0,0,0,0,0,0,0,0,0
1966.42,1,0,0,1,30,0,0,0,0,0,0,0,0,0,0,0,0,0
1966.42,1,0,0,1,45,0,0,0,0,0,0,0,0,0,0,0,0,0
1966.42,1,0,0,1,60,0,0,0,0,0,0,0,0,0,0,0,0,0
1966.42,1,0,0,1,125,0,0,0,0,0,0,0,0,0,0,0,0,0
1966.42,1,0,1,0,0,58,58,2,0,10,10,0,0,0,0,0,0,40
1966.42,1,0,1,0,15,154,154,5,0,1,1,0,0,0,0,0,0,77
1966.42,1,0,1,0,30,119,119,1,0,2,2,0,0,0,0,0,0,54
1966.42,1,0,1,0,45,70,70,1,0,1,1,0,0,0,0,0,0,33
1966.42,1,0,1,0,60,41,41,0,0,3,2,0,0,0,0,0,0,19
1966.42,1,0,1,0,125,0,0,0,0,0,0,0,0,0,0,0,0,0
1966.42,1,0,1,1,0,62,62,0,62,1,1,62,0,0,0,0,62,0
1966.42,1,0,1,1,15,96,96,0,96,3,1,96,0,0,0,0,96,0
1966.42,1,0,1,1,30,86,86,0,86,0,0,86,0,0,0,0,86,0
1966.42,1,0,1,1,45,34,34,0,34,1,0,34,0,0,0,0,34,0
1966.42,1,0,1,1,60,15,15,0,15,1,0,15,0,0,0,0,15,0
1966.42,1,0,1,1,125,0,0,0,0,0,0,0,0,0,0,0,0,0
1966.42,1,1,0,0,0,2255,0,0,0,14,0,0,0,0,0,0,0,0
1966.42,1,1,0,0,15,988,0,0,0,0,0,0,0,0,0,0,0,0
1966.42,1,1,0,0,30,791,0,0,0,9,0,0,0,0,0,0,0,0
1966.42,1,1,0,0,45,522,0,0,0,6,0,0,0,0,0,0,0,0
1966.42,1,1,0,0,60,301,0,0,0,10,0,0,0,0,0,0,0,0
1966.42,1,1,0,0,125,0,0,0,0,0,0,0,0,0,0,0,0,0
1966.42,1,1,0,1,0,0,0,0,0,0,0,0,0,0,0,0,0,0
1966.42,1,1,0,1,15,0,0,0,0,0,0,0,0,0,0,0,0,0
1966.42,1,1,0,1,30,0,0,0,0,0,0,0,0,0,0,0,0,0
1966.42,1,1,0,1,45,0,0,0,0,0,0,0,0,0,0,0,0,0
1966.42,1,1,0,1,60,0,0,0,0,0,0,0,0,0,0,0,0,0
1966.42,1,1,0,1,125,0,0,0,0,0,0,0,0,0,0,0,0,0
1966.42,1,1,1,0,0,9,9,3,0,1,1,0,0,0,0,0,0,2
1966.42,1,1,1,0,15,135,135,12,0,1,1,0,0,0,0,0,0,61
1966.42,1,1,1,0,30,43,43,2,0,1,1,0,0,0,0,0,0,19
1966.42,1,1,1,0,45,7,7,0,0,0,0,0,0,0,0,0,0,3
1966.42,1,1,1,0,60,2,2,0,0,0,0,0,0,0,0,0,0,1
1966.42,1,1,1,0,125,0,0,0,0,0,0,0,0,0,0,0,0,0
1966.42,1,1,1,1,0,4,4,0,4,0,0,4,0,0,0,0,4,0
1966.42,1,1,1,1,15,97,97,0,97,2,1,97,0,0,0,0,97,0
1966.42,1,1,1,1,30,25,25,0,25,0,0,25,0,0,0,0,25,0
1966.42,1,1,1,1,45,4,4,0,4,0,0,4,0,0,0,0,4,0
1966.42,1,1,1,1,60,0,0,0,0,0,0,0,0,0,0,0,0,0
1966.42,1,1,1,1,125,0,0,0,0,0,0,0,0,0,0,0,0,0
1966.92,1,0,0,0,0,1905,0,0,0,12,0,0,0,0,0,0,0,0
1966.92,1,0,0,0,15,1001,0,0,0,4,0,0,0,0,0,0,0,0
1966.92,1,0,0,0,30,604,0,0,0,4,0,0,0,0,0,0,0,0
1966.92,1,0,0,0,45,366,0,0,0,4,0,0,0,0,0,0,0,0
1966.92,1,0,0,0,60,190,0,0,0,8,0,0,0,0,0,0,0,0
1966.92,1,0,0,0,125,0,0,0,0,0,0,0,0,0,0,0,0,0
1966.92,1,0,0,1,0,0,0,0,0,0,0,0,0,0,0,0,0,0
1966.92,1,0,0,1,15,0,0,0,0,0,0,0,0,0,0,0,0,0
1966.92,1,0,0,1,30,0,0,0,0,0,0,0,0,0,0,0,0,0
1966.92,1,0,0,1,45,0,0,0,0,0,0,0,0,0,0,0,0,0
1966.92,1,0,0,1,60,0,0,0,0,0,0,0,0,0,0,0,0,0
1966.92,1,0,0,1,125,0,0,0,0,0,0,0,0,0,0,0,0,0
1966.92,1,0,1,0,0,55,55,5,0,8,7,0,0,0,0,0,0,2
1966.92,1,0,1,0,15,153,153,3,0,1,1,0,0,0,0,0,0,0
1966.92,1,0,1,0,30,118,118,2,0,4,1,0,0,0,0,0,0,1
1966.92,1,0,1,0,45,65,65,1,0,6,6,0,0,0,0,0,0,0
1966.92,1,0,1,0,60,42,42,0,0,3,1,0,0,0,0,0,0,0
1966.92,1,0,1,0,125,0,0,0,0,0,0,0,0,0,0,0,0,0
1966.92,1,0,1,1,0,54,54,0,54,2,0,54,0,0,0,0,54,0
1966.92,1,0,1,1,15,98,98,0,98,0,0,98,0,0,0,0,98,0
1966.92,1,0,1,1,30,84,84,0,84,1,0,84,0,0,0,0,84,0
1966.92,1,0,1,1,45,35,35,0,35,0,0,35,0,0,0,0,35,0
1966.92,1,0,1,1,60,13,13,0,13,1,0,13,0,0,0,0,13,0
1966.92,1,0,1,1,125,0,0,0,0,0,0,0,0,0,0,0,0,0
1966.92,1,1,0,0,0,2278,0,0,0,8,0,0,0,0,0,0,0,0
1966.92,1,1,0,0,15,1003,0,0,0,1,0,0,0,0,0,0,0,0
1966.92,1,1,0,0,30,802,0,0,0,0,0,0,0,0,0,0,0,0
1966.92,1,1,0,0,45,532,0,0,0,4,0,0,0,0,0,0,0,0
1966.92,1,1,0,0,60,295,0,0,0,11,0,0,0,0,0,0,0,0
1966.92,1,1,0,0,125,0,0,0,0,0,0,0,0,0,0,0,0,0
1966.92,1,1,0,1,0,0,0,0,0,0,0,0,0,0,0,0,0,0
1966.92,1,1,0,1,15,0,0,0,0,0,0,0,0,0,0,0,0,0
1966.92,1,1,0,1,30,0,0,0,0,0,0,0,0,0,0,0,0,0
1966.92,1,1,0,1,45,0,0,0,0,0,0,0,0,0,0,0,0,0
1966.92,1,1,0,1,60,0,0,0,0,0,0,0,0,0,0,0,0,0
1966.92,1,1,0,1,125,0,0,0,0,0,0,0,0,0,0,0,0,0
1966.92,1,1,1,0,0,12,12,5,0,0,0,0,0,0,0,0,0,0
1966.92,1,1,1,0,15,147,147,12,0,0,0,0,0,0,0,0,0,3
1966.92,1,1,1,0,30,48,48,2,0,0,0,0,0,0,0,0,0,0
1966.92,1,1,1,0,45,6,6,0,0,1,1,0,0,0,0,0,0,0
1966.92,1,1,1,0,60,2,2,0,0,0,0,0,0,0,0,0,0,0
1966.92,1,1,1,0,125,0,0,0,0,0,0,0,0,0,0,0,0,0
1966.92,1,1,1,1,0,3,3,0,3,0,0,3,0,0,0,0,3,0
1966.92,1,1,1,1,15,90,90,0,90,0,0,90,0,0,0,0,90,0
1966.92,1,1,1,1,30,29,29,0,29,0,0,29,0,0,0,0,29,0
1966.92,1,1,1,1,45,4,4,0,4,0,0,4,0,0,0,0,4,0
1966.92,1,1,1,1,60,0,0,0,0,0,0,0,0,0,0,0,0,0
1966.92,1,1,1,1,125,0,0,0,0,0,0,0,0,0,0,0,0,0
1967.42,1,0,0,0,0,1940,0,0,0,13,0,0,0,0,0,0,0,0
1967.42,1,0,0,0,15,1005,0,0,0,4,0,0,0,0,0,0,0,0
1967.42,1,0,0,0,30,615,0,0,0,2,0,0,0,0,0,0,0,0
1967.42,1,0,0,0,45,366,0,0,0,2,0,0,0,0,0,0,0,0
1967.42,1,0,0,0,60,188,0,0,0,10,0,0,0,0,0,0,0,0
1967.42,1,0,0,0,125,0,0,0,0,0,0,0,0,0,0,0,0,0
1967.42,1,0,0,1,0,0,0,0,0,0,0,0,0,0,0,0,0,0
1967.42,1,0,0,1,15,0,0,0,0,0,0,0,0,0,0,0,0,0
1967.42,1,0,0,1,30,0,0,0,0,0,0,0,0,0,0,0,0,0
1967.42,1,0,0,1,45,0,0,0,0,0,0,0,0,0,0,0,0,0
1967.42,1,0,0,1,60,0,0,0,0,0,0,0,0,0,0,0,0,0
1967.42,1,0,0,1,125,0,0,0,0,0,0,0,0,0,0,0,0,0
1967.42,1,0,1,0,0,91,91,6,0,18,18,0,0,0,0,0,0,48
1967.42,1,0,1,0,15,255,255,7,0,3,3,0,0,0,0,0,0,101
1967.42,1,0,1,0,30,204,204,1,0,0,0,0,0,0,0,0,0,80
1967.42,1,0,1,0,45,95,95,0,0,5,4,0,0,0,0,0,0,33
1967.42,1,0,1,0,60,49,49,0,0,7,4,0,0,0,0,0,0,13
1967.42,1,0,1,0,125,0,0,0,0,0,0,0,0,0,0,0,0,0
1967.42,1,0,1,1,0,3,3,0,3,0,0,3,0,0,0,0,3,0
1967.42,1,0,1,1,15,0,0,0,0,0,0,0,0,0,0,0,0,0
1967.42,1,0,1,1,30,3,3,0,3,0,0,3,0,0,0,0,3,0
1967.42,1,0,1,1,45,3,3,0,3,0,0,3,0,0,0,0,3,0
1967.42,1,0,1,1,60,0,0,0,0,0,0,0,0,0,0,0,0,0
1967.42,1,0,1,1,125,0,0,0,0,0,0,0,0,0,0,0,0,0
1967.42,1,1,0,0,0,2296,0,0,0,9,0,0,0,0,0,0,0,0
1967.42,1,1,0,0,15,1006,0,0,0,4,0,0,0,0,0,0,0,0
1967.42,1,1,0,0,30,794,0,0,0,6,0,0,0,0,0,0,0,0
1967.42,1,1,0,0,45,544,0,0,0,3,0,0,0,0,0,0,0,0
1967.42,1,1,0,0,60,295,0,0,0,10,0,0,0,0,0,0,0,0
1967.42,1,1,0,0,125,0,0,0,0,0,0,0,0,0,0,0,0,0
1967.42,1,1,0,1,0,0,0,0,0,0,0,0,0,0,0,0,0,0
1967.42,1,1,0,1,15,0,0,0,0,0,0,0,0,0,0,0,0,0
1967.42,1,1,0,1,30,0,0,0,0,0,0,0,0,0,0,0,0,0
1967.42,1,1,0,1,45,0,0,0,0,0,0,0,0,0,0,0,0,0
1967.42,1,1,0,1,60,0,0,0,0,0,0,0,0,0,0,0,0,0
1967.42,1,1,0,1,125,0,0,0,0,0,0,0,0,0,0,0,0,0
1967.42,1,1,1,0,0,15,15,3,0,5,5,0,0,0,0,0,0,3
1967.42,1,1,1,0,15,252,252,27,0,2,1,0,0,0,0,0,0,83
1967.42,1,1,1,0,30,81,81,3,0,4,3,0,0,0,0,0,0,30
1967.42,1,1,1,0,45,11,11,1,0,0,0,0,0,0,0,0,0,4
1967.42,1,1,1,0,60,2,2,0,0,0,0,0,0,0,0,0,0,0
1967.42,1,1,1,0,125,0,0,0,0,0,0,0,0,0,0,0,0,0
1967.42,1,1,1,1,0,0,0,0,0,0,0,0,0,0,0,0,0,0
1967.42,1,1,1,1,15,6,6,0,6,0,0,6,0,0,0,0,6,0
1967.42,1,1,1,1,30,0,0,0,0,0,0,0,0,0,0,0,0,0
1967.42,1,1,1,1,45,0,0,0,0,0,0,0,0,0,0,0,0,0
1967.42,1,1,1,1,60,0,0,0,0,0,0,0,0,0,0,0,0,0
1967.42,1,1,1,1,125,0,0,0,0,0,0,0,0,0,0,0,0,0
1967.92,1,0,0,0,0,1975,0,0,0,13,0,0,0,0,0,0,0,0
1967.92,1,0,0,0,15,1020,0,0,0,0,0,0,0,0,0,0,0,0
1967.92,1,0,0,0,30,619,0,0,0,3,0,0,0,0,0,0,0,0
1967.92,1,0,0,0,45,365,0,0,0,5,0,0,0,0,0,0,0,0
1967.92,1,0,0,0,60,195,0,0,0,3,0,0,0,0,0,0,0,0
1967.92,1,0,0,0,125,0,0,0,0,0,0,0,0,0,0,0,0,0
1967.92,1,0,0,1,0,0,0,0,0,0,0,0,0,0,0,0,0,0
1967.92,1,0,0,1,15,0,0,0,0,0,0,0,0,0,0,0,0,0
1967.92,1,0,0,1,30,0,0,0,0,0,0,0,0,0,0,0,0,0
1967.92,1,0,0,1,45,0,0,0,0,0,0,0,0,0,0,0,0,0
1967.92,1,0,0,1,60,0,0,0,0,0,0,0,0,0,0,0,0,0
1967.92,1,0,0,1,125,0,0,0,0,0,0,0,0,0,0,0,0,0
1967.92,1,0,1,0,0,83,83,4,0,12,12,0,0,0,0,0,0,3
1967.92,1,0,1,0,15,251,251,9,0,1,1,0,0,0,0,0,0,0
1967.92,1,0,1,0,30,217,217,5,0,5,5,0,0,0,0,0,0,3
1967.92,1,0,1,0,45,98,98,1,0,5,4,0,0,0,0,0,0,3
1967.92,1,0,1,0,60,43,43,0,0,6,2,0,0,0,0,0,0,0
1967.92,1,0,1,0,125,0,0,0,0,0,0,0,0,0,0,0,0,0
1967.92,1,0,1,1,0,0,0,0,0,0,0,0,0,0,0,0,0,0
1967.92,1,0,1,1,15,0,0,0,0,0,0,0,0,0,0,0,0,0
1967.92,1,0,1,1,30,0,0,0,0,0,0,0,0,0,0,0,0,0
1967.92,1,0,1,1,45,0,0,0,0,0,0,0,0,0,0,0,0,0
1967.92,1,0,1,1,60,0,0,0,0,0,0,0,0,0,0,0,0,0
1967.92,1,0,1,1,125,0,0,0,0,0,0,0,0,0,0,0,0,0
1967.92,1,1,0,0,0,2313,0,0,0,9,0,0,0,0,0,0,0,0
1967.92,1,1,0,0,15,1002,0,0,0,1,0,0,0,0,0,0,0,0
1967.92,1,1,0,0,30,796,0,0,0,3,0,0,0,0,0,0,0,0
1967.92,1,1,0,0,45,559,0,0,0,2,0,0,0,0,0,0,0,0
1967.92,1,1,0,0,60,298,0,0,0,7,0,0,0,0,0,0,0,0
1967.92,1,1,0,0,125,0,0,0,0,0,0,0,0,0,0,0,0,0
1967.92,1,1,0,1,0,0,0,0,0,0,0,0,0,0,0,0,0,0
1967.92,1,1,0,1,15,0,0,0,0,0,0,0,0,0,0,0,0,0
1967.92,1,1,0,1,30,0,0,0,0,0,0,0,0,0,0,0,0,0
1967.92,1,1,0,1,45,0,0,0,0,0,0,0,0,0,0,0,0,0
1967.92,1,1,0,1,60,0,0,0,0,0,0,0,0,0,0,0,0,0
1967.92,1,1,0,1,125,0,0,0,0,0,0,0,0,0,0,0,0,0
1967.92,1,1,1,0,0,19,19,6,0,2,2,0,0,0,0,0,0,0
1967.92,1,1,1,0,15,273,273,26,0,5,4,0,0,0,0,0,0,6
1967.92,1,1,1,0,30,89,89,5,0,2,2,0,0,0,0,0,0,0
1967.92,1,1,1,0,45,11,11,0,0,0,0,0,0,0,0,0,0,0
1967.92,1,1,1,0,60,3,3,0,0,0,0,0,0,0,0,0,0,0
1967.92,1,1,1,0,125,0,0,0,0,0,0,0,0,0,0,0,0,0
1967.92,1,1,1,1,0,0,0,0,0,0,0,0,0,0,0,0,0,0
1967.92,1,1,1,1,15,0,0,0,0,0,0,0,0,0,0,0,0,0
1967.92,1,1,1,1,30,0,0,0,0,0,0,0,0,0,0,0,0,0
1967.92,1,1,1,1,45,0,0,0,0,0,0,0,0,0,0,0,0,0
1967.92,1,1,1,1,60,0,0,0,0,0,0,0,0,0,0,0,0,0
1967.92,1,1,1,1,125,0,0,0,0,0,0,0,0,0,0,0,0,0
1968.42,1,0,0,0,0,2023,0,0,0,10,0,0,0,0,0,0,0,0
1968.42,1,0,0,0,15,1020,0,0,0,2,0,0,0,0,0,0,0,0
1968.42,1,0,0,0,30,613,0,0,0,2,0,0,0,0,0,0,0,0
1968.42,1,0,0,0,45,368,0,0,0,5,0,0,0,0,0,0,0,0
1968.42,1,0,0,0,60,200,0,0,0,6,0,0,0,0,0,0,0,0
1968.42,1,0,0,0,125,0,0,0,0,0,0,0,0,0,0,0,0,0
1968.42,1,0,0,1,0,0,0,0,0,0,0,0,0,0,0,0,0,0
1968.42,1,0,0,1,15,0,0,0,0,0,0,0,0,0,0,0,0,0
1968.42,1,0,0,1,30,0,0,0,0,0,0,0,0,0,0,0,0,0
1968.42,1,0,0,1,45,0,0,0,0,0,0,0,0,0,0,0,0,0
1968.42,1,0,0,1,60,0,0,0,0,0,0,0,0,0,0,0,0,0
1968.42,1,0,0,1,125,0,0,0,0,0,0,0,0,0,0,0,0,0
1968.42,1,0,1,0,0,78,78,8,0,10,10,0,0,0,0,0,0,0
1968.42,1,0,1,0,15,240,240,4,0,6,3,0,0,0,0,0,0,0
1968.42,1,0,1,0,30,226,226,9,0,4,3,0,0,0,0,0,0,0
1968.42,1,0,1,0,45,94,94,0,0,5,3,0,0,0,0,0,0,0
1968.42,1,0,1,0,60,39,39,0,0,6,2,0,0,0,0,0,0,0
1968.42,1,0,1,0,125,0,0,0,0,0,0,0,0,0,0,0,0,0
1968.42,1,0,1,1,0,0,0,0,0,0,0,0,0,0,0,0,0,0
1968.42,1,0,1,1,15,0,0,0,0,0,0,0,0,0,0,0,0,0
1968.42,1,0,1,1,30,0,0,0,0,0,0,0,0,0,0,0,0,0
1968.42,1,0,1,1,45,0,0,0,0,0,0,0,0,0,0,0,0,0
1968.42,1,0,1,1,60,0,0,0,0,0,0,0,0,0,0,0,0,0
1968.42,1,0,1,1,125,0,0,0,0,0,0,0,0,0,0,0,0,0
1968.42,1,1,0,0,0,2330,0,0,0,9,0,0,0,0,0,0,0,0
1968.42,1,1,0,0,15,1024,0,0,0,2,0,0,0,0,0,0,0,0
1968.42,1,1,0,0,30,788,0,0,0,4,0,0,0,0,0,0,0,0
1968.42,1,1,0,0,45,567,0,0,0,3,0,0,0,0,0,0,0,0
1968.42,1,1,0,0,60,299,0,0,0,10,0,0,0,0,0,0,0,0
1968.42,1,1,0,0,125,0,0,0,0,0,0,0,0,0,0,0,0,0
1968.42,1,1,0,1,0,0,0,0,0,0,0,0,0,0,0,0,0,0
1968.42,1,1,0,1,15,0,0,0,0,0,0,0,0,0,0,0,0,0
1968.42,1,1,0,1,30,0,0,0,0,0,0,0,0,0,0,0,0,0
1968.42,1,1,0,1,45,0,0,0,0,0,0,0,0,0,0,0,0,0
1968.42,1,1,0,1,60,0,0,0,0,0,0,0,0,0,0,0,0,0
1968.42,1,1,0,1,125,0,0,0,0,0,0,0,0,0,0,0,0,0
1968.42,1,1,1,0,0,19,19,6,0,6,4,0,0,0,0,0,0,0
1968.42,1,1,1,0,15,275,275,10,0,2,2,0,0,0,0,0,0,0
1968.42,1,1,1,0,30,95,95,4,0,1,1,0,0,0,0,0,0,0
1968.42,1,1,1,0,45,13,13,1,0,1,0,0,0,0,0,0,0,0
1968.42,1,1,1,0,60,3,3,0,0,0,0,0,0,0,0,0,0,0
1968.42,1,1,1,0,125,0,0,0,0,0,0,0,0,0,0,0,0,0
1968.42,1,1,1,1,0,0,0,0,0,0,0,0,0,0,0,0,0,0
1968.42,1,1,1,1,15,0,0,0,0,0,0,0,0,0,0,0,0,0
1968.42,1,1,1,1,30,0,0,0,0,0,0,0,0,0,0,0,0,0
1968.42,1,1,1,1,45,0,0,0,0,0,0,0,0,0,0,0,0,0
1968.42,1,1,1,1,60,0,0,0,0,0,0,0,0,0,0,0,0,0
1968.42,1,1,1,1,125,0,0,0,0,0,0,0,0,0,0,0,0,0
1968.92,1,0,0,0,0,2070,0,0,0,8,0,0,0,0,0,0,0,0
1968.92,1,0,0,0,15,1026,0,0,0,4,0,0,0,0,0,0,0,0
1968.92,1,0,0,0,30,619,0,0,0,4,0,0,0,0,0,0,0,0
1968.92,1,0,0,0,45,380,0,0,0,2,0,0,0,0,0,0,0,0
1968.92,1,0,0,0,60,195,0,0,0,9,0,0,0,0,0,0,0,0
1968.92,1,0,0,0,125,0,0,0,0,0,0,0,0,0,0,0,0,0
1968.92,1,0,0,1,0,0,0,0,0,0,0,0,0,0,0,0,0,0
1968.92,1,0,0,1,15,0,0,0,0,0,0,0,0,0,0,0,0,0
1968.92,1,0,0,1,30,0,0,0,0,0,0,0,0,0,0,0,0,0
1968.92,1,0,0,1,45,0,0,0,0,0,0,0,0,0,0,0,0,0
1968.92,1,0,0,1,60,0,0,0,0,0,0,0,0,0,0,0,0,0
1968.92,1,0,0,1,125,0,0,0,0,0,0,0,0,0,0,0,0,0
1968.92,1,0,1,0,0,79,79,8,0,4,4,0,0,0,0,0,0,0
1968.92,1,0,1,0,15,228,228,3,0,7,7,0,0,0,0,0,0,0
1968.92,1,0,1,0,30,230,230,2,0,8,7,0,0,0,0,0,0,0
1968.92,1,0,1,0,45,98,98,1,0,2,2,0,0,0,0,0,0,0
1968.92,1,0,1,0,60,37,37,1,0,2,0,0,0,0,0,0,0,0
1968.92,1,0,1,0,125,0,0,0,0,0,0,0,0,0,0,0,0,0
1968.92,1,0,1,1,0,0,0,0,0,0,0,0,0,0,0,0,0,0
1968.92,1,0,1,1,15,0,0,0,0,0,0,0,0,0,0,0,0,0
1968.92,1,0,1,1,30,0,0,0,0,0,0,0,0,0,0,0,0,0
1968.92,1,0,1,1,45,0,0,0,0,0,0,0,0,0,0,0,0,0
1968.92,1,0,1,1,60,0,0,0,0,0,0,0,0,0,0,0,0,0
1968.92,1,0,1,1,125,0,0,0,0,0,0,0,0,0,0,0,0,0
1968.92,1,1,0,0,0,2345,0,0,0,9,0,0,0,0,0,0,0,0
1968.92,1,1,0,0,15,1028,0,0,0,3,0,0,0,0,0,0,0,0
1968.92,1,1,0,0,30,787,0,0,0,2,0,0,0,0,0,0,0,0
1968.92,1,1,0,0,45,564,0,0,0,5,0,0,0,0,0,0,0,0
1968.92,1,1,0,0,60,306,0,0,0,13,0,0,0,0,0,0,0,0
1968.92,1,1,0,0,125,0,0,0,0,0,0,0,0,0,0,0,0,0
1968.92,1,1,0,1,0,0,0,0,0,0,0,0,0,0,0,0,0,0
1968.92,1,1,0,1,15,0,0,0,0,0,0,0,0,0,0,0,0,0
1968.92,1,1,0,1,30,0,0,0,0,0,0,0,0,0,0,0,0,0
1968.92,1,1,0,1,45,0,0,0,0,0,0,0,0,0,0,0,0,0
1968.92,1,1,0,1,60,0,0,0,0,0,0,0,0,0,0,0,0,0
1968.92,1,1,0,1,125,0,0,0,0,0,0,0,0,0,0,0,0,0
1968.92,1,1,1,0,0,18,18,6,0,5,3,0,0,0,0,0,0,0
1968.92,1,1,1,0,15,291,291,26,0,1,1,0,0,0,0,0,0,0
1968.92,1,1,1,0,30,103,103,2,0,3,2,0,0,0,0,0,0,0
1968.92,1,1,1,0,45,13,13,0,0,1,1,0,0,0,0,0,0,0
1968.92,1,1,1,0,60,3,3,0,0,0,0,0,0,0,0,0,0,0
1968.92,1,1,1,0,125,0,0,0,0,0,0,0,0,0,0,0,0,0
1968.92,1,1,1,1,0,0,0,0,0,0,0,0,0,0,0,0,0,0
1968.92,1,1,1,1,15,0,0,0,0,0,0,0,0,0,0,0,0,0
1968.92,1,1,1,1,30,0,0,0,0,0,0,0,0,0,0,0,0,0
1968.92,1,1,1,1,45,0,0,0,0,0,0,0,0,0,0,0,0,0
1968.92,1,1,1,1,60,0,0,0,0,0,0,0,0,0,0,0,0,0
1968.92,1,1,1,1,125,0,0,0,0,0,0,0,0,0,0,0,0,0
1969.42,1,0,0,0,0,2095,0,0,0,15,0,0,0,0,0,0,0,0
1969.42,1,0,0,0,15,1050,0,0,0,5,0,0,0,0,0,0,0,0
1969.42,1,0,0,0,30,609,0,0,0,4,0,0,0,0,0,0,0,0
1969.42,1,0,0,0,45,382,0,0,0,6,0,0,0,0,0,0,0,0
1969.42,1,0,0,0,60,195,0,0,0,5,0,0,0,0,0,0,0,0
1969.42,1,0,0,0,125,0,0,0,0,0,0,0,0,0,0,0,0,0
1969.42,1,0,0,1,0,0,0,0,0,0,0,0,0,0,0,0,0,0
1969.42,1,0,0,1,15,0,0,0,0,0,0,0,0,0,0,0,0,0
1969.42,1,0,0,1,30,0,0,0,0,0,0,0,0,0,0,0,0,0
1969.42,1,0,0,1,45,0,0,0,0,0,0,0,0,0,0,0,0,0
1969.42,1,0,0,1,60,0,0,0,0,0,0,0,0,0,0,0,0,0
1969.42,1,0,0,1,125,0,0,0,0,0,0,0,0,0,0,0,0,0
1969.42,1,0,1,0,0,74,74,3,0,8,7,0,0,0,0,0,0,0
1969.42,1,0,1,0,15,223,223,7,0,7,5,0,0,0,0,0,0,0
1969.42,1,0,1,0,30,225,225,6,0,9,8,0,0,0,0,0,0,0
1969.42,1,0,1,0,45,103,103,0,0,4,2,0,0,0,0,0,0,0
1969.42,1,0,1,0,60,35,35,1,0,4,4,0,0,0,0,0,0,0
1969.42,1,0,1,0,125,0,0,0,0,0,0,0,0,0,0,0,0,0
1969.42,1,0,1,1,0,0,0,0,0,0,0,0,0,0,0,0,0,0
1969.42,1,0,1,1,15,0,0,0,0,0,0,0,0,0,0,0,0,0
1969.42,1,0,1,1,30,0,0,0,0,0,0,0,0,0,0,0,0,0
1969.42,1,0,1,1,45,0,0,0,0,0,0,0,0,0,0,0,0,0
1969.42,1,0,1,1,60,0,0,0,0,0,0,0,0,0,0,0,0,0
1969.42,1,0,1,1,125,0,0,0,0,0,0,0,0,0,0,0,0,0
1969.42,1,1,0,0,0,2357,0,0,0,9,0,0,0,0,0,0,0,0
1969.42,1,1,0,0,15,1050,0,0,0,2,0,0,0,0,0,0,0,0
1969.42,1,1,0,0,30,789,0,0,0,4,0,0,0,0,0,0,0,0
1969.42,1,1,0,0,45,566,0,0,0,3,0,0,0,0,0,0,0,0
1969.42,1,1,0,0,60,309,0,0,0,5,0,0,0,0,0,0,0,0
1969.42,1,1,0,0,125,0,0,0,0,0,0,0,0,0,0,0,0,0
1969.42,1,1,0,1,0,0,0,0,0,0,0,0,0,0,0,0,0,0
1969.42,1,1,0,1,15,0,0,0,0,0,0,0,0,0,0,0,0,0
1969.42,1,1,0,1,30,0,0,0,0,0,0,0,0,0,0,0,0,0
1969.42,1,1,0,1,45,0,0,0,0,0,0,0,0,0,0,0,0,0
1969.42,1,1,0,1,60,0,0,0,0,0,0,0,0,0,0,0,0,0
1969.42,1,1,0,1,125,0,0,0,0,0,0,0,0,0,0,0,0,0
1969.42,1,1,1,0,0,22,22,8,0,3,3,0,0,0,0,0,0,0
1969.42,1,1,1,0,15,292,292,12,0,5,4,0,0,0,0,0,0,0
1969.42,1,1,1,0,30,111,111,4,0,2,1,0,0,0,0,0,0,0
1969.42,1,1,1,0,45,17,17,2,0,0,0,0,0,0,0,0,0,0
1969.42,1,1,1,0,60,3,3,0,0,0,0,0,0,0,0,0,0,0
1969.42,1,1,1,0,125,0,0,0,0,0,0,0,0,0,0,0,0,0
1969.42,1,1,1,1,0,0,0,0,0,0,0,0,0,0,0,0,0,0
1969.42,1,1,1,1,15,0,0,0,0,0,0,0,0,0,0,0,0,0
1969.42,1,1,1,1,30,0,0,0,0,0,0,0,0,0,0,0,0,0
1969.42,1,1,1,1,45,0,0,0,0,0,0,0,0,0,0,0,0,0
1969.42,1,1,1,1,60,0,0,0,0,0,0,0,0,0,0,0,0,0
1969.42,1,1,1,1,125,0,0,0,0,0,0,0,0,0,0,0,0,0
