Time,NodeID,Population,VectorPopulation,STATE_INFECTIOUS,STATE_INFECTED,STATE_ADULT,STATE_MALE,STATE_IMMATURE,STATE_LARVA,STATE_EGG,NewEggsCount,IndoorBitesCount,IndoorBitesCount-Infectious,OutdoorBitesCount,OutdoorBitesCount-Infectious,NewAdults,UnmatedAdults,DiedBeforeFeeding,DiedDuringFeedingIndoor,DiedDuringFeedingOutdoor,SillySkeeter_AvailableHabitat,SillySkeeter_EggCrowdingCorrection,NumInfectousBitesGiven,NumInfectousBitesReceived,InfectiousBitesGivenMinusReceived,NumVectorsNone,NumVectorsOnlyOocysts,NumVectorsOnlySporozoites,NumVectorsBothOocystsSporozoites,NumBitesAdults,NumBitesInfected,NumBitesInfectious,NumParasiteCohortsOocysts,NumParasiteCohortsSporozoites,NumOocysts,NumSporozoites,NumInfectiousToAdult,NumInfectiousToInfected
0,340461476,100,8717,0,0,8717,8998,0,0,609200,304600,1434,0,1440,0,0,0,977,143,163,19487.5,1,0,0,0,0,0,0,0,2874,0,0,0,0,0,0,0,0
1,340461476,100,7615,0,0,7615,8136,0,19579,548000,274000,1283,0,1316,0,0,0,829,127,146,9128.76,0.0319886,0,0,0,7615,0,0,0,2599,0,0,0,0,0,0,0,0
2,340461476,100,6664,0,0,6664,7328,0,26975,484600,242300,1155,0,1160,0,0,0,736,107,108,10620.8,0.0166583,0,0,0,6664,0,0,0,2315,0,0,0,0,0,0,0,0
3,340461476,100,5829,0,0,5829,6669,0,34903,401200,200600,992,0,924,0,0,0,636,109,90,11260.6,0.0219167,0,0,0,5829,0,0,0,1916,0,0,0,0,0,0,0,0
4,340461476,100,5105,0,0,5105,6022,0,42543,368400,184200,859,0,886,0,0,0,541,93,90,11879.7,0.0280673,0,0,0,5105,0,0,0,1745,0,0,0,0,0,0,0,0
5,340461476,100,4434,0,0,4434,5482,0,50548,326400,163200,775,0,783,0,0,0,510,82,79,11836.1,0.0322467,0,0,0,4434,0,0,0,1558,0,0,0,0,0,0,0,0
6,340461476,100,3917,0,0,3917,4969,0,57574,266800,133400,653,0,610,0,0,0,413,59,45,12484.7,0.0362627,0,0,0,3917,0,0,0,1263,0,0,0,0,0,0,0,0
7,340461476,100,3422,0,0,3422,4545,0,64606,243800,121900,589,0,574,0,0,0,379,60,56,12850.8,0.0467943,0,0,0,3422,0,0,0,1163,0,0,0,0,0,0,0,0
8,340461476,100,2972,0,0,2972,4160,0,71138,216000,108000,516,0,510,0,0,0,347,53,50,13450.2,0.0527103,0,0,0,2972,0,0,0,1026,0,0,0,0,0,0,0,0
9,340461476,100,2584,0,0,2584,3757,0,77862,183800,91900,477,0,395,0,0,0,306,49,33,13600.7,0.0622696,0,0,0,2584,0,0,0,872,0,0,0,0,0,0,0,0
10,340461476,100,2261,0,0,2261,3411,0,84240,158600,79300,399,0,369,0,0,0,245,40,38,13849.5,0.0739974,0,0,0,2261,0,0,0,768,0,0,0,0,0,0,0,0
11,340461476,100,1969,0,0,1969,3081,0,90162,145600,72800,348,0,346,0,0,0,216,42,34,14315.5,0.0873235,0,0,0,1969,0,0,0,694,0,0,0,0,0,0,0,0
12,340461476,100,1732,0,0,1732,2797,0,96118,126200,63100,321,0,279,0,0,0,173,27,37,14517.3,0.0983208,0,0,0,1732,0,0,0,600,0,0,0,0,0,0,0,0
13,340461476,100,1511,0,0,1511,2565,0,101789,103600,51800,257,0,234,0,0,0,172,27,22,14782.3,0.115034,0,0,0,1511,0,0,0,491,0,0,0,0,0,0,0,0
14,340461476,100,1331,0,0,1331,2316,0,106855,94800,47400,209,0,234,0,0,0,142,13,25,15438.3,0.142686,0,0,0,1331,0,0,0,443,0,0,0,0,0,0,0,0
15,340461476,100,1155,0,0,1155,2079,0,112160,83400,41700,194,0,206,0,0,0,130,20,26,15649.1,0.162851,0,0,0,1155,0,0,0,400,0,0,0,0,0,0,0,0
16,340461476,100,1013,0,0,1013,1875,0,117312,70200,35100,155,0,172,0,0,0,100,22,20,15814.2,0.18764,0,0,0,1013,0,0,0,327,0,0,0,0,0,0,0,0
17,340461476,100,875,0,0,875,1701,0,121965,63600,31800,158,0,142,0,0,0,113,19,6,16286.7,0.225274,0,0,0,875,0,0,0,300,0,0,0,0,0,0,0,0
18,340461476,100,777,0,0,777,1542,0,126741,54800,27400,116,0,136,0,0,0,76,12,10,16451.5,0.256081,0,0,0,777,0,0,0,252,0,0,0,0,0,0,0,0
19,340461476,100,702,0,0,702,1391,0,131194,47800,23900,107,0,121,0,0,0,58,7,10,16761.3,0.300211,0,0,0,702,0,0,0,228,0,0,0,0,0,0,0,0
20,340461476,100,605,0,0,605,1258,0,135278,44200,22100,100,0,109,0,0,0,75,10,12,17268.5,0.350655,0,0,0,605,0,0,0,209,0,0,0,0,0,0,0,0
21,340461476,100,518,0,0,518,1161,0,139890,37600,18800,91,0,93,0,0,0,64,10,13,17082.2,0.39069,0,0,0,518,0,0,0,184,0,0,0,0,0,0,0,0
22,340461476,100,453,0,0,453,1047,0,143484,32000,16000,83,0,72,0,0,0,56,5,4,17754.5,0.454314,0,0,0,453,0,0,0,155,0,0,0,0,0,0,0,0
23,340461476,100,387,0,0,387,947,2173,145411,27000,13500,59,0,73,0,0,0,52,7,7,19940,0.554827,0,0,0,387,0,0,0,132,0,0,0,0,0,0,0,0
24,340461476,100,335,0,0,335,843,3003,150421,24400,12200,48,0,72,0,0,0,39,10,3,18894.3,0.738517,0,0,0,335,0,0,0,120,0,0,0,0,0,0,0,0
25,340461476,100,301,0,0,301,764,3888,153656,22000,11000,50,0,55,0,0,0,29,4,1,19480.8,0.774356,0,0,0,301,0,0,0,105,0,0,0,0,0,0,0,0
26,340461476,100,273,0,0,273,687,4707,157369,18200,9100,43,0,44,0,0,0,20,7,1,19451.6,0.88549,0,0,0,273,0,0,0,87,0,0,0,0,0,0,0,0
27,340461476,100,943,0,0,943,1371,4121,159279,16400,8200,32,0,45,0,700,0,25,0,5,21092.6,1,0,0,0,943,0,0,0,77,0,0,0,0,0,0,0,0
28,340461476,100,1157,0,0,1157,1608,4247,159402,16800,8400,362,0,340,0,362,0,85,33,30,24392.7,1,0,0,0,1157,0,0,0,702,0,0,0,0,0,0,0,0
29,340461476,100,1404,0,0,1404,1850,4377,159700,11200,5600,173,0,191,0,401,0,118,18,18,27394.5,1,0,0,0,1404,0,0,0,364,0,0,0,0,0,0,0,0
30,340461476,100,1639,0,0,1639,2036,4510,154280,11400,5700,214,0,182,0,416,0,142,19,20,35995.3,1,0,0,0,1639,0,0,0,396,0,0,0,0,0,0,0,0
31,340461476,100,1801,0,0,1801,2272,4784,149464,95600,47800,420,0,388,0,422,0,183,32,45,43877.5,1,0,0,0,1801,0,0,0,808,0,0,0,0,0,0,0,0
32,340461476,100,1977,0,0,1977,2462,5001,177697,50200,25100,302,0,301,0,411,0,176,31,28,18600.3,0.45897,0,0,0,1977,0,0,0,603,0,0,0,0,0,0,0,0
33,340461476,100,2192,0,0,2192,2646,5209,178086,56400,28200,319,0,307,0,463,0,180,39,29,21060.5,0.370523,0,0,0,2192,0,0,0,626,0,0,0,0,0,0,0,0
34,340461476,100,2349,0,0,2349,2843,5483,180604,114600,57300,478,0,460,0,470,0,206,59,48,21289,0.373413,0,0,0,2349,0,0,0,938,0,0,0,0,0,0,0,0
35,340461476,100,2543,0,0,2543,3127,5565,182981,84000,42000,419,0,388,0,492,0,219,39,40,21559.6,0.185768,0,0,0,2543,0,0,0,807,0,0,0,0,0,0,0,0
36,340461476,100,2715,0,0,2715,3331,5644,185521,85000,42500,406,0,428,0,479,0,231,40,36,21571.8,0.256662,0,0,0,2715,0,0,0,834,0,0,0,0,0,0,0,0
37,340461476,100,2887,0,0,2887,3537,5737,187356,130200,65100,469,0,547,0,540,0,262,50,56,22197.1,0.253786,0,0,0,2887,0,0,0,1016,0,0,0,0,0,0,0,0
38,340461476,100,3075,0,0,3075,3755,5815,190221,115400,57700,507,0,508,0,542,0,248,43,63,21703.7,0.170484,0,0,0,3075,0,0,0,1015,0,0,0,0,0,0,0,0
39,340461476,100,3195,0,0,3195,3991,5841,192159,120600,60300,513,0,533,0,540,0,312,52,56,22051.8,0.188073,0,0,0,3195,0,0,0,1046,0,0,0,0,0,0,0,0
40,340461476,100,3351,0,0,3351,4125,6010,194215,146800,73400,581,0,590,0,523,0,263,53,51,22199.5,0.182851,0,0,0,3351,0,0,0,1171,0,0,0,0,0,0,0,0
41,340461476,100,3447,0,0,3447,4328,6160,196257,141400,70700,551,0,562,0,533,0,336,48,53,22281.9,0.151223,0,0,0,3447,0,0,0,1113,0,0,0,0,0,0,0,0
42,340461476,100,3522,0,0,3522,4489,6266,198079,147200,73600,619,0,547,0,563,0,357,69,62,22507.7,0.15758,0,0,0,3522,0,0,0,1166,0,0,0,0,0,0,0,0
43,340461476,100,3645,0,0,3645,4621,6472,200142,163400,81700,618,0,638,0,585,0,339,53,70,22418.7,0.152905,0,0,0,3645,0,0,0,1256,0,0,0,0,0,0,0,0
44,340461476,100,3805,0,0,3805,4802,6512,201804,154600,77300,653,0,585,0,638,0,358,55,65,22659.5,0.137201,0,0,0,3805,0,0,0,1238,0,0,0,0,0,0,0,0
45,340461476,100,3943,0,0,3943,4977,6571,203850,162800,81400,717,0,617,0,632,0,358,76,60,22447.9,0.146569,0,0,0,3943,0,0,0,1334,0,0,0,0,0,0,0,0
46,340461476,100,4041,0,0,4041,5128,6941,204773,175400,87700,736,0,647,0,627,0,378,77,74,23293.1,0.137886,0,0,0,4041,0,0,0,1383,0,0,0,0,0,0,0,0
47,340461476,100,4203,0,0,4203,5256,7143,206128,177800,88900,686,0,670,0,653,0,381,50,60,23642.6,0.1328,0,0,0,4203,0,0,0,1356,0,0,0,0,0,0,0,0
48,340461476,100,4308,0,0,4308,5370,7330,208088,190200,95100,733,0,739,0,633,0,391,73,64,23325.6,0.132973,0,0,0,4308,0,0,0,1472,0,0,0,0,0,0,0,0
49,340461476,100,4439,0,0,4439,5503,7400,209209,192600,96300,746,0,711,0,674,0,410,65,68,23788.5,0.122637,0,0,0,4439,0,0,0,1457,0,0,0,0,0,0,0,0
50,340461476,100,4635,0,0,4635,5743,6953,211145,198200,99100,783,0,734,0,748,0,403,71,78,23379.3,0.123513,0,0,0,4635,0,0,0,1517,0,0,0,0,0,0,0,0
51,340461476,100,4745,0,0,4745,5927,6718,212268,207000,103500,816,0,838,0,720,0,440,73,97,23728.1,0.117958,0,0,0,4745,0,0,0,1654,0,0,0,0,0,0,0,0
52,340461476,100,4903,0,0,4903,6009,5955,214737,213400,106700,810,0,826,0,730,0,417,80,75,22677.8,0.114628,0,0,0,4903,0,0,0,1636,0,0,0,0,0,0,0,0
53,340461476,100,4986,0,0,4986,6094,5194,215949,219400,109700,833,0,852,0,730,0,464,100,83,22833.5,0.106269,0,0,0,4986,0,0,0,1685,0,0,0,0,0,0,0,0
54,340461476,100,4948,0,0,4948,6134,8380,213433,232000,116000,913,0,837,0,583,0,443,92,86,26667.8,0.104072,0,0,0,4948,0,0,0,1750,0,0,0,0,0,0,0,0
55,340461476,100,4909,0,0,4909,6219,8449,217699,228800,114400,801,0,807,0,594,0,479,65,89,23672.7,0.114947,0,0,0,4909,0,0,0,1608,0,0,0,0,0,0,0,0
56,340461476,100,4711,0,0,4711,6048,9144,218501,236000,118000,829,0,823,0,421,0,462,70,87,24095.7,0.103464,0,0,0,4711,0,0,0,1652,0,0,0,0,0,0,0,0
57,340461476,100,4549,0,0,4549,5925,9686,219646,244000,122000,769,0,773,0,419,0,423,82,76,24131.6,0.1021,0,0,0,4549,0,0,0,1542,0,0,0,0,0,0,0,0
58,340461476,100,5600,0,0,5600,6945,7922,220301,227000,113500,710,0,722,0,1661,0,466,69,75,24615,0.0989,0,0,0,5600,0,0,0,1432,0,0,0,0,0,0,0,0
59,340461476,100,5570,0,0,5570,6933,8115,221755,230800,115400,1235,0,1297,0,720,0,517,122,111,24258.3,0.108436,0,0,0,5570,0,0,0,2532,0,0,0,0,0,0,0,0
60,340461476,100,5665,0,0,5665,7076,8251,222525,208400,104200,780,0,841,0,745,0,509,72,69,24546.1,0.105105,0,0,0,5665,0,0,0,1621,0,0,0,0,0,0,0,0
61,340461476,100,5758,0,0,5758,7110,8330,223351,202800,101400,812,0,800,0,816,0,561,82,80,24739.8,0.117784,0,0,0,5758,0,0,0,1612,0,0,0,0,0,0,0,0
62,340461476,100,5790,0,0,5790,7248,8338,224401,362800,181400,1215,0,1199,0,795,0,527,128,108,24672.7,0.121991,0,0,0,5790,0,0,0,2414,0,0,0,0,0,0,0,0
63,340461476,100,5851,0,0,5851,7327,8463,225103,231400,115700,909,0,859,0,782,0,539,101,81,24918.2,0.0680064,0,0,0,5851,0,0,0,1768,0,0,0,0,0,0,0,0
64,340461476,100,5897,0,0,5897,7541,8393,226255,228200,114100,920,0,827,0,820,0,598,84,92,24679.6,0.107685,0,0,0,5897,0,0,0,1747,0,0,0,0,0,0,0,0
65,340461476,100,5976,0,0,5976,7581,8465,227087,350400,175200,1189,0,1182,0,839,0,523,119,118,24728.1,0.108149,0,0,0,5976,0,0,0,2371,0,0,0,0,0,0,0,0
66,340461476,100,5999,0,0,5999,7666,8487,227572,244800,122400,936,0,951,0,827,0,599,103,102,25091.8,0.070571,0,0,0,5999,0,0,0,1887,0,0,0,0,0,0,0,0
67,340461476,100,6039,0,0,6039,7774,8563,228888,247800,123900,954,0,911,0,798,0,575,80,103,24594,0.102499,0,0,0,6039,0,0,0,1865,0,0,0,0,0,0,0,0
68,340461476,100,6025,0,0,6025,7841,8612,229334,337400,168700,1183,0,1106,0,789,0,559,143,101,24936.6,0.0992492,0,0,0,6025,0,0,0,2289,0,0,0,0,0,0,0,0
69,340461476,100,6127,0,0,6127,7920,8684,230253,262400,131200,941,0,985,0,849,0,555,103,89,24777.9,0.0739082,0,0,0,6127,0,0,0,1926,0,0,0,0,0,0,0,0
70,340461476,100,6144,0,0,6144,8072,8853,230598,262200,131100,984,0,1001,0,808,0,583,102,106,25165.7,0.0944279,0,0,0,6144,0,0,0,1985,0,0,0,0,0,0,0,0
71,340461476,100,6162,0,0,6162,8141,8921,231213,326000,163000,1144,0,1132,0,821,0,551,132,120,25257.2,0.0959792,0,0,0,6162,0,0,0,2276,0,0,0,0,0,0,0,0
72,340461476,100,6201,0,0,6201,8229,9026,231762,272600,136300,1019,0,980,0,853,0,600,101,113,25389.2,0.077476,0,0,0,6201,0,0,0,1999,0,0,0,0,0,0,0,0
73,340461476,100,6285,0,0,6285,8295,9081,232672,284200,142100,1018,0,1051,0,870,0,613,77,96,25135.6,0.0931372,0,0,0,6285,0,0,0,2069,0,0,0,0,0,0,0,0
74,340461476,100,6341,0,0,6341,8377,9150,232527,312200,156100,1125,0,1100,0,865,0,595,108,106,25913.4,0.0884435,0,0,0,6341,0,0,0,2225,0,0,0,0,0,0,0,0
75,340461476,100,6365,0,0,6365,8479,8969,233788,277400,138700,1009,0,1065,0,855,0,624,99,108,25262.4,0.0830027,0,0,0,6365,0,0,0,2074,0,0,0,0,0,0,0,0
76,340461476,100,6413,0,0,6413,8529,8918,234280,295200,147600,1074,0,1048,0,895,0,620,112,115,25358.5,0.0910686,0,0,0,6413,0,0,0,2122,0,0,0,0,0,0,0,0
77,340461476,100,6473,0,0,6473,8624,9253,234468,309000,154500,1098,0,1137,0,886,0,611,103,112,25737.3,0.0859026,0,0,0,6473,0,0,0,2235,0,0,0,0,0,0,0,0
78,340461476,100,6502,0,0,6502,8746,9335,235557,293400,146700,1084,0,1054,0,871,0,629,103,110,25194.7,0.0832922,0,0,0,6502,0,0,0,2138,0,0,0,0,0,0,0,0
79,340461476,100,6542,0,0,6542,8735,9480,235616,300000,150000,1080,0,1115,0,861,0,605,105,111,25662.4,0.0858715,0,0,0,6542,0,0,0,2195,0,0,0,0,0,0,0,0
80,340461476,100,6582,0,0,6582,8784,9438,236107,319400,159700,1151,0,1133,0,906,0,635,121,110,25679.1,0.0855414,0,0,0,6582,0,0,0,2284,0,0,0,0,0,0,0,0
81,340461476,100,6659,0,0,6659,8883,9375,236371,300800,150400,1116,0,1089,0,967,0,658,119,113,25904.6,0.0803981,0,0,0,6659,0,0,0,2205,0,0,0,0,0,0,0,0
82,340461476,100,6633,0,0,6633,8899,9370,236951,297400,148700,1111,0,1122,0,855,0,659,99,123,25796.4,0.086119,0,0,0,6633,0,0,0,2233,0,0,0,0,0,0,0,0
83,340461476,100,6707,0,0,6707,8968,9332,237965,324200,162100,1128,0,1164,0,924,0,606,120,124,25237.2,0.0867398,0,0,0,6707,0,0,0,2292,0,0,0,0,0,0,0,0
84,340461476,100,6732,0,0,6732,9037,9409,238015,305800,152900,1145,0,1082,0,913,0,667,130,91,25625.6,0.0778446,0,0,0,6732,0,0,0,2227,0,0,0,0,0,0,0,0
85,340461476,100,6740,0,0,6740,9119,9279,238321,308200,154100,1145,0,1120,0,924,0,672,117,127,25742.3,0.0837986,0,0,0,6740,0,0,0,2265,0,0,0,0,0,0,0,0
86,340461476,100,6769,0,0,6769,9192,9410,238619,321800,160900,1177,0,1140,0,898,0,641,117,111,25851.7,0.0835245,0,0,0,6769,0,0,0,2317,0,0,0,0,0,0,0,0
87,340461476,100,6848,0,0,6848,9123,9435,239093,318800,159400,1147,0,1125,0,932,0,660,98,95,25770.4,0.0803345,0,0,0,6848,0,0,0,2272,0,0,0,0,0,0,0,0
88,340461476,100,6891,0,0,6891,9238,9510,239342,314000,157000,1178,0,1131,0,934,0,646,123,122,25899.9,0.0808356,0,0,0,6891,0,0,0,2309,0,0,0,0,0,0,0,0
89,340461476,100,6983,0,0,6983,9173,9566,239797,325400,162700,1154,0,1174,0,941,0,649,87,113,25809.8,0.0824839,0,0,0,6983,0,0,0,2328,0,0,0,0,0,0,0,0
90,340461476,100,7064,0,0,7064,9205,9617,240091,333400,166700,1222,0,1169,0,945,0,630,135,99,25867.6,0.0793173,0,0,0,7064,0,0,0,2391,0,0,0,0,0,0,0,0
91,340461476,100,7111,0,0,7111,9231,9728,240148,321400,160700,1145,0,1176,0,896,0,644,105,100,26149.7,0.0775874,0,0,0,7111,0,0,0,2321,0,0,0,0,0,0,0,0
92,340461476,100,7114,0,0,7114,9287,9622,241143,343200,171600,1183,0,1204,0,933,0,675,127,128,25481.6,0.0813619,0,0,0,7114,0,0,0,2387,0,0,0,0,0,0,0,0
93,340461476,100,7122,0,0,7122,9396,9672,240604,336000,168000,1196,0,1188,0,919,0,661,137,113,26335.7,0.0742471,0,0,0,7122,0,0,0,2384,0,0,0,0,0,0,0,0
94,340461476,100,7174,0,0,7174,9414,9638,241264,333200,166600,1248,0,1131,0,936,0,659,123,102,25979.4,0.07838,0,0,0,7174,0,0,0,2379,0,0,0,0,0,0,0,0
95,340461476,100,7230,0,0,7230,9430,9644,241650,344200,172100,1239,0,1212,0,999,0,695,126,122,25886.3,0.0779695,0,0,0,7230,0,0,0,2451,0,0,0,0,0,0,0,0
96,340461476,100,7266,0,0,7266,9463,9689,241750,337200,168600,1221,0,1238,0,928,0,642,127,123,26068.5,0.075207,0,0,0,7266,0,0,0,2459,0,0,0,0,0,0,0,0
97,340461476,100,7241,0,0,7241,9472,9763,241556,340600,170300,1204,0,1198,0,918,0,704,124,115,26534.6,0.0773087,0,0,0,7241,0,0,0,2402,0,0,0,0,0,0,0,0
98,340461476,100,7204,0,0,7204,9493,9881,241859,350800,175400,1216,0,1246,0,894,0,681,128,122,26493.8,0.0779053,0,0,0,7204,0,0,0,2462,0,0,0,0,0,0,0,0
99,340461476,100,7239,0,0,7239,9588,9884,242396,341800,170900,1229,0,1169,0,940,0,665,130,110,26209.7,0.0755241,0,0,0,7239,0,0,0,2398,0,0,0,0,0,0,0,0
100,340461476,100,7257,0,0,7257,9591,9984,242623,341600,170800,1196,0,1231,0,936,0,672,137,109,26226.4,0.0766813,0,0,0,7257,0,0,0,2427,0,0,0,0,0,0,0,0
101,340461476,100,7288,0,0,7288,9635,9910,242989,346200,173100,1220,0,1250,0,964,0,699,116,118,26095.3,0.0767751,0,0,0,7288,0,0,0,2470,0,0,0,0,0,0,0,0
102,340461476,100,7310,0,0,7310,9724,9833,243294,341600,170800,1241,0,1202,0,977,0,691,149,115,26016.8,0.0753764,0,0,0,7310,0,0,0,2443,0,0,0,0,0,0,0,0
103,340461476,100,7336,0,0,7336,9677,9770,243273,343600,171800,1235,0,1256,0,976,0,718,112,120,26256.1,0.0761615,0,0,0,7336,0,0,0,2491,0,0,0,0,0,0,0,0
104,340461476,100,7408,0,0,7408,9678,9831,243551,348800,174400,1280,0,1217,0,963,0,648,134,109,26188.5,0.0764147,0,0,0,7408,0,0,0,2497,0,0,0,0,0,0,0,0
105,340461476,100,7351,0,0,7351,9689,9984,243286,344200,172100,1212,0,1229,0,919,0,715,120,141,26656.4,0.0750818,0,0,0,7351,0,0,0,2441,0,0,0,0,0,0,0,0
106,340461476,100,7359,0,0,7359,9612,9852,244191,346800,173400,1231,0,1191,0,964,0,716,122,118,25946.9,0.0774444,0,0,0,7359,0,0,0,2422,0,0,0,0,0,0,0,0
107,340461476,100,7373,0,0,7373,9683,9847,244152,352200,176100,1230,0,1259,0,929,0,675,120,120,26174.4,0.0748181,0,0,0,7373,0,0,0,2489,0,0,0,0,0,0,0,0
108,340461476,100,7434,0,0,7434,9766,9834,244514,355000,177500,1192,0,1297,0,1020,0,703,123,133,25994.1,0.0743169,0,0,0,7434,0,0,0,2489,0,0,0,0,0,0,0,0
109,340461476,100,7505,0,0,7505,9856,9814,244639,348200,174100,1315,0,1249,0,957,0,666,107,113,26044.3,0.0732229,0,0,0,7505,0,0,0,2564,0,0,0,0,0,0,0,0
110,340461476,100,7503,0,0,7503,9769,10009,244858,355800,177900,1273,0,1241,0,948,0,705,135,110,25994.1,0.0747969,0,0,0,7503,0,0,0,2514,0,0,0,0,0,0,0,0
111,340461476,100,7536,0,0,7536,9855,10018,244561,349000,174500,1262,0,1227,0,950,0,675,119,123,26453.9,0.0730582,0,0,0,7536,0,0,0,2489,0,0,0,0,0,0,0,0
112,340461476,100,7601,0,0,7601,9900,9931,244746,370600,185300,1330,0,1254,0,1011,0,683,138,125,26425.8,0.0757991,0,0,0,7601,0,0,0,2584,0,0,0,0,0,0,0,0
113,340461476,100,7573,0,0,7573,9858,9975,244851,358200,179100,1251,0,1324,0,983,0,743,124,144,26472,0.0713054,0,0,0,7573,0,0,0,2575,0,0,0,0,0,0,0,0
114,340461476,100,7545,0,0,7545,9942,9804,245302,348800,174400,1242,0,1269,0,985,0,753,130,130,26166.8,0.0739029,0,0,0,7545,0,0,0,2511,0,0,0,0,0,0,0,0
115,340461476,100,7530,0,0,7530,9963,9668,245436,357000,178500,1258,0,1270,0,967,0,734,127,121,26173.3,0.0750195,0,0,0,7530,0,0,0,2528,0,0,0,0,0,0,0,0
116,340461476,100,7499,0,0,7499,9947,9790,245277,359000,179500,1265,0,1261,0,930,0,704,132,125,26467.8,0.0733147,0,0,0,7499,0,0,0,2526,0,0,0,0,0,0,0,0
117,340461476,100,7489,0,0,7489,9997,9739,245598,349200,174600,1229,0,1211,0,920,0,682,118,130,26277.4,0.0737265,0,0,0,7489,0,0,0,2440,0,0,0,0,0,0,0,0
118,340461476,100,7497,0,0,7497,9961,9809,245508,362200,181100,1258,0,1247,0,938,0,685,125,120,26493.3,0.0752503,0,0,0,7497,0,0,0,2505,0,0,0,0,0,0,0,0
119,340461476,100,7435,0,0,7435,9890,9957,245714,371000,185500,1288,0,1295,0,929,0,726,128,137,26408.7,0.0731455,0,0,0,7435,0,0,0,2583,0,0,0,0,0,0,0,0
120,340461476,100,7483,0,0,7483,9922,9883,245763,345600,172800,1225,0,1196,0,994,0,719,121,106,26476.6,0.0711824,0,0,0,7483,0,0,0,2421,0,0,0,0,0,0,0,0
121,340461476,100,7457,0,0,7457,9887,10009,245971,353600,176800,1275,0,1265,0,940,0,712,107,147,26381.4,0.0766106,0,0,0,7457,0,0,0,2540,0,0,0,0,0,0,0,0
122,340461476,100,7470,0,0,7470,9913,9981,245936,352600,176300,1261,0,1230,0,1001,0,725,127,136,26525.1,0.0746081,0,0,0,7470,0,0,0,2491,0,0,0,0,0,0,0,0
123,340461476,100,7416,0,0,7416,9892,9961,246024,351400,175700,1294,0,1219,0,928,0,726,138,118,26541.9,0.0752272,0,0,0,7416,0,0,0,2513,0,0,0,0,0,0,0,0
124,340461476,100,7497,0,0,7497,9923,9902,246128,351200,175600,1261,0,1224,0,979,0,653,115,130,26538.9,0.0755319,0,0,0,7497,0,0,0,2485,0,0,0,0,0,0,0,0
125,340461476,100,7509,0,0,7509,9951,9885,246155,357400,178700,1294,0,1264,0,977,0,716,119,130,26609.3,0.0755664,0,0,0,7509,0,0,0,2558,0,0,0,0,0,0,0,0
126,340461476,100,7543,0,0,7543,10057,9952,246216,358400,179200,1275,0,1244,0,973,0,705,122,112,26642.2,0.0744524,0,0,0,7543,0,0,0,2519,0,0,0,0,0,0,0,0
127,340461476,100,7520,0,0,7520,10020,10001,246740,353000,176500,1266,0,1236,0,939,0,703,130,129,26208.6,0.0743364,0,0,0,7520,0,0,0,2502,0,0,0,0,0,0,0,0
128,340461476,100,7447,0,0,7447,10041,10110,246797,357400,178700,1230,0,1278,0,903,0,752,107,117,26238.8,0.0742454,0,0,0,7447,0,0,0,2508,0,0,0,0,0,0,0,0
129,340461476,100,7513,0,0,7513,10029,10133,246537,359600,179800,1222,0,1271,0,1006,0,695,116,129,26582.9,0.0734159,0,0,0,7513,0,0,0,2493,0,0,0,0,0,0,0,0
130,340461476,100,7506,0,0,7506,9966,10216,246472,349800,174900,1251,0,1275,0,997,0,746,132,126,26729,0.0739235,0,0,0,7506,0,0,0,2526,0,0,0,0,0,0,0,0
131,340461476,100,7539,0,0,7539,9993,10228,246835,364200,182100,1294,0,1282,0,976,0,686,149,108,26444.1,0.0764121,0,0,0,7539,0,0,0,2576,0,0,0,0,0,0,0,0
132,340461476,100,7589,0,0,7589,10061,10140,246990,343200,171600,1218,0,1238,0,1007,0,707,119,131,26364.4,0.0726087,0,0,0,7589,0,0,0,2456,0,0,0,0,0,0,0,0
133,340461476,100,7615,0,0,7615,10150,10077,247349,357800,178900,1230,0,1344,0,1003,0,722,121,134,26078,0.0768194,0,0,0,7615,0,0,0,2574,0,0,0,0,0,0,0,0
134,340461476,100,7613,0,0,7613,10226,10097,247152,367600,183800,1381,0,1244,0,950,0,706,132,114,26345,0.0728843,0,0,0,7613,0,0,0,2625,0,0,0,0,0,0,0,0
135,340461476,100,7633,0,0,7633,10275,10061,246988,352000,176000,1224,0,1266,0,989,0,704,149,116,26576.4,0.0716675,0,0,0,7633,0,0,0,2490,0,0,0,0,0,0,0,0
136,340461476,100,7649,0,0,7649,10304,10085,247025,363600,181800,1290,0,1282,0,966,0,680,144,126,26604.5,0.0755012,0,0,0,7649,0,0,0,2572,0,0,0,0,0,0,0,0
137,340461476,100,7610,0,0,7610,10253,10204,247145,380200,190100,1351,0,1297,0,1002,0,764,142,135,26547.2,0.0731696,0,0,0,7610,0,0,0,2648,0,0,0,0,0,0,0,0
138,340461476,100,7585,0,0,7585,10290,10338,246888,346600,173300,1289,0,1238,0,977,0,770,110,122,26864.6,0.0698242,0,0,0,7585,0,0,0,2527,0,0,0,0,0,0,0,0
139,340461476,100,7577,0,0,7577,10299,10384,247526,353000,176500,1279,0,1253,0,950,0,722,122,114,26284.8,0.0775089,0,0,0,7577,0,0,0,2532,0,0,0,0,0,0,0,0
140,340461476,100,7667,0,0,7667,10269,10170,247885,367600,183800,1299,0,1283,0,1019,0,688,118,123,25982,0.0744613,0,0,0,7667,0,0,0,2582,0,0,0,0,0,0,0,0
141,340461476,100,7686,0,0,7686,10247,10076,247074,363600,181800,1329,0,1286,0,992,0,712,134,127,26847.1,0.0706801,0,0,0,7686,0,0,0,2615,0,0,0,0,0,0,0,0
142,340461476,100,7737,0,0,7737,10286,10009,247591,369200,184600,1287,0,1311,0,1033,0,682,150,150,26382.3,0.073837,0,0,0,7737,0,0,0,2598,0,0,0,0,0,0,0,0
143,340461476,100,7746,0,0,7746,10341,9995,247148,361400,180700,1312,0,1289,0,1006,0,754,122,121,26875.6,0.071458,0,0,0,7746,0,0,0,2601,0,0,0,0,0,0,0,0
144,340461476,100,7703,0,0,7703,10257,10068,247496,373800,186900,1323,0,1328,0,939,0,745,118,119,26576.1,0.0743653,0,0,0,7703,0,0,0,2651,0,0,0,0,0,0,0,0
145,340461476,100,7691,0,0,7691,10264,10137,247652,363800,181900,1281,0,1278,0,926,0,700,106,132,26466.9,0.0710972,0,0,0,7691,0,0,0,2559,0,0,0,0,0,0,0,0
146,340461476,100,7667,0,0,7667,10215,10156,247720,363200,181600,1192,0,1310,0,964,0,733,120,135,26443.9,0.0727512,0,0,0,7667,0,0,0,2502,0,0,0,0,0,0,0,0
147,340461476,100,7668,0,0,7668,10172,10043,247907,380800,190400,1306,0,1323,0,1033,0,759,144,129,26300.4,0.0728082,0,0,0,7668,0,0,0,2629,0,0,0,0,0,0,0,0
148,340461476,100,7666,0,0,7666,10253,10058,247149,362600,181300,1314,0,1307,0,965,0,695,130,142,27100.3,0.0690661,0,0,0,7666,0,0,0,2621,0,0,0,0,0,0,0,0
149,340461476,100,7593,0,0,7593,10242,10099,247761,351600,175800,1256,0,1237,0,953,0,745,142,139,26528.6,0.0747387,0,0,0,7593,0,0,0,2493,0,0,0,0,0,0,0,0
150,340461476,100,7528,0,0,7528,10268,10051,247953,366800,183400,1273,0,1277,0,935,0,734,122,144,26375.5,0.0754511,0,0,0,7528,0,0,0,2550,0,0,0,0,0,0,0,0
151,340461476,100,7543,0,0,7543,10259,10027,248010,367800,183900,1268,0,1277,0,955,0,700,117,123,26356,0.071907,0,0,0,7543,0,0,0,2545,0,0,0,0,0,0,0,0
152,340461476,100,7510,0,0,7510,10274,10068,248092,353400,176700,1216,0,1291,0,962,0,733,129,133,26310.2,0.0716585,0,0,0,7510,0,0,0,2507,0,0,0,0,0,0,0,0
153,340461476,100,7528,0,0,7528,10314,10060,247948,356400,178200,1307,0,1219,0,996,0,705,134,139,26489,0.0744487,0,0,0,7528,0,0,0,2526,0,0,0,0,0,0,0,0
154,340461476,100,7537,0,0,7537,10277,10202,248489,363200,181600,1293,0,1275,0,970,0,698,132,131,25981.6,0.0743238,0,0,0,7537,0,0,0,2568,0,0,0,0,0,0,0,0
155,340461476,100,7530,0,0,7530,10308,10264,248070,351000,175500,1253,0,1258,0,989,0,744,126,126,26433,0.0715352,0,0,0,7530,0,0,0,2511,0,0,0,0,0,0,0,0
156,340461476,100,7568,0,0,7568,10280,10194,247892,355200,177600,1285,0,1264,0,1013,0,719,129,127,26642.2,0.0753076,0,0,0,7568,0,0,0,2549,0,0,0,0,0,0,0,0
157,340461476,100,7637,0,0,7637,10190,10134,247931,364000,182000,1291,0,1299,0,988,0,680,114,125,26633.3,0.0750062,0,0,0,7637,0,0,0,2590,0,0,0,0,0,0,0,0
158,340461476,100,7698,0,0,7698,10251,10093,248060,357600,178800,1241,0,1316,0,1023,0,694,119,149,26533.3,0.0731684,0,0,0,7698,0,0,0,2557,0,0,0,0,0,0,0,0
159,340461476,100,7665,0,0,7665,10298,10174,248318,366600,183300,1289,0,1312,0,981,0,776,112,126,26303.3,0.0741982,0,0,0,7665,0,0,0,2601,0,0,0,0,0,0,0,0
160,340461476,100,7660,0,0,7660,10306,10161,247968,364600,182300,1278,0,1283,0,928,0,693,115,125,26680.2,0.0717492,0,0,0,7660,0,0,0,2561,0,0,0,0,0,0,0,0
161,340461476,100,7671,0,0,7671,10282,10198,248111,358000,179000,1263,0,1238,0,990,0,744,126,109,26563.2,0.0731766,0,0,0,7671,0,0,0,2501,0,0,0,0,0,0,0,0
162,340461476,100,7660,0,0,7660,10266,10174,248251,375600,187800,1321,0,1310,0,968,0,727,131,121,26448.2,0.0741988,0,0,0,7660,0,0,0,2631,0,0,0,0,0,0,0,0
163,340461476,100,7710,0,0,7710,10254,10010,248030,364400,182200,1304,0,1274,0,1009,0,728,119,112,26693.3,0.0704158,0,0,0,7710,0,0,0,2578,0,0,0,0,0,0,0,0
164,340461476,100,7690,0,0,7690,10195,10212,247870,356200,178100,1289,0,1275,0,967,0,745,119,123,26876.6,0.0732529,0,0,0,7690,0,0,0,2564,0,0,0,0,0,0,0,0
165,340461476,100,7730,0,0,7730,10163,10252,248196,366600,183300,1307,0,1295,0,980,0,701,126,113,26573.1,0.0754538,0,0,0,7730,0,0,0,2602,0,0,0,0,0,0,0,0
166,340461476,100,7740,0,0,7740,10199,10221,248349,372000,186000,1333,0,1263,0,985,0,704,130,141,26441.7,0.0724852,0,0,0,7740,0,0,0,2596,0,0,0,0,0,0,0,0
167,340461476,100,7654,0,0,7654,10188,10375,248281,368000,184000,1300,0,1282,0,954,0,748,136,156,26530.5,0.0710798,0,0,0,7654,0,0,0,2582,0,0,0,0,0,0,0,0
168,340461476,100,7656,0,0,7656,10316,10263,248466,366400,183200,1279,0,1265,0,1015,0,748,142,123,26365.6,0.0720938,0,0,0,7656,0,0,0,2544,0,0,0,0,0,0,0,0
169,340461476,100,7705,0,0,7705,10311,10164,247996,365400,182700,1310,0,1304,0,982,0,674,119,140,26855,0.0719586,0,0,0,7705,0,0,0,2614,0,0,0,0,0,0,0,0
170,340461476,100,7655,0,0,7655,10306,10160,248350,364000,182000,1317,0,1250,0,948,0,751,131,116,26519.7,0.0734948,0,0,0,7655,0,0,0,2567,0,0,0,0,0,0,0,0
171,340461476,100,7742,0,0,7742,10349,10076,248471,364800,182400,1297,0,1257,0,1030,0,698,125,120,26416.7,0.0728562,0,0,0,7742,0,0,0,2554,0,0,0,0,0,0,0,0
172,340461476,100,7709,0,0,7709,10344,10079,248151,367800,183900,1343,0,1301,0,958,0,737,120,134,26754,0.0724141,0,0,0,7709,0,0,0,2644,0,0,0,0,0,0,0,0
173,340461476,100,7742,0,0,7742,10308,10086,248467,369200,184600,1272,0,1290,0,988,0,704,127,124,26454.7,0.0727406,0,0,0,7742,0,0,0,2562,0,0,0,0,0,0,0,0
174,340461476,100,7739,0,0,7739,10289,10184,248629,359600,179800,1352,0,1213,0,974,0,734,115,128,26308.8,0.0716542,0,0,0,7739,0,0,0,2565,0,0,0,0,0,0,0,0
175,340461476,100,7674,0,0,7674,10276,10240,248118,379800,189900,1313,0,1308,0,947,0,735,140,137,26835.4,0.0731614,0,0,0,7674,0,0,0,2621,0,0,0,0,0,0,0,0
176,340461476,100,7671,0,0,7671,10282,10377,248634,368800,184400,1244,0,1313,0,978,0,720,137,124,26334.3,0.0706566,0,0,0,7671,0,0,0,2557,0,0,0,0,0,0,0,0
177,340461476,100,7746,0,0,7746,10300,10294,248561,362600,181300,1314,0,1274,0,1027,0,699,113,140,26421.8,0.0714055,0,0,0,7746,0,0,0,2588,0,0,0,0,0,0,0,0
178,340461476,100,7772,0,0,7772,10324,10203,248083,370200,185100,1333,0,1324,0,1005,0,728,144,107,26913.7,0.0728676,0,0,0,7772,0,0,0,2657,0,0,0,0,0,0,0,0
179,340461476,100,7731,0,0,7731,10280,10246,248516,361000,180500,1282,0,1302,0,1008,0,796,136,117,26494.1,0.0727005,0,0,0,7731,0,0,0,2584,0,0,0,0,0,0,0,0
180,340461476,100,7769,0,0,7769,10376,10131,248720,361200,180600,1286,0,1299,0,1007,0,700,130,139,26303.1,0.0733909,0,0,0,7769,0,0,0,2585,0,0,0,0,0,0,0,0
181,340461476,100,7681,0,0,7681,10373,10165,248513,372200,186100,1341,0,1318,0,946,0,771,134,129,26522.5,0.0728213,0,0,0,7681,0,0,0,2659,0,0,0,0,0,0,0,0
182,340461476,100,7614,0,0,7614,10285,10053,248967,365800,182900,1241,0,1308,0,985,0,782,128,142,26080.6,0.0712588,0,0,0,7614,0,0,0,2549,0,0,0,0,0,0,0,0
183,340461476,100,7595,0,0,7595,10255,10099,248227,351800,175900,1276,0,1242,0,996,0,770,127,118,26832.2,0.0712973,0,0,0,7595,0,0,0,2518,0,0,0,0,0,0,0,0
184,340461476,100,7645,0,0,7645,10248,10111,248225,365000,182500,1306,0,1257,0,998,0,699,128,121,26845.3,0.076271,0,0,0,7645,0,0,0,2563,0,0,0,0,0,0,0,0
185,340461476,100,7695,0,0,7695,10264,10084,248791,358200,179100,1280,0,1277,0,976,0,678,114,134,26290.1,0.0735488,0,0,0,7695,0,0,0,2557,0,0,0,0,0,0,0,0
186,340461476,100,7630,0,0,7630,10308,10191,248721,361000,180500,1261,0,1281,0,933,0,762,118,118,26370.5,0.073395,0,0,0,7630,0,0,0,2542,0,0,0,0,0,0,0,0
187,340461476,100,7589,0,0,7589,10263,10242,248329,366800,183400,1254,0,1288,0,999,0,757,142,141,26772.5,0.0730484,0,0,0,7589,0,0,0,2542,0,0,0,0,0,0,0,0
188,340461476,100,7672,0,0,7672,10244,10380,248596,359600,179800,1295,0,1271,0,1029,0,693,138,115,26515.1,0.0729893,0,0,0,7672,0,0,0,2566,0,0,0,0,0,0,0,0
189,340461476,100,7696,0,0,7696,10296,10337,248496,365200,182600,1340,0,1260,0,1011,0,721,141,125,26624.4,0.0737351,0,0,0,7696,0,0,0,2600,0,0,0,0,0,0,0,0
190,340461476,100,7691,0,0,7691,10313,10356,248749,356400,178200,1302,0,1278,0,1001,0,737,133,136,26380.4,0.0729037,0,0,0,7691,0,0,0,2580,0,0,0,0,0,0,0,0
191,340461476,100,7752,0,0,7752,10387,10288,248485,363400,181700,1315,0,1262,0,1016,0,712,123,120,26653,0.0740191,0,0,0,7752,0,0,0,2577,0,0,0,0,0,0,0,0
192,340461476,100,7752,0,0,7752,10453,10282,248731,362600,181300,1315,0,1293,0,966,0,710,134,122,26415.4,0.0733435,0,0,0,7752,0,0,0,2608,0,0,0,0,0,0,0,0
193,340461476,100,7745,0,0,7745,10485,10305,248764,371400,185700,1268,0,1347,0,935,0,663,140,139,26390.4,0.0728499,0,0,0,7745,0,0,0,2615,0,0,0,0,0,0,0,0
194,340461476,100,7801,0,0,7801,10501,10263,248431,381400,190700,1361,0,1265,0,1049,0,730,135,128,26731.2,0.0710566,0,0,0,7801,0,0,0,2626,0,0,0,0,0,0,0,0
195,340461476,100,7752,0,0,7752,10497,10224,248212,359200,179600,1297,0,1315,0,995,0,753,149,142,26957.6,0.0700869,0,0,0,7752,0,0,0,2612,0,0,0,0,0,0,0,0
196,340461476,100,7767,0,0,7767,10480,10168,248826,367000,183500,1331,0,1276,0,983,0,704,142,122,26350.8,0.0750491,0,0,0,7767,0,0,0,2607,0,0,0,0,0,0,0,0
197,340461476,100,7649,0,0,7649,10508,10271,248516,372800,186400,1289,0,1312,0,957,0,784,157,134,26667.8,0.0718006,0,0,0,7649,0,0,0,2601,0,0,0,0,0,0,0,0
198,340461476,100,7616,0,0,7616,10461,10332,248579,358800,179400,1315,0,1190,0,1004,0,780,121,136,26611.4,0.0715337,0,0,0,7616,0,0,0,2505,0,0,0,0,0,0,0,0
199,340461476,100,7553,0,0,7553,10465,10289,248512,364800,182400,1288,0,1301,0,944,0,740,154,113,26684.9,0.0741679,0,0,0,7553,0,0,0,2589,0,0,0,0,0,0,0,0
200,340461476,100,7584,0,0,7584,10443,10317,248536,353800,176900,1239,0,1247,0,1012,0,748,124,109,26667.1,0.0731493,0,0,0,7584,0,0,0,2486,0,0,0,0,0,0,0,0
201,340461476,100,7922,0,0,7922,10457,10198,248425,357200,178600,0,0,0,0,1025,0,687,0,0,26784.1,0.0753734,0,0,0,7922,0,0,0,0,0,0,0,0,0,0,0,0
202,340461476,100,8157,0,0,8157,10508,10171,248418,362800,181400,0,0,0,0,986,0,751,0,0,26796.9,0.0749835,0,0,0,8157,0,0,0,0,0,0,0,0,0,0,0,0
203,340461476,100,8345,0,0,8345,10424,10198,248735,362400,181200,0,0,0,0,949,0,761,0,0,26485.4,0.0738613,0,0,0,8345,0,0,0,0,0,0,0,0,0,0,0,0
204,340461476,100,8532,0,0,8532,10446,10223,248292,21000,10500,0,0,0,0,1004,0,817,0,0,26933.8,0.0730834,0,0,0,8532,0,0,0,0,0,0,0,0,0,0,0,0
205,340461476,100,8690,0,0,8690,10433,10237,242905,36800,18400,0,0,0,0,983,0,825,0,0,32326,1,0,0,0,8690,0,0,0,0,0,0,0,0,0,0,0,0
206,340461476,100,8907,0,0,8907,10393,10190,249161,51800,25900,0,0,0,0,1014,0,797,0,0,26074.9,0.878423,0,0,0,8907,0,0,0,0,0,0,0,0,0,0,0,0
207,340461476,100,9007,0,0,9007,10446,10279,248357,48000,24000,0,0,0,0,924,0,824,0,0,26883.8,0.503377,0,0,0,9007,0,0,0,0,0,0,0,0,0,0,0,0
208,340461476,100,9194,0,0,9194,10470,10241,248825,55000,27500,0,0,0,0,1057,0,870,0,0,26420.4,0.560078,0,0,0,9194,0,0,0,0,0,0,0,0,0,0,0,0
209,340461476,100,9194,0,0,9194,10500,10367,248420,55600,27800,0,0,0,0,943,0,943,0,0,26829.8,0.48037,0,0,0,9194,0,0,0,0,0,0,0,0,0,0,0,0
210,340461476,100,9359,0,0,9359,10423,10428,248721,56400,28200,0,0,0,0,1025,0,860,0,0,26533.2,0.482551,0,0,0,9359,0,0,0,0,0,0,0,0,0,0,0,0
211,340461476,100,9524,0,0,9524,10382,10407,248617,56800,28400,0,0,0,0,1036,0,871,0,0,26641.3,0.470446,0,0,0,9524,0,0,0,0,0,0,0,0,0,0,0,0
212,340461476,100,9662,0,0,9662,10398,10361,248653,57400,28700,0,0,0,0,1066,0,928,0,0,26609.3,0.469037,0,0,0,9662,0,0,0,0,0,0,0,0,0,0,0,0
213,340461476,100,9746,0,0,9746,10410,10241,248790,60200,30100,0,0,0,0,1004,0,920,0,0,26476.2,0.463577,0,0,0,9746,0,0,0,0,0,0,0,0,0,0,0,0
214,340461476,100,9810,0,0,9810,10415,10251,248634,58800,29400,0,0,0,0,1017,0,953,0,0,26635.9,0.439803,0,0,0,9810,0,0,0,0,0,0,0,0,0,0,0,0
215,340461476,100,9873,0,0,9873,10473,10187,248723,58800,29400,0,0,0,0,955,0,892,0,0,26550.4,0.452991,0,0,0,9873,0,0,0,0,0,0,0,0,0,0,0,0
216,340461476,100,9933,0,0,9933,10449,10225,248736,60200,30100,0,0,0,0,1005,0,945,0,0,26540.9,0.451538,0,0,0,9933,0,0,0,0,0,0,0,0,0,0,0,0
217,340461476,100,9952,0,0,9952,10456,10219,248645,60200,30100,0,0,0,0,981,0,962,0,0,26635.2,0.440878,0,0,0,9952,0,0,0,0,0,0,0,0,0,0,0,0
218,340461476,100,9911,0,0,9911,10467,10203,248746,61200,30600,0,0,0,0,960,0,1001,0,0,26537.4,0.442445,0,0,0,9911,0,0,0,0,0,0,0,0,0,0,0,0
219,340461476,100,9925,0,0,9925,10312,10250,248634,62200,31100,0,0,0,0,1014,0,1000,0,0,26652.5,0.433618,0,0,0,9925,0,0,0,0,0,0,0,0,0,0,0,0
220,340461476,100,10032,0,0,10032,10237,10069,248838,60400,30200,0,0,0,0,1031,0,924,0,0,26451.5,0.428497,0,0,0,10032,0,0,0,0,0,0,0,0,0,0,0,0
221,340461476,100,10009,0,0,10009,10284,10084,248673,65200,32600,0,0,0,0,937,0,960,0,0,26619.3,0.437938,0,0,0,10009,0,0,0,0,0,0,0,0,0,0,0,0
222,340461476,100,10022,0,0,10022,10286,10119,248725,66000,33000,0,0,0,0,1010,0,997,0,0,26570.1,0.408272,0,0,0,10022,0,0,0,0,0,0,0,0,0,0,0,0
223,340461476,100,10109,0,0,10109,10284,10064,248877,57400,28700,0,0,0,0,1048,0,961,0,0,26420.8,0.402578,0,0,0,10109,0,0,0,0,0,0,0,0,0,0,0,0
224,340461476,100,10084,0,0,10084,10232,10191,248828,56600,28300,0,0,0,0,930,0,955,0,0,26472.3,0.460292,0,0,0,10084,0,0,0,0,0,0,0,0,0,0,0,0
225,340461476,100,10110,0,0,10110,10246,10354,248501,59600,29800,0,0,0,0,1001,0,975,0,0,26801.8,0.467709,0,0,0,10110,0,0,0,0,0,0,0,0,0,0,0,0
226,340461476,100,10134,0,0,10134,10350,10414,248771,66600,33300,0,0,0,0,990,0,966,0,0,26534.2,0.449695,0,0,0,10134,0,0,0,0,0,0,0,0,0,0,0,0
227,340461476,100,10134,0,0,10134,10256,9828,248911,61600,30800,0,0,0,0,1011,0,1011,0,0,26396.5,0.398412,0,0,0,10134,0,0,0,0,0,0,0,0,0,0,0,0
228,340461476,100,10203,0,0,10203,10289,10304,248386,62800,31400,0,0,0,0,1058,0,989,0,0,26923.8,0.428515,0,0,0,10203,0,0,0,0,0,0,0,0,0,0,0,0
229,340461476,100,10227,0,0,10227,10271,10289,248683,55000,27500,0,0,0,0,1024,0,1000,0,0,26628.9,0.428722,0,0,0,10227,0,0,0,0,0,0,0,0,0,0,0,0
230,340461476,100,10179,0,0,10179,10348,10358,248491,61600,30800,0,0,0,0,942,0,990,0,0,26823,0.484162,0,0,0,10179,0,0,0,0,0,0,0,0,0,0,0,0
231,340461476,100,9998,0,0,9998,10153,10663,248605,64000,32000,0,0,0,0,801,0,982,0,0,26711,0.435438,0,0,0,9998,0,0,0,0,0,0,0,0,0,0,0,0
232,340461476,100,10266,0,0,10266,10372,10274,248894,66600,33300,0,0,0,0,1184,0,916,0,0,26423.9,0.417359,0,0,0,10266,0,0,0,0,0,0,0,0,0,0,0,0
233,340461476,100,10339,0,0,10339,10398,10300,248768,62600,31300,0,0,0,0,1014,0,941,0,0,26551.7,0.396755,0,0,0,10339,0,0,0,0,0,0,0,0,0,0,0,0
234,340461476,100,10439,0,0,10439,10434,10189,248676,60200,30100,0,0,0,0,1014,0,914,0,0,26645.5,0.424149,0,0,0,10439,0,0,0,0,0,0,0,0,0,0,0,0
235,340461476,100,10375,0,0,10375,10426,10237,248499,63200,31600,0,0,0,0,944,0,1008,0,0,26824.2,0.442616,0,0,0,10375,0,0,0,0,0,0,0,0,0,0,0,0
236,340461476,100,10479,0,0,10479,10413,10190,248319,64800,32400,0,0,0,0,1035,0,931,0,0,27005.9,0.424434,0,0,0,10479,0,0,0,0,0,0,0,0,0,0,0,0
237,340461476,100,10537,0,0,10537,10410,10250,248653,67600,33800,0,0,0,0,1008,0,950,0,0,26673.5,0.416757,0,0,0,10537,0,0,0,0,0,0,0,0,0,0,0,0
238,340461476,100,10475,0,0,10475,10422,10418,248540,66800,33400,0,0,0,0,970,0,1032,0,0,26788,0.394578,0,0,0,10475,0,0,0,0,0,0,0,0,0,0,0,0
239,340461476,100,10529,0,0,10529,10351,10348,248970,66400,33200,0,0,0,0,1043,0,989,0,0,26359.5,0.401018,0,0,0,10529,0,0,0,0,0,0,0,0,0,0,0,0
240,340461476,100,10532,0,0,10532,10312,10306,248734,69400,34700,0,0,0,0,1022,0,1019,0,0,26596.9,0.39698,0,0,0,10532,0,0,0,0,0,0,0,0,0,0,0,0
241,340461476,100,10514,0,0,10514,10317,10202,249055,58200,29100,0,0,0,0,1016,0,1034,0,0,26277.3,0.383241,0,0,0,10514,0,0,0,0,0,0,0,0,0,0,0,0
242,340461476,100,10480,0,0,10480,10347,10084,248749,65600,32800,0,0,0,0,1025,0,1059,0,0,26584.6,0.4515,0,0,0,10480,0,0,0,0,0,0,0,0,0,0,0,0
243,340461476,100,10435,0,0,10435,10371,10101,248645,76600,38300,0,0,0,0,938,0,983,0,0,26689.9,0.405253,0,0,0,10435,0,0,0,0,0,0,0,0,0,0,0,0
244,340461476,100,10416,0,0,10416,10421,10164,248880,60400,30200,0,0,0,0,983,0,1002,0,0,26456.2,0.348432,0,0,0,10416,0,0,0,0,0,0,0,0,0,0,0,0
245,340461476,100,10346,0,0,10346,10417,10195,248800,67400,33700,0,0,0,0,965,0,1035,0,0,26537.3,0.438016,0,0,0,10346,0,0,0,0,0,0,0,0,0,0,0,0
246,340461476,100,10323,0,0,10323,10367,10201,248622,61200,30600,0,0,0,0,971,0,994,0,0,26716.5,0.393729,0,0,0,10323,0,0,0,0,0,0,0,0,0,0,0,0
247,340461476,100,10386,0,0,10386,10361,10124,248577,66600,33300,0,0,0,0,1018,0,955,0,0,26762.6,0.436544,0,0,0,10386,0,0,0,0,0,0,0,0,0,0,0,0
248,340461476,100,10396,0,0,10396,10341,10219,248394,64200,32100,0,0,0,0,1003,0,993,0,0,26946.7,0.401841,0,0,0,10396,0,0,0,0,0,0,0,0,0,0,0,0
249,340461476,100,10372,0,0,10372,10298,10193,249118,65400,32700,0,0,0,0,996,0,1020,0,0,26223.7,0.41973,0,0,0,10372,0,0,0,0,0,0,0,0,0,0,0,0
250,340461476,100,10371,0,0,10371,10282,10192,248541,59800,29900,0,0,0,0,990,0,991,0,0,26801.7,0.400974,0,0,0,10371,0,0,0,0,0,0,0,0,0,0,0,0
251,340461476,100,10416,0,0,10416,10235,10224,248646,59200,29600,0,0,0,0,1024,0,979,0,0,26697.7,0.448189,0,0,0,10416,0,0,0,0,0,0,0,0,0,0,0,0
252,340461476,100,10420,0,0,10420,10273,10282,248954,60000,30000,0,0,0,0,1028,0,1024,0,0,26390.6,0.450974,0,0,0,10420,0,0,0,0,0,0,0,0,0,0,0,0
253,340461476,100,10388,0,0,10388,10257,10400,248792,70800,35400,0,0,0,0,934,0,966,0,0,26553.4,0.439843,0,0,0,10388,0,0,0,0,0,0,0,0,0,0,0,0
254,340461476,100,10347,0,0,10347,10267,10372,248789,61200,30600,0,0,0,0,948,0,989,0,0,26557.3,0.375049,0,0,0,10347,0,0,0,0,0,0,0,0,0,0,0,0
255,340461476,100,10399,0,0,10399,10369,10258,248979,66800,33400,0,0,0,0,983,0,931,0,0,26368.1,0.433942,0,0,0,10399,0,0,0,0,0,0,0,0,0,0,0,0
256,340461476,100,10434,0,0,10434,10427,10141,248697,59400,29700,0,0,0,0,957,0,922,0,0,26650.9,0.394732,0,0,0,10434,0,0,0,0,0,0,0,0,0,0,0,0
257,340461476,100,10451,0,0,10451,10459,10074,248620,67000,33500,0,0,0,0,1017,0,1000,0,0,26728.7,0.448668,0,0,0,10451,0,0,0,0,0,0,0,0,0,0,0,0
258,340461476,100,10429,0,0,10429,10428,10095,248624,64200,32100,0,0,0,0,957,0,979,0,0,26725.4,0.398935,0,0,0,10429,0,0,0,0,0,0,0,0,0,0,0,0
259,340461476,100,10451,0,0,10451,10446,10188,248711,65200,32600,0,0,0,0,1026,0,1004,0,0,26639.1,0.416284,0,0,0,10451,0,0,0,0,0,0,0,0,0,0,0,0
260,340461476,100,10453,0,0,10453,10454,10306,248904,65400,32700,0,0,0,0,971,0,969,0,0,26446.8,0.408576,0,0,0,10453,0,0,0,0,0,0,0,0,0,0,0,0
261,340461476,100,10423,0,0,10423,10466,10474,248268,71000,35500,0,0,0,0,988,0,1018,0,0,27083.5,0.404386,0,0,0,10423,0,0,0,0,0,0,0,0,0,0,0,0
262,340461476,100,10431,0,0,10431,10420,10430,248505,63600,31800,0,0,0,0,983,0,975,0,0,26847.1,0.381457,0,0,0,10431,0,0,0,0,0,0,0,0,0,0,0,0
263,340461476,100,10446,0,0,10446,10427,10357,248849,68000,34000,0,0,0,0,1005,0,990,0,0,26503.7,0.422124,0,0,0,10446,0,0,0,0,0,0,0,0,0,0,0,0
264,340461476,100,10472,0,0,10472,10407,10287,248568,66400,33200,0,0,0,0,1042,0,1016,0,0,26785.3,0.389761,0,0,0,10472,0,0,0,0,0,0,0,0,0,0,0,0
265,340461476,100,10526,0,0,10526,10467,10102,248612,62400,31200,0,0,0,0,1047,0,993,0,0,26741.9,0.403393,0,0,0,10526,0,0,0,0,0,0,0,0,0,0,0,0
266,340461476,100,10521,0,0,10521,10498,10159,248752,65800,32900,0,0,0,0,972,0,977,0,0,26602.4,0.428556,0,0,0,10521,0,0,0,0,0,0,0,0,0,0,0,0
267,340461476,100,10476,0,0,10476,10486,10120,248830,64200,32100,0,0,0,0,987,0,1032,0,0,26525,0.404292,0,0,0,10476,0,0,0,0,0,0,0,0,0,0,0,0
268,340461476,100,10469,0,0,10469,10496,10043,248731,66600,33300,0,0,0,0,965,0,972,0,0,26624.5,0.413162,0,0,0,10469,0,0,0,0,0,0,0,0,0,0,0,0
269,340461476,100,10456,0,0,10456,10461,10102,248882,61400,30700,0,0,0,0,998,0,1011,0,0,26474,0.399767,0,0,0,10456,0,0,0,0,0,0,0,0,0,0,0,0
270,340461476,100,10381,0,0,10381,10467,10183,248560,71200,35600,0,0,0,0,953,0,1028,0,0,26796.4,0.431172,0,0,0,10381,0,0,0,0,0,0,0,0,0,0,0,0
271,340461476,100,10402,0,0,10402,10391,10219,248812,66400,33200,0,0,0,0,968,0,947,0,0,26544.9,0.376354,0,0,0,10402,0,0,0,0,0,0,0,0,0,0,0,0
272,340461476,100,10362,0,0,10362,10421,10181,249000,67000,33500,0,0,0,0,970,0,1010,0,0,26357.3,0.399773,0,0,0,10362,0,0,0,0,0,0,0,0,0,0,0,0
273,340461476,100,10299,0,0,10299,10382,10221,248779,60800,30400,0,0,0,0,954,0,1017,0,0,26578.8,0.393393,0,0,0,10299,0,0,0,0,0,0,0,0,0,0,0,0
274,340461476,100,10296,0,0,10296,10442,10230,248502,69200,34600,0,0,0,0,981,0,984,0,0,26856.2,0.437151,0,0,0,10296,0,0,0,0,0,0,0,0,0,0,0,0
275,340461476,100,10299,0,0,10299,10447,10264,248762,61600,30800,0,0,0,0,990,0,987,0,0,26596.6,0.388095,0,0,0,10299,0,0,0,0,0,0,0,0,0,0,0,0
276,340461476,100,10335,0,0,10335,10429,10304,248587,66200,33100,0,0,0,0,986,0,950,0,0,26772,0.431763,0,0,0,10335,0,0,0,0,0,0,0,0,0,0,0,0
277,340461476,100,10332,0,0,10332,10518,10292,248789,63400,31700,0,0,0,0,975,0,978,0,0,26570.3,0.40441,0,0,0,10332,0,0,0,0,0,0,0,0,0,0,0,0
278,340461476,100,10392,0,0,10392,10515,10237,249268,67800,33900,0,0,0,0,1047,0,987,0,0,26091.7,0.419091,0,0,0,10392,0,0,0,0,0,0,0,0,0,0,0,0
279,340461476,100,10405,0,0,10405,10466,10286,248742,62800,31400,0,0,0,0,953,0,940,0,0,26618,0.384833,0,0,0,10405,0,0,0,0,0,0,0,0,0,0,0,0
280,340461476,100,10385,0,0,10385,10499,10335,248570,61600,30800,0,0,0,0,1009,0,1029,0,0,26790.4,0.423854,0,0,0,10385,0,0,0,0,0,0,0,0,0,0,0,0
281,340461476,100,10366,0,0,10366,10486,10247,248969,66200,33100,0,0,0,0,999,0,1018,0,0,26391.7,0.434909,0,0,0,10366,0,0,0,0,0,0,0,0,0,0,0,0
282,340461476,100,10324,0,0,10324,10430,10285,248658,63200,31600,0,0,0,0,972,0,1014,0,0,26703,0.398666,0,0,0,10324,0,0,0,0,0,0,0,0,0,0,0,0
283,340461476,100,10263,0,0,10263,10425,10178,248909,58400,29200,0,0,0,0,967,0,1028,0,0,26452.3,0.422516,0,0,0,10263,0,0,0,0,0,0,0,0,0,0,0,0
284,340461476,100,10315,0,0,10315,10502,10213,248634,65600,32800,0,0,0,0,987,0,935,0,0,26727.6,0.45295,0,0,0,10315,0,0,0,0,0,0,0,0,0,0,0,0
285,340461476,100,10319,0,0,10319,10491,10367,248611,65800,32900,0,0,0,0,954,0,950,0,0,26750.8,0.407432,0,0,0,10319,0,0,0,0,0,0,0,0,0,0,0,0
286,340461476,100,10354,0,0,10354,10475,10307,248938,67200,33600,0,0,0,0,1007,0,972,0,0,26424.1,0.406548,0,0,0,10354,0,0,0,0,0,0,0,0,0,0,0,0
287,340461476,100,10281,0,0,10281,10439,10407,248676,65600,32800,0,0,0,0,946,0,1019,0,0,26686.3,0.393216,0,0,0,10281,0,0,0,0,0,0,0,0,0,0,0,0
288,340461476,100,10287,0,0,10287,10461,10250,248781,61400,30700,0,0,0,0,1005,0,999,0,0,26581.6,0.406804,0,0,0,10287,0,0,0,0,0,0,0,0,0,0,0,0
289,340461476,100,10342,0,0,10342,10541,10202,248694,65000,32500,0,0,0,0,992,0,937,0,0,26668.8,0.432925,0,0,0,10342,0,0,0,0,0,0,0,0,0,0,0,0
290,340461476,100,10336,0,0,10336,10494,10201,248815,61600,30800,0,0,0,0,980,0,986,0,0,26548.1,0.41029,0,0,0,10336,0,0,0,0,0,0,0,0,0,0,0,0
291,340461476,100,10301,0,0,10301,10515,10151,248595,62800,31400,0,0,0,0,1000,0,1035,0,0,26768.3,0.430975,0,0,0,10301,0,0,0,0,0,0,0,0,0,0,0,0
292,340461476,100,10272,0,0,10272,10458,10171,248619,62600,31300,0,0,0,0,978,0,1007,0,0,26744.5,0.426247,0,0,0,10272,0,0,0,0,0,0,0,0,0,0,0,0
293,340461476,100,10313,0,0,10313,10503,10103,248744,70400,35200,0,0,0,0,1009,0,968,0,0,26619.7,0.427228,0,0,0,10313,0,0,0,0,0,0,0,0,0,0,0,0
294,340461476,100,10363,0,0,10363,10458,10207,248743,67200,33600,0,0,0,0,968,0,918,0,0,26620.9,0.378121,0,0,0,10363,0,0,0,0,0,0,0,0,0,0,0,0
295,340461476,100,10343,0,0,10343,10442,10115,248822,63600,31800,0,0,0,0,991,0,1011,0,0,26542.1,0.396144,0,0,0,10343,0,0,0,0,0,0,0,0,0,0,0,0
296,340461476,100,10346,0,0,10346,10466,10124,248654,68600,34300,0,0,0,0,970,0,967,0,0,26710.3,0.417329,0,0,0,10346,0,0,0,0,0,0,0,0,0,0,0,0
297,340461476,100,10390,0,0,10390,10406,10227,248821,66200,33100,0,0,0,0,1033,0,989,0,0,26543.5,0.389363,0,0,0,10390,0,0,0,0,0,0,0,0,0,0,0,0
298,340461476,100,10385,0,0,10385,10408,10210,248870,62400,31200,0,0,0,0,1019,0,1024,0,0,26494.6,0.400959,0,0,0,10385,0,0,0,0,0,0,0,0,0,0,0,0
299,340461476,100,10353,0,0,10353,10381,10315,248884,60800,30400,0,0,0,0,978,0,1010,0,0,26480.8,0.424593,0,0,0,10353,0,0,0,0,0,0,0,0,0,0,0,0
300,340461476,100,10393,0,0,10393,10354,10340,248740,67600,33800,0,0,0,0,995,0,955,0,0,26624.9,0.435539,0,0,0,10393,0,0,0,0,0,0,0,0,0,0,0,0
301,340461476,100,10427,0,0,10427,10340,10179,248940,63200,31600,0,0,0,0,1025,0,991,0,0,26425.1,0.39386,0,0,0,10427,0,0,0,0,0,0,0,0,0,0,0,0
302,340461476,100,10436,0,0,10436,10383,10213,248871,63600,31800,0,0,0,0,975,0,966,0,0,26494.3,0.418119,0,0,0,10436,0,0,0,0,0,0,0,0,0,0,0,0
303,340461476,100,10482,0,0,10482,10352,10258,248557,62000,31000,0,0,0,0,1018,0,972,0,0,26808.4,0.416576,0,0,0,10482,0,0,0,0,0,0,0,0,0,0,0,0
304,340461476,100,10501,0,0,10501,10335,10289,248992,61000,30500,0,0,0,0,988,0,969,0,0,26373.5,0.432394,0,0,0,10501,0,0,0,0,0,0,0,0,0,0,0,0
305,340461476,100,10502,0,0,10502,10381,10262,248774,61400,30700,0,0,0,0,991,0,990,0,0,26591.7,0.432353,0,0,0,10502,0,0,0,0,0,0,0,0,0,0,0,0
306,340461476,100,10543,0,0,10543,10373,10249,249109,62800,31400,0,0,0,0,1026,0,985,0,0,26256.8,0.433089,0,0,0,10543,0,0,0,0,0,0,0,0,0,0,0,0
307,340461476,100,10467,0,0,10467,10383,10326,248804,67600,33800,0,0,0,0,950,0,1026,0,0,26561.9,0.418102,0,0,0,10467,0,0,0,0,0,0,0,0,0,0,0,0
308,340461476,100,10563,0,0,10563,10436,10292,248617,67400,33700,0,0,0,0,1010,0,914,0,0,26749,0.392928,0,0,0,10563,0,0,0,0,0,0,0,0,0,0,0,0
309,340461476,100,10575,0,0,10575,10369,10212,248827,61000,30500,0,0,0,0,1026,0,1014,0,0,26539.2,0.39687,0,0,0,10575,0,0,0,0,0,0,0,0,0,0,0,0
310,340461476,100,10526,0,0,10526,10344,10251,248376,71200,35600,0,0,0,0,1031,0,1080,0,0,26990.3,0.435068,0,0,0,10526,0,0,0,0,0,0,0,0,0,0,0,0
311,340461476,100,10147,0,0,10147,10337,10140,248598,67000,33500,0,0,4230,0,1014,0,978,0,415,26768.3,0.379077,0,0,0,10147,0,0,0,4230,0,0,0,0,0,0,0,0
312,340461476,100,9889,0,0,9889,10367,10185,248380,69800,34900,0,0,2325,0,960,0,988,0,230,26986.4,0.399528,0,0,0,9889,0,0,0,2325,0,0,0,0,0,0,0,0
313,340461476,100,9782,0,0,9782,10319,10183,248944,67600,33800,0,0,1595,0,959,0,894,0,172,26422.5,0.386625,0,0,0,9782,0,0,0,1595,0,0,0,0,0,0,0,0
314,340461476,100,9554,0,0,9554,10384,10265,248690,634600,317300,0,0,2648,0,984,0,945,0,267,26676.6,0.390866,0,0,0,9554,0,0,0,2648,0,0,0,0,0,0,0,0
315,340461476,100,9378,0,0,9378,10393,10258,249021,345800,172900,0,0,2406,0,974,0,922,0,228,26345.7,0.0420369,0,0,0,9378,0,0,0,2406,0,0,0,0,0,0,0,0
316,340461476,100,9264,0,0,9264,10386,10282,249014,228800,114400,0,0,2016,0,971,0,905,0,180,26352.8,0.0761877,0,0,0,9264,0,0,0,2016,0,0,0,0,0,0,0,0
317,340461476,100,9137,0,0,9137,10286,10351,248492,387600,193800,0,0,2153,0,992,0,906,0,213,26874.9,0.115178,0,0,0,9137,0,0,0,2153,0,0,0,0,0,0,0,0
318,340461476,100,9116,0,0,9116,10352,10321,248453,348800,174400,0,0,2232,0,1038,0,834,0,225,26914,0.0693367,0,0,0,9116,0,0,0,2232,0,0,0,0,0,0,0,0
319,340461476,100,9004,0,0,9004,10373,10297,249279,305800,152900,0,0,2110,0,981,0,869,0,224,26088.1,0.0771617,0,0,0,9004,0,0,0,2110,0,0,0,0,0,0,0,0
320,340461476,100,8907,0,0,8907,10363,10141,248795,316800,158400,0,0,2115,0,976,0,856,0,217,26572.2,0.085311,0,0,0,8907,0,0,0,2115,0,0,0,0,0,0,0,0
321,340461476,100,8841,0,0,8841,10349,10088,248666,336200,168100,0,0,2067,0,965,0,831,0,200,26701.2,0.0838768,0,0,0,8841,0,0,0,2067,0,0,0,0,0,0,0,0
322,340461476,100,8755,0,0,8755,10347,10136,248642,310200,155100,0,0,2116,0,993,0,852,0,227,26725.3,0.0794206,0,0,0,8755,0,0,0,2116,0,0,0,0,0,0,0,0
323,340461476,100,8690,0,0,8690,10494,10061,249195,307400,153700,0,0,2008,0,988,0,856,0,197,26172.3,0.086155,0,0,0,8690,0,0,0,2008,0,0,0,0,0,0,0,0
324,340461476,100,8601,0,0,8601,10472,10122,248708,311800,155900,0,0,2038,0,909,0,803,0,195,26659.4,0.085141,0,0,0,8601,0,0,0,2038,0,0,0,0,0,0,0,0
325,340461476,100,8539,0,1,8538,10421,10124,248214,308000,154000,0,0,1981,0,987,0,834,0,215,27153.5,0.0855016,0,0,0,8538,1,0,0,1981,0,0,1,0,2,0,0,0
326,340461476,100,8450,0,18,8432,10455,10128,248821,297200,148600,0,0,1999,0,948,0,821,0,216,26546.5,0.0881606,0,0,0,8432,18,0,0,1999,0,0,18,0,45,0,0,0
327,340461476,100,8436,0,61,8375,10393,10109,248887,308200,154100,0,0,2050,0,986,0,802,0,198,26480.6,0.0893221,0,0,0,8375,61,0,0,2050,0,0,61,0,212,0,0,0
328,340461476,100,8455,0,177,8278,10421,10187,248648,291400,145700,0,0,1971,0,1013,0,802,0,192,26719.7,0.0859202,0,0,0,8278,177,0,0,1971,0,0,177,0,600,0,0,0
329,340461476,100,8417,0,290,8127,10363,10211,248963,292320,146160,0,0,1948,0,975,0,824,0,189,26404.7,0.0916941,0,0,0,8127,290,0,0,1944,4,0,291,0,998,0,0,0
330,340461476,100,8314,0,430,7884,10350,10273,249038,301920,150960,0,0,1967,0,945,0,849,0,199,26329.8,0.0903281,0,0,0,7884,430,0,0,1953,14,0,436,0,1521,0,0,0
331,340461476,100,8337,0,575,7762,10343,10352,248749,283160,141580,0,0,1938,0,1011,0,791,0,197,26618.8,0.0872078,0,0,0,7762,575,0,0,1892,46,0,587,0,2065,0,0,0
332,340461476,100,8355,0,688,7667,10331,10338,249059,297400,148700,0,0,1985,0,1006,0,795,0,193,26308.9,0.0940064,0,0,0,7667,688,0,0,1914,71,0,704,0,2511,0,0,0
333,340461476,100,8366,0,803,7563,10354,10355,248655,288080,144040,0,0,1963,0,985,0,782,0,192,26712.9,0.088463,0,0,0,7563,803,0,0,1859,104,0,832,0,2858,0,0,0
334,340461476,100,8376,0,851,7525,10315,10386,248244,279280,139640,0,0,1970,0,996,0,801,0,185,27124,0.0927275,0,0,0,7525,851,0,0,1833,137,0,891,0,3052,0,0,0
335,340461476,100,8462,0,935,7527,10312,10403,248610,293480,146740,0,0,1956,0,1032,0,749,0,197,26758,0.0971211,0,0,0,7527,935,0,0,1819,137,0,988,0,3370,0,0,0
336,340461476,100,8433,0,997,7436,10353,10209,248843,281640,140820,0,0,1966,0,1006,0,839,0,196,26525,0.0911749,0,0,0,7436,997,0,0,1811,155,0,1064,0,3592,0,0,0
337,340461476,100,8377,0,1059,7318,10416,10154,248655,291520,145760,0,0,2029,0,956,0,808,0,204,26713.1,0.0941806,0,0,0,7318,1059,0,0,1862,167,0,1139,0,3854,0,0,0
338,340461476,100,8319,0,1110,7209,10443,10103,248478,282800,141400,0,0,1928,0,946,0,807,0,197,26890.1,0.0916337,0,0,0,7209,1110,0,0,1763,165,0,1196,0,4104,0,0,0
339,340461476,100,8322,0,1163,7159,10402,9930,248698,278200,139100,0,0,1962,0,1014,0,798,0,213,26670.1,0.0950852,0,0,0,7159,1163,0,0,1759,203,0,1261,0,4308,0,0,0
340,340461476,100,8270,0,1174,7096,10370,9956,248777,295200,147600,0,0,1986,0,931,0,803,0,180,26591.2,0.0958667,0,0,0,7096,1174,0,0,1785,201,0,1277,0,4386,0,0,0
341,340461476,100,8326,0,1151,7175,10351,10023,248829,274880,137440,0,0,1925,0,1048,0,802,0,190,26539.2,0.0900784,0,0,0,7175,1151,0,0,1725,200,0,1255,0,4274,0,0,0
342,340461476,100,8272,4,1157,7111,10336,10051,248645,272760,136380,0,0,1946,0,951,0,806,0,199,26723.2,0.0965483,0,0,0,7111,1157,2,2,1724,222,0,1271,4,4258,87178,0,0
343,340461476,100,8198,14,1186,6998,10294,10120,248791,283200,141600,0,0,1994,1,904,0,783,0,195,26577.3,0.0979734,1,1,0,6998,1186,5,9,1789,204,1,1304,14,4389,603634,0,0
344,340461476,100,8174,25,1182,6967,10302,10120,248831,284120,142060,0,0,1962,3,933,0,746,0,211,26537.3,0.0938462,3,3,0,6967,1182,11,14,1729,230,3,1313,25,4374,911113,0,0
345,340461476,100,8186,45,1199,6942,10312,10143,248825,280000,140000,0,0,1844,5,974,0,782,0,180,26543.3,0.0934017,5,5,0,6942,1199,28,17,1633,206,5,1330,45,4412,1715065,0,0
346,340461476,100,8212,56,1209,6947,10297,10036,248764,284360,142180,0,0,1965,11,991,0,772,0,193,26604.3,0.0947975,11,11,0,6947,1209,34,22,1728,226,11,1345,57,4494,2204481,0,0
347,340461476,100,8244,78,1189,6977,10252,10127,248915,279200,139600,0,0,1898,11,986,0,763,0,191,26453.4,0.0935587,11,11,0,6977,1189,49,29,1666,221,11,1328,81,4490,2828919,0,0
348,340461476,100,8167,81,1182,6904,10291,10213,248902,263000,131500,0,0,1974,22,931,0,805,0,203,26466.4,0.094747,22,22,0,6904,1182,57,24,1757,195,22,1315,83,4541,2854365,0,0
349,340461476,100,8179,94,1143,6942,10305,10155,249093,284720,142360,0,0,1950,16,993,0,776,0,205,26275.4,0.100633,16,16,0,6942,1143,65,29,1707,227,16,1281,96,4383,3245719,0,0
350,340461476,100,8149,98,1117,6934,10275,10241,248820,274280,137140,0,0,1872,26,958,0,791,0,197,26548.5,0.0922852,26,26,0,6934,1117,66,32,1647,199,26,1257,101,4314,3180395,0,0
351,340461476,100,8251,100,1138,7013,10298,10213,248800,278320,139160,0,0,1926,23,990,0,693,0,195,26568.5,0.0967933,23,23,0,7013,1138,68,32,1685,218,23,1281,106,4362,3323726,0,0
352,340461476,100,8220,118,1096,7006,10362,10246,248409,290000,145000,0,0,1963,30,978,0,827,0,182,26959.5,0.0954603,30,30,0,7006,1096,87,31,1726,207,30,1239,124,4297,3675128,0,0
353,340461476,100,8319,123,1059,7137,10391,10125,248681,265640,132820,0,0,1938,19,1053,0,774,0,180,26687.6,0.0929639,19,19,0,7137,1059,89,34,1726,193,19,1193,133,4216,3997635,0,0
354,340461476,100,8258,116,1021,7121,10373,10236,248450,272840,136420,0,0,1958,28,939,0,799,0,201,26918.6,0.100465,28,28,0,7121,1021,83,33,1736,194,28,1148,125,4034,3747442,0,0
355,340461476,100,8313,111,987,7215,10320,10233,248591,288880,144440,0,0,1915,37,1017,0,759,0,203,26777.6,0.0986607,37,37,0,7215,987,81,30,1683,195,37,1101,119,3888,3510920,0,0
356,340461476,100,8290,118,939,7233,10341,10256,248448,279920,139960,0,0,1961,24,983,0,799,0,207,26920.7,0.0926946,24,24,0,7233,939,87,31,1745,192,24,1049,128,3682,3519829,0,0
357,340461476,100,8359,119,882,7358,10317,10289,248476,282920,141460,0,0,1963,19,1032,0,776,0,187,26892.7,0.0961727,19,19,0,7358,882,89,30,1766,178,19,986,129,3426,3492399,0,0
358,340461476,100,8322,125,813,7384,10333,10292,248787,277400,138700,0,0,1973,31,1006,0,832,0,211,26581.7,0.095054,31,31,0,7384,813,98,27,1778,164,31,900,139,3151,3794985,0,0
359,340461476,100,8339,124,748,7467,10340,10249,248867,282320,141160,0,0,2000,25,1009,0,777,0,215,26501.8,0.0958245,25,25,0,7467,748,96,28,1805,170,25,827,139,2880,3663741,0,0
360,340461476,100,8359,131,666,7562,10385,10191,248744,287600,143800,0,0,1955,30,1016,0,775,0,221,26624.8,0.0938713,30,30,0,7562,666,104,27,1788,137,30,739,148,2521,3999309,0,0
361,340461476,100,8257,132,584,7541,10407,10341,248555,279000,139500,0,0,1988,26,957,0,836,0,223,26813.8,0.0925756,26,26,0,7541,584,107,25,1820,142,26,651,149,2220,4165660,0,0
362,340461476,100,8285,138,507,7640,10405,10254,248974,283120,141560,0,0,1970,33,1017,0,806,0,183,26394.8,0.0961066,33,33,0,7640,507,110,28,1804,133,33,563,157,1896,4611188,0,0
363,340461476,100,8334,141,448,7745,10434,10247,248725,280840,140420,0,0,1938,38,1013,0,767,0,197,26643.8,0.0932281,38,38,0,7745,448,116,25,1809,91,38,499,160,1642,4560606,0,0
364,340461476,100,8337,138,386,7813,10444,10169,248904,286720,143360,0,0,1957,29,1001,0,779,0,219,26464.8,0.0948716,29,29,0,7813,386,114,24,1833,95,29,427,153,1401,4481956,0,0
365,340461476,100,8367,132,329,7906,10433,10224,248226,300840,150420,0,0,1929,33,1028,0,786,0,212,27142.8,0.0923017,33,33,0,7906,329,110,22,1796,100,33,364,144,1181,4449161,0,0
366,340461476,100,8316,133,271,7912,10459,10252,249150,280160,140080,0,0,2051,33,970,0,818,0,203,26218.8,0.0902232,33,33,0,7912,271,116,17,1935,83,33,299,145,972,4323199,0,0
367,340461476,100,8325,130,212,7983,10417,10198,249048,284720,142360,0,0,1959,25,984,0,772,0,203,26320.8,0.0935849,25,25,0,7983,212,112,18,1892,42,25,237,142,754,4084957,0,0
368,340461476,100,8311,127,170,8014,10405,10142,248575,278840,139420,0,0,1901,30,969,0,782,0,201,26793.8,0.0924443,30,30,0,8014,170,114,13,1826,45,30,188,136,588,3957207,0,0
369,340461476,100,8311,125,132,8054,10452,10232,248584,309160,154580,0,0,1900,30,997,0,802,0,195,26784.8,0.09609,30,30,0,8054,132,115,10,1830,40,30,143,137,412,4034306,0,0
370,340461476,100,8363,119,105,8139,10446,10108,248480,289360,144680,0,0,1943,26,1043,0,801,0,190,26888.8,0.0866372,26,26,0,8139,105,112,7,1889,28,26,113,128,322,3631738,0,0
371,340461476,100,8374,114,83,8177,10345,10130,248758,282840,141420,0,0,2057,29,1027,0,814,0,202,26610.8,0.0929249,29,29,0,8177,83,107,7,2008,20,29,91,120,271,3283511,0,0
372,340461476,100,8344,105,89,8150,10341,10152,249010,282800,141400,0,0,1974,26,995,0,787,0,238,26358.8,0.0940841,26,26,0,8150,89,101,4,1935,13,26,95,111,312,2830380,0,0
373,340461476,100,8406,103,106,8197,10357,10029,248886,287640,143820,0,0,1931,23,1035,0,786,0,187,26482.8,0.0932063,23,23,0,8197,106,98,5,1897,11,23,116,109,345,2850566,0,0
374,340461476,100,8379,88,205,8086,10375,10041,248904,304080,152040,0,0,2038,27,949,0,778,0,198,26464.8,0.0920691,27,27,0,8086,205,82,6,2002,9,27,220,94,724,2436720,0,0
375,340461476,100,8352,77,334,7941,10423,10146,248603,279040,139520,0,0,1948,20,974,0,818,0,183,26765.8,0.0870322,20,20,0,7941,334,71,6,1909,19,20,375,83,1121,2208610,0,0
376,340461476,100,8307,63,580,7664,10331,10116,249002,286360,143180,0,0,1839,21,985,0,845,0,185,26366.8,0.0959208,21,21,0,7664,580,57,6,1798,20,21,682,68,1973,1619732,0,0
377,340461476,100,8276,56,1042,7178,10315,10128,248539,303360,151680,0,0,2096,10,986,0,772,0,245,26829.8,0.0920755,10,10,0,7178,1042,47,9,2024,62,10,1301,59,3646,1407915,0,0
378,340461476,100,8295,48,1529,6718,10299,10125,249088,281400,140700,0,0,2024,19,976,0,759,0,198,26280.8,0.088442,19,19,0,6718,1529,33,15,1927,78,19,2058,50,5368,1064023,0,0
379,340461476,100,8305,38,2108,6159,10398,10032,248253,266560,133280,0,0,1919,9,1012,0,820,0,182,27115.8,0.0933929,9,9,0,6159,2108,27,11,1785,125,9,2979,41,7402,820038,0,0
380,340461476,100,8206,32,2664,5510,10327,10150,248712,277480,138740,0,0,1940,4,948,0,853,0,194,26656.8,0.101725,4,4,0,5510,2664,23,9,1673,263,4,4053,35,9598,708210,0,0
381,340461476,100,8166,26,3275,4865,10269,10182,248437,279240,139620,0,0,1929,8,940,0,785,0,195,26931.8,0.0960673,8,8,0,4865,3275,17,9,1586,335,8,5420,29,12208,550247,0,0
382,340461476,100,8221,19,3858,4344,10239,10078,249205,255520,127760,0,0,1945,6,1017,0,776,0,186,26163.8,0.0964466,6,6,0,4344,3858,12,7,1476,463,6,7041,21,15062,410305,0,0
383,340461476,100,8222,15,4351,3856,10222,10234,248569,268400,134200,0,0,1951,5,975,0,749,0,225,26799.8,0.102394,5,5,0,3856,4351,6,9,1366,580,5,8586,16,17910,324736,0,0
384,340461476,100,8268,12,4734,3522,10259,10222,248715,250920,125460,0,0,1925,3,1043,0,783,0,214,26653.8,0.09985,3,3,0,3522,4734,3,9,1243,679,3,10354,13,20643,250636,0,0
385,340461476,100,8327,9,5132,3186,10246,10260,248989,250880,125440,0,0,1942,3,1013,0,752,0,202,26379.8,0.106224,3,3,0,3186,5132,2,7,1195,744,3,12189,10,23450,166648,0,0
386,340461476,100,8335,9,5390,2936,10231,10371,248706,241280,120640,0,0,1961,1,978,0,778,0,192,26662.8,0.105149,1,1,0,2936,5390,2,7,1095,865,1,13911,10,25748,187450,0,0
387,340461476,100,8359,7,5670,2682,10239,10107,249149,239560,119780,0,0,2015,3,988,0,768,0,196,26219.8,0.110505,3,3,0,2682,5670,2,5,1060,952,3,16047,8,28720,113175,0,0
388,340461476,100,8326,13,5798,2515,10270,10203,248707,243440,121720,0,0,1960,1,970,0,786,0,217,26661.8,0.10945,1,1,0,2515,5798,3,10,949,1010,1,17756,14,30749,398438,0,0
389,340461476,100,8338,19,5902,2417,10284,10219,248857,238760,119380,0,0,1980,4,1038,0,822,0,204,26511.8,0.109521,4,4,0,2417,5902,2,17,956,1020,4,19584,20,32867,409839,0,0
390,340461476,100,8381,36,5976,2369,10312,10194,248495,242160,121080,0,0,1997,9,1013,0,757,0,213,26873.8,0.111039,9,9,0,2369,5976,1,35,906,1082,9,21542,37,34968,1047931,0,0
391,340461476,100,8220,45,6053,2122,10250,10429,249140,242400,121200,0,0,2043,7,858,0,785,0,234,26228.8,0.110975,7,7,0,2122,6053,1,44,935,1101,7,23262,47,36689,1192406,0,0
392,340461476,100,8306,75,5986,2245,10206,10254,249024,245600,122800,0,0,1851,9,1022,0,763,0,173,26344.8,0.108204,9,9,0,2245,5986,1,74,761,1081,9,24836,114,38148,2033305,0,0
393,340461476,100,8289,134,5938,2217,10282,10152,248591,239160,119580,0,0,1938,14,1003,0,832,0,188,26777.8,0.107267,14,14,0,2217,5938,4,130,835,1089,14,26060,258,38967,3978189,0,0
394,340461476,100,8268,187,5844,2237,10322,10101,248934,242280,121140,0,0,1957,40,991,0,817,0,195,26434.8,0.111966,40,40,0,2237,5844,1,186,799,1118,40,27307,503,39913,5674964,0,0
395,340461476,100,8267,270,5807,2190,10303,10143,248858,226920,113460,0,0,1942,42,981,0,777,0,205,26510.8,0.109108,42,42,0,2190,5807,1,269,848,1052,42,28491,766,40795,8718362,0,0
396,340461476,100,8265,345,5765,2155,10250,10199,248360,237760,118880,0,0,1943,44,969,0,758,0,213,27008.8,0.116829,44,44,0,2155,5765,1,344,837,1062,44,29680,1107,41612,11366374,0,0
397,340461476,100,8180,416,5671,2093,10308,10166,248626,237320,118660,0,0,1925,70,956,0,840,0,201,26742.8,0.113597,70,70,0,2093,5671,1,415,835,1020,70,30419,1398,41850,13737961,0,0
398,340461476,100,8176,482,5598,2096,10310,10134,248999,236760,118380,0,0,1921,109,985,0,775,0,214,26369.8,0.112686,109,109,0,2096,5598,1,481,827,985,109,30936,1792,41895,16305207,0,0
399,340461476,100,8193,540,5530,2123,10356,10128,248865,239120,119560,0,0,1930,120,1006,0,758,0,231,26503.8,0.111378,120,120,0,2123,5530,1,539,788,1022,120,31519,2160,42075,19058977,0,0
400,340461476,100,8163,573,5497,2093,10372,10196,248623,239760,119880,0,0,1935,105,976,0,790,0,216,26745.8,0.110839,105,105,0,2093,5497,2,571,838,992,105,31953,2650,42279,21233894,0,0
401,340461476,100,8129,593,5444,2092,10376,10192,248844,235200,117600,0,0,1930,145,1016,0,807,0,243,26524.8,0.111552,145,145,0,2092,5444,1,592,822,963,145,32021,3199,42197,22834643,0,0
402,340461476,100,8084,611,5406,2067,10395,10306,248708,234200,117100,0,0,1903,130,955,0,775,0,225,26660.8,0.112775,130,130,0,2067,5406,2,609,793,980,130,32201,3745,42234,25040055,0,0
403,340461476,100,8081,616,5413,2052,10422,10314,248819,237440,118720,0,0,1939,135,971,0,756,0,218,26549.8,0.113838,135,135,0,2052,5413,2,614,806,998,135,32284,4127,42147,26233299,0,0
404,340461476,100,8148,639,5436,2073,10393,10289,248924,238720,119360,0,0,1967,148,1017,0,754,0,196,26444.8,0.111817,148,148,0,2073,5436,2,637,814,1005,148,32528,4745,42307,28468786,0,0
405,340461476,100,8161,650,5500,2011,10394,10239,248689,237960,118980,0,0,1934,128,994,0,780,0,201,26679.8,0.110777,128,128,0,2011,5500,1,649,877,929,128,32707,5353,42627,29562106,0,0
406,340461476,100,8232,659,5528,2045,10430,10132,248776,239800,119900,0,0,1954,151,1022,0,723,0,228,26592.8,0.112119,151,151,0,2045,5528,1,658,801,1002,151,32848,5963,42923,30893414,0,0
407,340461476,100,8193,656,5481,2056,10430,10114,249102,244000,122000,0,0,1894,152,969,0,795,0,213,26266.8,0.110896,152,152,0,2056,5481,1,655,787,955,152,32401,6494,42358,31601069,0,0
408,340461476,100,8260,646,5475,2139,10457,10031,248826,236160,118080,0,0,1999,149,1047,0,740,0,240,26542.8,0.107651,149,149,0,2139,5475,3,643,833,1017,149,32046,6919,42016,31879657,0,0
409,340461476,100,8183,619,5474,2090,10441,10121,248411,235360,117680,0,0,1999,150,952,0,795,0,234,26957.8,0.112393,150,150,0,2090,5474,3,616,842,1007,150,31683,7047,41682,30997812,0,0
410,340461476,100,8197,584,5502,2111,10314,10222,248988,233680,116840,0,0,1949,150,980,0,740,0,226,26380.8,0.114538,150,150,0,2111,5502,2,582,814,985,150,31243,7233,41530,30795171,0,0
411,340461476,100,8218,593,5469,2156,10305,10371,248759,241400,120700,0,0,1868,120,990,0,745,0,224,26609.8,0.112893,120,120,0,2156,5469,2,591,792,956,120,30759,7486,41399,30677519,0,0
412,340461476,100,8213,607,5419,2187,10312,10316,248778,243040,121520,0,0,1981,148,979,0,775,0,209,26590.8,0.110231,148,148,0,2187,5419,2,605,813,1020,148,30593,8089,41688,32217493,0,0
413,340461476,100,8134,604,5243,2287,10351,10356,248959,243040,121520,0,0,1975,144,1017,0,846,0,250,26409.8,0.109409,144,144,0,2287,5243,2,602,826,1005,144,29499,8232,40645,31978441,0,0
414,340461476,100,8104,584,5158,2362,10405,10391,248637,229280,114640,0,0,1916,125,984,0,786,0,228,26731.8,0.108664,125,125,0,2362,5158,4,580,839,952,125,28540,8035,39845,30698146,0,0
415,340461476,100,8169,585,5027,2557,10466,10249,249086,243400,121700,0,0,1966,143,1023,0,748,0,210,26282.8,0.11659,143,143,0,2557,5027,2,583,833,990,143,27400,8314,38762,31306307,0,0
416,340461476,100,8196,611,4946,2639,10466,10339,248904,237680,118840,0,0,1963,132,974,0,731,0,216,26464.8,0.107982,132,132,0,2639,4946,1,610,916,915,132,26402,8646,37796,32766161,0,0
417,340461476,100,8237,617,4796,2824,10470,10229,248625,234000,117000,0,0,1897,127,1020,0,776,0,203,26743.8,0.111346,127,127,0,2824,4796,1,616,864,906,127,25014,8967,36124,33347609,0,0
418,340461476,100,8247,629,4604,3014,10487,10193,248788,252360,126180,0,0,1936,141,1015,0,792,0,213,26580.8,0.11429,141,141,0,3014,4604,2,627,868,927,141,23722,9064,34486,33645385,0,0
419,340461476,100,8147,611,4462,3074,10480,10342,248398,248080,124040,0,0,1945,139,943,0,802,0,241,26970.8,0.105329,139,139,0,3074,4462,4,607,968,838,139,22096,8967,32719,32797514,0,0
420,340461476,100,8194,620,4312,3262,10477,10365,248665,239040,119520,0,0,1937,134,1006,0,742,0,217,26703.8,0.108718,134,134,0,3262,4312,7,613,977,826,134,20789,8906,31145,32516166,0,0
421,340461476,100,8174,624,4155,3395,10433,10376,248805,247560,123780,0,0,2004,146,1000,0,786,0,234,26563.8,0.111712,146,146,0,3395,4155,9,615,1005,853,146,19423,8949,29523,32726866,0,0
422,340461476,100,8198,617,3995,3586,10452,10260,248868,242840,121420,0,0,1922,140,1037,0,788,0,225,26500.8,0.107302,140,140,0,3586,3995,11,606,1008,774,140,18168,8789,28003,32232810,0,0
423,340461476,100,8203,613,3877,3713,10512,10340,248850,251440,125720,0,0,1936,134,1008,0,761,0,242,26518.8,0.109128,134,134,0,3713,3877,12,601,1066,736,134,16893,8411,26424,30843378,0,0
424,340461476,100,8270,612,3793,3865,10528,10285,248982,262680,131340,0,0,2011,144,1034,0,743,0,224,26386.8,0.105468,144,144,0,3865,3793,16,596,1106,761,144,15882,8287,25147,31354952,0,0
425,340461476,100,8288,614,3727,3947,10519,10248,248537,245640,122820,0,0,1958,130,1015,0,779,0,218,26831.8,0.100452,130,130,0,3947,3727,22,592,1115,713,130,15105,8656,24301,32125847,0,0
426,340461476,100,8242,590,3690,3962,10507,10199,248697,249320,124660,0,0,1927,130,975,0,810,0,211,26671.8,0.109232,130,130,0,3962,3690,33,557,1129,668,130,14225,8404,23033,31462783,0,0
427,340461476,100,8196,606,3584,4006,10492,10139,248960,260640,130320,0,0,1996,134,998,0,830,0,214,26408.8,0.106978,134,134,0,4006,3584,45,561,1164,698,134,13474,8440,22057,32396918,0,0
428,340461476,100,8168,599,3557,4012,10514,10155,248719,254040,127020,0,0,1917,143,1005,0,823,0,210,26649.8,0.101323,143,143,0,4012,3557,57,542,1150,624,143,12903,8520,21293,33162885,0,0
429,340461476,100,8152,577,3590,3985,10509,10265,248310,243760,121880,0,0,1939,137,1006,0,763,0,259,27058.8,0.104904,137,137,0,3985,3590,52,525,1159,643,137,12531,7921,20911,31139443,0,0
430,340461476,100,8117,563,3657,3897,10495,10390,249006,265200,132600,0,0,1916,139,959,0,787,0,207,26362.8,0.111006,139,139,0,3897,3657,57,506,1151,626,139,12489,7647,21017,29854239,0,0
431,340461476,100,8108,551,3698,3859,10489,10200,248964,252240,126120,0,0,1963,135,1006,0,779,0,236,26404.8,0.0994071,135,135,0,3859,3698,64,487,1189,639,135,12251,7480,20887,29497267,0,0
432,340461476,100,8099,533,3759,3807,10476,10364,248461,246800,123400,0,0,1899,102,984,0,759,0,234,26907.8,0.104681,102,102,0,3807,3759,56,477,1172,625,102,12253,6866,20946,27841940,0,0
433,340461476,100,8141,497,3821,3823,10563,10262,248770,243200,121600,0,0,1915,131,984,0,727,0,215,26598.8,0.109027,131,131,0,3823,3821,49,448,1122,662,131,12227,6355,21193,25951418,0,0
434,340461476,100,8208,484,3859,3865,10553,10260,248813,258600,129300,0,0,1920,118,1010,0,733,0,210,26555.8,0.10937,118,118,0,3865,3859,58,426,1169,633,118,12143,6240,21227,25279685,0,0
435,340461476,100,8204,481,3910,3813,10453,10296,248800,243160,121580,0,0,1931,127,987,0,786,0,205,26568.8,0.10269,127,127,0,3813,3910,52,429,1122,682,127,12319,5885,21520,24346158,0,0
436,340461476,100,8292,461,3996,3835,10524,10166,248626,251560,125780,0,0,1948,106,1042,0,728,0,226,26742.8,0.109264,106,106,0,3835,3996,54,407,1122,720,106,12448,5645,21774,22908077,0,0
437,340461476,100,8357,469,4042,3846,10552,10121,248642,261400,130700,0,0,1984,117,999,0,739,0,195,26726.8,0.106308,117,117,0,3846,4042,53,416,1141,726,117,12686,5606,22218,23209486,0,0
438,340461476,100,8306,443,4083,3780,10530,10239,248461,251520,125760,0,0,1960,98,978,0,837,0,192,26907.8,0.102245,98,98,0,3780,4083,47,396,1133,729,98,12637,5089,22315,21688557,0,0
439,340461476,100,8358,426,4058,3874,10438,10188,249014,253160,126580,0,0,1984,87,1012,0,770,0,190,26354.8,0.106981,87,87,0,3874,4058,51,375,1129,768,87,12573,4637,22319,20120322,0,0
440,340461476,100,8299,424,4047,3828,10403,10243,248375,258800,129400,0,0,2001,97,957,0,803,0,213,26993.8,0.104103,97,97,0,3828,4047,47,377,1165,739,97,12533,4352,22257,19665267,0,0
441,340461476,100,8209,399,3982,3828,10386,10248,248824,258360,129180,0,0,1888,83,939,0,822,0,207,26544.8,0.104304,83,83,0,3828,3982,48,351,1088,717,83,12345,3943,21992,18648428,0,0
442,340461476,100,8205,405,3932,3868,10412,10213,248913,259360,129680,0,0,1898,104,994,0,793,0,205,26455.8,0.102743,104,104,0,3868,3932,44,361,1101,693,104,12231,3711,21915,17982965,0,0
443,340461476,100,8136,400,3856,3880,10437,10111,248655,261720,130860,0,0,1961,124,940,0,781,0,228,26713.8,0.102004,124,124,0,3880,3856,38,362,1101,736,124,11974,3477,21561,17470894,0,0
444,340461476,100,8171,403,3765,4003,10382,10157,248867,244560,122280,0,0,1915,87,1037,0,809,0,193,26501.8,0.10207,87,87,0,4003,3765,36,367,1091,737,87,11798,3570,21228,17631426,0,0
445,340461476,100,8123,424,3644,4055,10424,10133,248846,244160,122080,0,0,1887,82,943,0,801,0,190,26522.8,0.108365,82,82,0,4055,3644,39,385,1124,681,82,11546,3485,20820,18056043,0,0
446,340461476,100,8093,435,3559,4099,10434,10181,248880,252960,126480,0,0,1962,110,988,0,764,0,254,26488.8,0.108629,110,110,0,4099,3559,46,389,1179,673,110,11279,3588,20353,17991927,0,0
447,340461476,100,8106,478,3455,4173,10425,10203,248601,247800,123900,0,0,1956,96,982,0,755,0,214,26767.8,0.104715,96,96,0,4173,3455,56,422,1209,651,96,10971,3622,19986,19197921,0,0
448,340461476,100,8195,480,3393,4322,10365,10264,248516,255320,127660,0,0,1925,97,1058,0,750,0,219,26852.8,0.108022,97,97,0,4322,3393,64,416,1159,669,97,10684,3630,19560,19900221,0,0
449,340461476,100,8178,480,3386,4312,10356,10233,248719,260120,130060,0,0,2000,118,996,0,780,0,233,26649.8,0.105173,118,118,0,4312,3386,68,412,1268,614,118,10586,3480,19536,19964002,0,0
450,340461476,100,8228,488,3419,4321,10372,10252,248717,258360,129180,0,0,1950,119,1024,0,761,0,213,26651.8,0.102452,119,119,0,4321,3419,72,416,1234,597,119,10498,3348,19411,20236693,0,0
451,340461476,100,8192,491,3404,4297,10333,10300,248745,252800,126400,0,0,1948,120,970,0,782,0,224,26623.8,0.103157,120,120,0,4297,3404,80,411,1222,606,120,10210,3442,19126,20223360,0,0
452,340461476,100,8211,507,3430,4274,10418,10179,248889,261560,130780,0,0,1899,101,1031,0,793,0,219,26479.8,0.105315,101,101,0,4274,3430,75,432,1209,589,101,10137,3473,19044,20559195,0,0
453,340461476,100,8234,495,3449,4290,10441,10123,248771,260280,130140,0,0,1963,114,1016,0,774,0,219,26597.8,0.101238,114,114,0,4290,3449,68,427,1255,594,114,9909,3466,18749,20477462,0,0
454,340461476,100,8183,488,3503,4192,10391,10178,249023,256360,128180,0,0,1965,133,971,0,796,0,226,26345.8,0.102189,133,133,0,4192,3503,67,421,1235,597,133,9892,3429,18897,20376814,0,0
455,340461476,100,8091,481,3494,4116,10450,10319,248864,240520,120260,0,0,1866,105,946,0,816,0,222,26504.8,0.102769,105,105,0,4116,3494,61,420,1141,620,105,9806,3349,18951,20182174,0,0
456,340461476,100,8128,482,3556,4090,10451,10212,248993,257680,128840,0,0,1911,115,1013,0,773,0,203,26375.8,0.110198,115,115,0,4090,3556,62,420,1191,605,115,9810,3419,19170,19829822,0,0
457,340461476,100,8119,483,3613,4023,10430,10115,248683,258920,129460,0,0,1956,121,957,0,753,0,213,26685.8,0.102359,121,121,0,4023,3613,66,417,1193,642,121,9855,3357,19425,19996636,0,0
458,340461476,100,8075,461,3646,3968,10428,10081,248678,241160,120580,0,0,1918,94,977,0,817,0,204,26690.8,0.103066,94,94,0,3968,3646,58,403,1202,622,94,9841,3253,19336,19223672,0,0
459,340461476,100,8106,447,3697,3962,10447,10100,248782,241040,120520,0,0,1826,104,996,0,773,0,192,26586.8,0.110677,104,104,0,3962,3697,62,385,1130,592,104,9895,3107,19553,18592186,0,0
460,340461476,100,8132,438,3736,3958,10426,10087,248628,254280,127140,0,0,1978,105,947,0,724,0,197,26740.8,0.1103,105,105,0,3958,3736,68,370,1191,682,105,9969,2942,19772,17895261,0,0
461,340461476,100,8067,420,3792,3855,10479,10137,248017,255520,127760,0,0,1962,107,937,0,769,0,233,27351.8,0.105163,107,107,0,3855,3792,60,360,1175,680,107,10170,2872,20292,17164724,0,0
462,340461476,100,8101,412,3843,3846,10483,10119,249324,239160,119580,0,0,1823,104,1002,0,761,0,207,26044.8,0.107043,104,104,0,3846,3843,55,357,1074,645,104,10290,2799,20433,16953383,0,0
463,340461476,100,8070,387,3907,3776,10467,10227,248594,258960,129480,0,0,1923,96,968,0,794,0,205,26774.8,0.108901,96,96,0,3776,3907,44,343,1157,670,96,10436,2650,20694,16617717,0,0
464,340461476,100,8025,388,3896,3741,10384,10240,248703,249840,124920,0,0,1918,94,985,0,816,0,214,26665.8,0.103393,94,94,0,3741,3896,42,346,1111,713,94,10654,2576,20995,16782786,0,0
465,340461476,100,8085,390,3940,3755,10465,10180,248304,230640,115320,0,0,1855,91,990,0,731,0,199,27064.8,0.106731,91,91,0,3755,3940,40,350,1097,667,91,10920,2416,21588,16261448,0,0
466,340461476,100,8093,407,3960,3726,10443,10203,248483,255600,127800,0,0,1890,91,967,0,751,0,208,26885.8,0.117346,91,91,0,3726,3960,42,365,1105,694,91,11061,2633,21791,17105773,0,0
467,340461476,100,8078,396,3972,3710,10495,10202,248530,251200,125600,0,0,1942,90,984,0,781,0,218,26838.8,0.105187,90,90,0,3710,3972,40,356,1085,767,90,11205,2608,21904,16561179,0,0
468,340461476,100,8113,412,3942,3759,10419,10271,248627,244880,122440,0,0,1925,80,1022,0,768,0,219,26741.8,0.106842,80,80,0,3759,3942,47,365,1140,705,80,11195,2605,21854,16713626,0,0
469,340461476,100,8142,404,3971,3767,10377,10300,248962,242400,121200,0,0,1911,98,968,0,731,0,208,26406.8,0.109203,98,98,0,3767,3971,47,357,1138,675,98,11262,2535,21773,16535656,0,0
470,340461476,100,8196,409,3977,3810,10324,10360,248467,254680,127340,0,0,1941,89,992,0,749,0,189,26901.8,0.108939,89,89,0,3810,3977,47,362,1117,735,89,11343,2518,21842,16359732,0,0
471,340461476,100,8171,415,3949,3807,10365,10329,248678,250360,125180,0,0,1923,88,964,0,779,0,210,26690.8,0.10563,88,88,0,3807,3949,44,371,1129,706,88,11424,2455,21938,16273053,0,0
472,340461476,100,8175,418,3894,3863,10401,10333,248699,248800,124400,0,0,1964,97,1018,0,773,0,241,26669.8,0.106609,97,97,0,3863,3894,43,375,1145,722,97,11365,2371,21606,16499570,0,0
473,340461476,100,8212,427,3903,3882,10391,10209,248786,257160,128580,0,0,1955,99,1000,0,747,0,216,26582.8,0.107194,99,99,0,3882,3903,41,386,1159,697,99,11416,2435,21540,17058862,0,0
474,340461476,100,8193,442,3801,3950,10393,10121,248590,247960,123980,0,0,1933,104,1002,0,796,0,225,26778.8,0.10337,104,104,0,3950,3801,43,399,1108,721,104,11213,2454,21128,17935072,0,0
475,340461476,100,8258,443,3785,4030,10371,10106,248826,251800,125900,0,0,1946,93,1031,0,786,0,180,26542.8,0.107996,93,93,0,4030,3785,45,398,1185,668,93,11040,2402,20935,17831535,0,0
476,340461476,100,8237,436,3765,4036,10337,10267,248736,244600,122300,0,0,1874,96,969,0,776,0,214,26632.8,0.105412,96,96,0,4036,3765,47,389,1152,626,96,10745,2476,20389,18440634,0,0
477,340461476,100,8213,444,3710,4059,10311,10303,248610,252600,126300,0,0,1961,83,974,0,780,0,218,26758.8,0.108883,83,83,0,4059,3710,50,394,1144,734,83,10627,2524,20316,18945202,0,0
478,340461476,100,8171,446,3647,4078,10351,10271,248535,261240,130620,0,0,1979,99,991,0,803,0,230,26833.8,0.105933,99,99,0,4078,3647,54,392,1168,712,99,10349,2568,19853,18869754,0,0
479,340461476,100,8165,448,3577,4140,10367,10272,248866,251840,125920,0,0,1924,108,988,0,774,0,220,26502.8,0.102717,108,108,0,4140,3577,54,394,1150,666,108,10004,2475,19541,18101667,0,0
480,340461476,100,8167,463,3386,4318,10324,10135,249091,251440,125720,0,0,1848,94,1047,0,829,0,216,26277.8,0.105236,94,94,0,4318,3386,61,402,1137,617,94,9414,2573,18485,19174955,0,0
481,340461476,100,8185,455,3337,4393,10247,10139,248442,256880,128440,0,0,1965,101,1018,0,781,0,219,26926.8,0.104509,101,101,0,4393,3337,60,395,1220,644,101,9153,2501,18058,18744332,0,0
482,340461476,100,8196,444,3249,4503,10294,10153,249296,246520,123260,0,0,1921,112,1004,0,787,0,206,26072.8,0.104822,112,112,0,4503,3249,66,378,1187,622,112,8770,2481,17494,17934792,0,0
483,340461476,100,8159,440,3234,4485,10325,10234,248500,245240,122620,0,0,1918,104,963,0,775,0,225,26868.8,0.105763,104,104,0,4485,3234,62,378,1224,590,104,8541,2524,17185,17889536,0,0
484,340461476,100,8199,451,3209,4539,10296,10378,248919,259120,129560,0,0,1938,92,1005,0,756,0,209,26449.8,0.109561,92,92,0,4539,3209,67,384,1260,586,92,8335,2631,17013,18608309,0,0
485,340461476,100,8183,439,3170,4574,10270,10213,249144,258640,129320,0,0,2030,103,1010,0,798,0,228,26224.8,0.102075,103,103,0,4574,3170,61,378,1334,593,103,8029,2580,16558,18200462,0,0
486,340461476,100,8173,429,3074,4670,10329,10289,248482,252320,126160,0,0,1884,100,979,0,778,0,211,26886.8,0.101395,100,100,0,4670,3074,62,367,1242,542,100,7602,2619,15930,18538172,0,0
487,340461476,100,8208,432,3022,4754,10360,10261,248822,258240,129120,0,0,1953,101,986,0,702,0,249,26546.8,0.106558,101,101,0,4754,3022,78,354,1245,607,101,7242,2770,15356,19194382,0,0
488,340461476,100,8267,417,2962,4888,10361,10190,248828,277080,138540,0,0,1977,106,1025,0,745,0,221,26540.8,0.102799,106,106,0,4888,2962,87,330,1297,574,106,6872,2619,14818,18097844,0,0
489,340461476,100,8181,414,2897,4870,10353,10327,248721,251920,125960,0,0,1938,81,938,0,833,0,191,26647.8,0.0957873,81,81,0,4870,2897,94,320,1332,525,81,6425,2663,14333,17985679,0,0
490,340461476,100,8251,418,2791,5042,10408,10291,248164,262840,131420,0,0,1923,105,1049,0,758,0,221,27204.8,0.105779,105,105,0,5042,2791,99,319,1278,540,105,6118,2549,13822,17945294,0,0
491,340461476,100,8288,425,2732,5131,10374,10277,249149,268080,134040,0,0,1978,92,993,0,759,0,197,26219.8,0.103503,92,92,0,5131,2732,97,328,1370,516,92,5893,2573,13437,18178198,0,0
492,340461476,100,8288,416,2675,5197,10360,10215,248712,272280,136140,0,0,1967,99,986,0,768,0,218,26656.8,0.0978057,99,99,0,5197,2675,106,310,1351,517,99,5621,2487,12988,17410178,0,0
493,340461476,100,8278,424,2589,5265,10303,10212,248380,259240,129620,0,0,1952,93,1012,0,793,0,229,26988.8,0.097902,93,93,0,5265,2589,123,301,1385,474,93,5337,2423,12510,17426101,0,0
494,340461476,100,8304,402,2535,5367,10332,10196,248756,268120,134060,0,0,1943,88,1034,0,803,0,205,26612.8,0.104107,88,88,0,5367,2535,118,284,1362,493,88,5171,2234,12140,16296310,0,0
495,340461476,100,8199,363,2458,5378,10367,10246,248347,271760,135880,0,0,1948,81,956,0,837,0,224,27021.8,0.0992569,81,81,0,5378,2458,115,248,1404,463,81,4898,2029,11584,14917242,0,0
496,340461476,100,8193,349,2387,5457,10334,10291,248977,263160,131580,0,0,1949,94,953,0,748,0,211,26391.8,0.0994324,94,94,0,5457,2387,109,240,1401,454,94,4719,1870,11142,13865505,0,0
497,340461476,100,8248,341,2370,5537,10414,10198,248726,265600,132800,0,0,1950,79,1011,0,769,0,187,26642.8,0.100288,79,79,0,5537,2370,125,216,1397,474,79,4636,1791,10977,13173127,0,0
498,340461476,100,8265,352,2291,5622,10413,10174,248657,263920,131960,0,0,1952,69,1009,0,790,0,202,26711.8,0.100312,69,69,0,5622,2291,140,212,1461,422,69,4476,1752,10669,12989481,0,0
499,340461476,100,8271,361,2269,5641,10399,10106,248655,264680,132340,0,0,1984,82,1007,0,782,0,219,26713.8,0.101212,82,82,0,5641,2269,139,222,1491,411,82,4435,1713,10528,13277700,0,0
