Year, NodeId, Gender, MeetsTargetingConfig_1, HasHIV, Population, Infected, Newly Infected, On_ART, Died, Died_from_HIV, Tested Past Year or On_ART, Tested Ever, Diagnosed, Newly Tested Positive, Newly Tested Negative,Num_TRANSITORY,Num_INFORMAL,Num_MARITAL,Num_COMMERCIAL,Num_Concordant_TRANSITORY,Num_Concordant_INFORMAL,Num_Concordant_MARITAL,Num_Concordant_COMMERCIAL
1990.04,1,0,0,0,903,0,0,0,0,0,0,0,0,0,0,0,0,3,0,0,0,3,0
1990.04,1,0,0,1,0,0,0,0,0,0,0,0,0,0,0,0,0,0,0,0,0,0,0
1990.04,1,0,1,0,0,0,0,0,0,0,0,0,0,0,0,0,0,0,0,0,0,0,0
1990.04,1,0,1,1,0,0,0,0,0,0,0,0,0,0,0,0,0,0,0,0,0,0,0
1990.04,1,1,0,0,836,0,0,0,0,0,0,0,0,0,0,0,0,3,0,0,0,3,0
1990.04,1,1,0,1,0,0,0,0,0,0,0,0,0,0,0,0,0,0,0,0,0,0,0
1990.04,1,1,1,0,0,0,0,0,0,0,0,0,0,0,0,0,0,0,0,0,0,0,0
1990.04,1,1,1,1,0,0,0,0,0,0,0,0,0,0,0,0,0,0,0,0,0,0,0
1990.08,1,0,0,0,903,0,0,0,0,0,0,0,0,0,0,0,0,9,0,0,0,9,0
1990.08,1,0,0,1,0,0,0,0,0,0,0,0,0,0,0,0,0,0,0,0,0,0,0
1990.08,1,0,1,0,0,0,0,0,0,0,0,0,0,0,0,0,0,0,0,0,0,0,0
1990.08,1,0,1,1,0,0,0,0,0,0,0,0,0,0,0,0,0,0,0,0,0,0,0
1990.08,1,1,0,0,836,0,0,0,0,0,0,0,0,0,0,0,0,9,0,0,0,9,0
1990.08,1,1,0,1,0,0,0,0,0,0,0,0,0,0,0,0,0,0,0,0,0,0,0
1990.08,1,1,1,0,0,0,0,0,0,0,0,0,0,0,0,0,0,0,0,0,0,0,0
1990.08,1,1,1,1,0,0,0,0,0,0,0,0,0,0,0,0,0,0,0,0,0,0,0
1990.12,1,0,0,0,903,0,0,0,0,0,0,0,0,0,0,0,0,17,0,0,0,17,0
1990.12,1,0,0,1,0,0,0,0,0,0,0,0,0,0,0,0,0,0,0,0,0,0,0
1990.12,1,0,1,0,0,0,0,0,0,0,0,0,0,0,0,0,0,0,0,0,0,0,0
1990.12,1,0,1,1,0,0,0,0,0,0,0,0,0,0,0,0,0,0,0,0,0,0,0
1990.12,1,1,0,0,836,0,0,0,0,0,0,0,0,0,0,0,0,17,0,0,0,17,0
1990.12,1,1,0,1,0,0,0,0,0,0,0,0,0,0,0,0,0,0,0,0,0,0,0
1990.12,1,1,1,0,0,0,0,0,0,0,0,0,0,0,0,0,0,0,0,0,0,0,0
1990.12,1,1,1,1,0,0,0,0,0,0,0,0,0,0,0,0,0,0,0,0,0,0,0
1990.16,1,0,0,0,903,0,0,0,0,0,0,0,0,0,0,0,0,24,0,0,0,24,0
1990.16,1,0,0,1,0,0,0,0,0,0,0,0,0,0,0,0,0,0,0,0,0,0,0
1990.16,1,0,1,0,0,0,0,0,0,0,0,0,0,0,0,0,0,0,0,0,0,0,0
1990.16,1,0,1,1,0,0,0,0,0,0,0,0,0,0,0,0,0,0,0,0,0,0,0
1990.16,1,1,0,0,836,0,0,0,0,0,0,0,0,0,0,0,0,24,0,0,0,24,0
1990.16,1,1,0,1,0,0,0,0,0,0,0,0,0,0,0,0,0,0,0,0,0,0,0
1990.16,1,1,1,0,0,0,0,0,0,0,0,0,0,0,0,0,0,0,0,0,0,0,0
1990.16,1,1,1,1,0,0,0,0,0,0,0,0,0,0,0,0,0,0,0,0,0,0,0
1990.21,1,0,0,0,903,0,0,0,0,0,0,0,0,0,0,0,0,28,0,0,0,28,0
1990.21,1,0,0,1,0,0,0,0,0,0,0,0,0,0,0,0,0,0,0,0,0,0,0
1990.21,1,0,1,0,0,0,0,0,0,0,0,0,0,0,0,0,0,0,0,0,0,0,0
1990.21,1,0,1,1,0,0,0,0,0,0,0,0,0,0,0,0,0,0,0,0,0,0,0
1990.21,1,1,0,0,836,0,0,0,0,0,0,0,0,0,0,0,0,28,0,0,0,28,0
1990.21,1,1,0,1,0,0,0,0,0,0,0,0,0,0,0,0,0,0,0,0,0,0,0
1990.21,1,1,1,0,0,0,0,0,0,0,0,0,0,0,0,0,0,0,0,0,0,0,0
1990.21,1,1,1,1,0,0,0,0,0,0,0,0,0,0,0,0,0,0,0,0,0,0,0
1990.25,1,0,0,0,903,0,0,0,0,0,0,0,0,0,0,0,0,35,0,0,0,35,0
1990.25,1,0,0,1,0,0,0,0,0,0,0,0,0,0,0,0,0,0,0,0,0,0,0
1990.25,1,0,1,0,0,0,0,0,0,0,0,0,0,0,0,0,0,0,0,0,0,0,0
1990.25,1,0,1,1,0,0,0,0,0,0,0,0,0,0,0,0,0,0,0,0,0,0,0
1990.25,1,1,0,0,836,0,0,0,0,0,0,0,0,0,0,0,0,35,0,0,0,35,0
1990.25,1,1,0,1,0,0,0,0,0,0,0,0,0,0,0,0,0,0,0,0,0,0,0
1990.25,1,1,1,0,0,0,0,0,0,0,0,0,0,0,0,0,0,0,0,0,0,0,0
1990.25,1,1,1,1,0,0,0,0,0,0,0,0,0,0,0,0,0,0,0,0,0,0,0
1990.29,1,0,0,0,625,0,0,0,1,0,0,0,0,0,0,0,0,21,0,0,0,21,0
1990.29,1,0,0,1,260,260,259,0,0,0,0,0,0,0,0,0,0,1,0,0,0,1,0
1990.29,1,0,1,0,8,0,0,0,0,0,0,0,0,0,0,0,0,8,0,0,0,0,0
1990.29,1,0,1,1,9,9,10,0,0,0,0,0,0,0,0,0,0,9,0,0,0,0,0
1990.29,1,1,0,0,562,0,0,0,0,0,0,0,0,0,0,0,0,21,0,0,0,21,0
1990.29,1,1,0,1,257,257,257,0,0,0,0,0,0,0,0,0,0,1,0,0,0,1,0
1990.29,1,1,1,0,9,0,0,0,0,0,0,0,0,0,0,0,0,9,0,0,0,0,0
1990.29,1,1,1,1,8,8,8,0,0,0,0,0,0,0,0,0,0,8,0,0,0,0,0
1990.33,1,0,0,0,623,0,0,0,0,0,0,0,0,0,0,0,0,27,0,0,0,27,0
1990.33,1,0,0,1,257,257,0,0,4,4,0,0,0,0,0,0,0,3,0,0,0,3,0
1990.33,1,0,1,0,10,0,0,0,0,0,0,0,0,0,0,0,0,10,0,0,0,0,0
1990.33,1,0,1,1,9,9,0,0,0,0,0,0,0,0,0,0,0,9,0,0,0,0,0
1990.33,1,1,0,0,560,0,0,0,0,0,0,0,0,0,0,0,0,27,0,0,0,27,0
1990.33,1,1,0,1,253,253,2,0,4,4,0,0,0,0,0,0,0,3,0,0,0,3,0
1990.33,1,1,1,0,9,0,0,0,0,0,0,0,0,0,0,0,0,9,0,0,0,0,0
1990.33,1,1,1,1,10,10,0,0,0,0,0,0,0,0,0,0,0,10,0,0,0,0,0
1990.37,1,0,0,0,621,0,0,0,2,0,0,0,0,0,0,0,0,29,0,0,0,29,0
1990.37,1,0,0,1,257,257,4,0,3,3,0,0,0,0,0,0,0,8,0,0,0,8,0
1990.37,1,0,1,0,6,0,0,0,0,0,0,0,0,0,0,0,0,6,0,0,0,0,0
1990.37,1,0,1,1,9,9,0,0,0,0,0,0,0,0,0,0,0,9,0,0,0,0,0
1990.37,1,1,0,0,559,0,0,0,0,0,0,0,0,0,0,0,0,29,0,0,0,29,0
1990.37,1,1,0,1,252,252,1,0,7,7,0,0,0,0,0,0,0,8,0,0,0,8,0
1990.37,1,1,1,0,9,0,0,0,0,0,0,0,0,0,0,0,0,9,0,0,0,0,0
1990.37,1,1,1,1,6,6,0,0,0,0,0,0,0,0,0,0,0,6,0,0,0,0,0
1990.41,1,0,0,0,621,0,0,0,0,0,0,0,0,0,0,0,0,28,0,0,0,28,0
1990.41,1,0,0,1,257,257,2,0,3,3,0,0,0,0,0,0,0,11,0,0,0,11,0
1990.41,1,0,1,0,4,0,0,0,0,0,0,0,0,0,0,0,0,4,0,0,0,0,0
1990.41,1,0,1,1,8,8,0,0,0,0,0,0,0,0,0,0,0,8,0,0,0,0,0
1990.41,1,1,0,0,558,0,0,0,1,0,0,0,0,0,0,0,0,28,0,0,0,28,0
1990.41,1,1,0,1,247,247,1,0,7,7,0,0,0,0,0,0,0,11,0,0,0,11,0
1990.41,1,1,1,0,8,0,0,0,0,0,0,0,0,0,0,0,0,8,0,0,0,0,0
1990.41,1,1,1,1,4,4,0,0,0,0,0,0,0,0,0,0,0,4,0,0,0,0,0
1990.45,1,0,0,0,621,0,0,0,0,0,0,0,0,0,0,0,0,35,0,0,0,35,0
1990.45,1,0,0,1,256,256,1,0,3,3,0,0,0,0,0,0,0,12,0,0,0,12,0
1990.45,1,0,1,0,3,0,0,0,0,0,0,0,0,0,0,0,0,3,0,0,0,0,0
1990.45,1,0,1,1,8,8,0,0,0,0,0,0,0,0,0,0,0,8,0,0,0,0,0
1990.45,1,1,0,0,558,0,0,0,0,0,0,0,0,0,0,0,0,35,0,0,0,35,0
1990.45,1,1,0,1,245,245,0,0,3,3,0,0,0,0,0,0,0,12,0,0,0,12,0
1990.45,1,1,1,0,8,0,0,0,0,0,0,0,0,0,0,0,0,8,0,0,0,0,0
1990.45,1,1,1,1,3,3,0,0,0,0,0,0,0,0,0,0,0,3,0,0,0,0,0
1990.49,1,0,0,0,618,0,0,0,0,0,0,0,0,0,0,0,0,39,0,0,0,39,0
1990.49,1,0,0,1,251,251,0,0,5,5,0,0,0,0,0,0,0,13,0,0,0,13,0
1990.49,1,0,1,0,6,0,0,0,0,0,0,0,0,0,0,0,0,6,0,0,0,0,0
1990.49,1,0,1,1,7,7,0,0,0,0,0,0,0,0,0,0,0,7,0,0,0,0,0
1990.49,1,1,0,0,558,0,0,0,0,0,0,0,0,0,0,0,0,39,0,0,0,39,0
1990.49,1,1,0,1,239,239,1,0,4,4,0,0,0,0,0,0,0,13,0,0,0,13,0
1990.49,1,1,1,0,7,0,0,0,0,0,0,0,0,0,0,0,0,7,0,0,0,0,0
1990.49,1,1,1,1,6,6,0,0,0,0,0,0,0,0,0,0,0,6,0,0,0,0,0
1990.53,1,0,0,0,617,0,0,0,0,0,0,0,0,0,0,0,0,43,0,0,0,43,0
1990.53,1,0,0,1,245,245,0,0,6,5,0,0,0,0,0,0,0,13,0,0,0,13,0
1990.53,1,0,1,0,7,0,0,0,0,0,0,0,0,0,0,0,0,7,0,0,0,0,0
1990.53,1,0,1,1,7,7,0,0,0,0,0,0,0,0,0,0,0,7,0,0,0,0,0
1990.53,1,1,0,0,558,0,0,0,0,0,0,0,0,0,0,0,0,43,0,0,0,43,0
1990.53,1,1,0,1,236,236,0,0,2,2,0,0,0,0,0,0,0,13,0,0,0,13,0
1990.53,1,1,1,0,7,0,0,0,0,0,0,0,0,0,0,0,0,7,0,0,0,0,0
1990.53,1,1,1,1,7,7,0,0,0,0,0,0,0,0,0,0,0,7,0,0,0,0,0
1990.58,1,0,0,0,615,0,0,0,0,0,0,0,0,0,0,0,0,46,0,0,0,46,0
1990.58,1,0,0,1,242,242,0,0,2,2,0,0,0,0,0,0,0,14,0,0,0,14,0
1990.58,1,0,1,0,9,0,0,0,0,0,0,0,0,0,0,0,0,9,0,0,0,0,0
1990.58,1,0,1,1,8,8,0,0,0,0,0,0,0,0,0,0,0,8,0,0,0,0,0
1990.58,1,1,0,0,557,0,0,0,0,0,0,0,0,0,0,0,0,46,0,0,0,46,0
1990.58,1,1,0,1,231,231,0,0,3,3,0,0,0,0,0,0,0,14,0,0,0,14,0
1990.58,1,1,1,0,8,0,0,0,0,0,0,0,0,0,0,0,0,8,0,0,0,0,0
1990.58,1,1,1,1,9,9,0,0,0,0,0,0,0,0,0,0,0,9,0,0,0,0,0
1990.62,1,0,0,0,614,0,0,0,0,0,0,0,0,0,0,0,0,50,0,0,0,50,0
1990.62,1,0,0,1,237,237,0,0,4,4,0,0,0,0,0,0,0,16,0,0,0,16,0
1990.62,1,0,1,0,10,0,0,0,0,0,0,0,0,0,0,0,0,10,0,0,0,0,0
1990.62,1,0,1,1,9,9,0,0,0,0,0,0,0,0,0,0,0,9,0,0,0,0,0
1990.62,1,1,0,0,556,0,0,0,0,0,0,0,0,0,0,0,0,50,0,0,0,50,0
1990.62,1,1,0,1,228,228,0,0,2,2,0,0,0,0,0,0,0,16,0,0,0,16,0
1990.62,1,1,1,0,9,0,0,0,0,0,0,0,0,0,0,0,0,9,0,0,0,0,0
1990.62,1,1,1,1,10,10,0,0,0,0,0,0,0,0,0,0,0,10,0,0,0,0,0
1990.66,1,0,0,0,613,0,0,0,0,0,0,0,0,0,0,0,0,51,0,0,0,51,0
1990.66,1,0,0,1,232,232,0,0,5,5,0,0,0,0,0,0,0,16,0,0,0,16,0
1990.66,1,0,1,0,11,0,0,0,0,0,0,0,0,0,0,0,0,11,0,0,0,0,0
1990.66,1,0,1,1,11,11,0,0,0,0,0,0,0,0,0,0,0,11,0,0,0,0,0
1990.66,1,1,0,0,554,0,0,0,0,0,0,0,0,0,0,0,0,51,0,0,0,51,0
1990.66,1,1,0,1,223,223,0,0,4,4,0,0,0,0,0,0,0,16,0,0,0,16,0
1990.66,1,1,1,0,11,0,0,0,0,0,0,0,0,0,0,0,0,11,0,0,0,0,0
1990.66,1,1,1,1,11,11,0,0,0,0,0,0,0,0,0,0,0,11,0,0,0,0,0
1990.7,1,0,0,0,611,0,0,0,0,0,0,0,0,0,0,0,0,53,0,0,0,53,0
1990.7,1,0,0,1,224,224,0,0,4,4,0,0,0,0,0,0,0,17,0,0,0,17,0
1990.7,1,0,1,0,13,0,0,0,0,0,0,0,0,0,0,0,0,13,0,0,0,0,0
1990.7,1,0,1,1,13,13,0,0,0,0,0,0,0,0,0,0,0,13,0,0,0,0,0
1990.7,1,1,0,0,552,0,0,0,0,0,0,0,0,0,0,0,0,53,0,0,0,53,0
1990.7,1,1,0,1,218,218,0,0,4,4,0,0,0,0,0,0,0,17,0,0,0,17,0
1990.7,1,1,1,0,13,0,0,0,0,0,0,0,0,0,0,0,0,13,0,0,0,0,0
1990.7,1,1,1,1,13,13,0,0,0,0,0,0,0,0,0,0,0,13,0,0,0,0,0
1990.74,1,0,0,0,610,0,0,0,0,0,0,0,0,0,0,0,0,56,0,0,0,56,0
1990.74,1,0,0,1,223,223,0,0,1,1,0,0,0,0,0,0,0,18,0,0,0,18,0
1990.74,1,0,1,0,14,0,0,0,0,0,0,0,0,0,0,0,0,14,0,0,0,0,0
1990.74,1,0,1,1,13,13,0,0,0,0,0,0,0,0,0,0,0,13,0,0,0,0,0
1990.74,1,1,0,0,552,0,0,0,0,0,0,0,0,0,0,0,0,56,0,0,0,56,0
1990.74,1,1,0,1,216,216,0,0,0,0,0,0,0,0,0,0,0,18,0,0,0,18,0
1990.74,1,1,1,0,13,0,0,0,0,0,0,0,0,0,0,0,0,13,0,0,0,0,0
1990.74,1,1,1,1,14,14,0,0,0,0,0,0,0,0,0,0,0,14,0,0,0,0,0
1990.78,1,0,0,0,609,0,0,0,1,0,0,0,0,0,0,0,0,55,0,0,0,55,0
1990.78,1,0,0,1,222,222,0,0,1,1,0,0,0,0,0,0,0,18,0,0,0,18,0
1990.78,1,0,1,0,14,0,0,0,0,0,0,0,0,0,0,0,0,14,0,0,0,0,0
1990.78,1,0,1,1,13,13,0,0,0,0,0,0,0,0,0,0,0,13,0,0,0,0,0
1990.78,1,1,0,0,551,0,0,0,1,0,0,0,0,0,0,0,0,55,0,0,0,55,0
1990.78,1,1,0,1,213,213,0,0,3,3,0,0,0,0,0,0,0,18,0,0,0,18,0
1990.78,1,1,1,0,13,0,0,0,0,0,0,0,0,0,0,0,0,13,0,0,0,0,0
1990.78,1,1,1,1,14,14,0,0,0,0,0,0,0,0,0,0,0,14,0,0,0,0,0
1990.82,1,0,0,0,607,0,0,0,0,0,0,0,0,0,0,0,0,57,0,0,0,57,0
1990.82,1,0,0,1,219,219,0,0,2,2,0,0,0,0,0,0,0,18,0,0,0,18,0
1990.82,1,0,1,0,16,0,0,0,0,0,0,0,0,0,0,0,0,16,0,0,0,0,0
1990.82,1,0,1,1,14,14,0,0,0,0,0,0,0,0,0,0,0,14,0,0,0,0,0
1990.82,1,1,0,0,549,0,0,0,0,0,0,0,0,0,0,0,0,57,0,0,0,57,0
1990.82,1,1,0,1,208,208,1,0,4,4,0,0,0,0,0,0,0,18,0,0,0,18,0
1990.82,1,1,1,0,14,0,0,0,0,0,0,0,0,0,0,0,0,14,0,0,0,0,0
1990.82,1,1,1,1,16,16,0,0,0,0,0,0,0,0,0,0,0,16,0,0,0,0,0
1990.86,1,0,0,0,607,0,0,0,0,0,0,0,0,0,0,0,0,60,0,0,0,60,0
1990.86,1,0,0,1,218,218,0,0,1,1,0,0,0,0,0,0,0,18,0,0,0,18,0
1990.86,1,0,1,0,16,0,0,0,0,0,0,0,0,0,0,0,0,16,0,0,0,0,0
1990.86,1,0,1,1,14,14,0,0,0,0,0,0,0,0,0,0,0,14,0,0,0,0,0
1990.86,1,1,0,0,549,0,0,0,0,0,0,0,0,0,0,0,0,60,0,0,0,60,0
1990.86,1,1,0,1,204,204,0,0,4,4,0,0,0,0,0,0,0,18,0,0,0,18,0
1990.86,1,1,1,0,14,0,0,0,0,0,0,0,0,0,0,0,0,14,0,0,0,0,0
1990.86,1,1,1,1,16,16,0,0,0,0,0,0,0,0,0,0,0,16,0,0,0,0,0
1990.9,1,0,0,0,606,0,0,0,1,0,0,0,0,0,0,0,0,64,0,0,0,64,0
1990.9,1,0,0,1,217,217,0,0,1,1,0,0,0,0,0,0,0,19,0,0,0,19,0
1990.9,1,0,1,0,16,0,0,0,0,0,0,0,0,0,0,0,0,16,0,0,0,0,0
1990.9,1,0,1,1,14,14,0,0,0,0,0,0,0,0,0,0,0,14,0,0,0,0,0
1990.9,1,1,0,0,547,0,0,0,2,0,0,0,0,0,0,0,0,64,0,0,0,64,0
1990.9,1,1,0,1,204,204,0,0,0,0,0,0,0,0,0,0,0,19,0,0,0,19,0
1990.9,1,1,1,0,14,0,0,0,0,0,0,0,0,0,0,0,0,14,0,0,0,0,0
1990.9,1,1,1,1,16,16,0,0,0,0,0,0,0,0,0,0,0,16,0,0,0,0,0
1990.95,1,0,0,0,605,0,0,0,0,0,0,0,0,0,0,0,0,65,0,0,0,65,0
1990.95,1,0,0,1,215,215,0,0,2,2,0,0,0,0,0,0,0,19,0,0,0,19,0
1990.95,1,0,1,0,17,0,0,0,0,0,0,0,0,0,0,0,0,17,0,0,0,0,0
1990.95,1,0,1,1,14,14,0,0,0,0,0,0,0,0,0,0,0,14,0,0,0,0,0
1990.95,1,1,0,0,547,0,0,0,0,0,0,0,0,0,0,0,0,65,0,0,0,65,0
1990.95,1,1,0,1,201,201,0,0,2,2,0,0,0,0,0,0,0,19,0,0,0,19,0
1990.95,1,1,1,0,14,0,0,0,0,0,0,0,0,0,0,0,0,14,0,0,0,0,0
1990.95,1,1,1,1,17,17,0,0,0,0,0,0,0,0,0,0,0,17,0,0,0,0,0
1990.99,1,0,0,0,605,0,0,0,0,0,0,0,0,0,0,0,0,67,0,0,0,67,0
1990.99,1,0,0,1,215,215,1,0,0,0,0,0,0,0,0,0,0,20,0,0,0,20,0
1990.99,1,0,1,0,16,0,0,0,0,0,0,0,0,0,0,0,0,16,0,0,0,0,0
1990.99,1,0,1,1,15,15,0,0,0,0,0,0,0,0,0,0,0,15,0,0,0,0,0
1990.99,1,1,0,0,546,0,0,0,0,0,0,0,0,0,0,0,0,67,0,0,0,67,0
1990.99,1,1,0,1,202,202,0,0,0,0,0,0,0,0,0,0,0,20,0,0,0,20,0
1990.99,1,1,1,0,15,0,0,0,0,0,0,0,0,0,0,0,0,15,0,0,0,0,0
1990.99,1,1,1,1,16,16,0,0,0,0,0,0,0,0,0,0,0,16,0,0,0,0,0
1991.03,1,0,0,0,604,0,0,0,0,0,0,0,0,0,0,0,0,72,0,0,0,72,0
1991.03,1,0,0,1,210,210,0,0,1,1,0,0,0,0,0,0,0,21,0,0,0,21,0
1991.03,1,0,1,0,17,0,0,0,0,0,0,0,0,0,0,0,0,17,0,0,0,0,0
1991.03,1,0,1,1,19,19,0,0,0,0,0,0,0,0,0,0,0,19,0,0,0,0,0
1991.03,1,1,0,0,542,0,0,0,0,0,0,0,0,0,0,0,0,72,0,0,0,72,0
1991.03,1,1,0,1,199,199,0,0,3,2,0,0,0,0,0,0,0,21,0,0,0,21,0
1991.03,1,1,1,0,19,0,0,0,0,0,0,0,0,0,0,0,0,19,0,0,0,0,0
1991.03,1,1,1,1,17,17,0,0,0,0,0,0,0,0,0,0,0,17,0,0,0,0,0
1991.07,1,0,0,0,603,0,0,0,0,0,0,0,0,0,0,0,0,76,0,0,0,76,0
1991.07,1,0,0,1,204,204,0,0,4,4,0,0,0,0,0,0,0,21,0,0,0,21,0
1991.07,1,0,1,0,18,0,0,0,0,0,0,0,0,0,0,0,0,18,0,0,0,0,0
1991.07,1,0,1,1,21,21,0,0,0,0,0,0,0,0,0,0,0,21,0,0,0,0,0
1991.07,1,1,0,0,539,0,0,0,0,0,0,0,0,0,0,0,0,76,0,0,0,76,0
1991.07,1,1,0,1,195,195,1,0,3,2,0,0,0,0,0,0,0,21,0,0,0,21,0
1991.07,1,1,1,0,21,0,0,0,0,0,0,0,0,0,0,0,0,21,0,0,0,0,0
1991.07,1,1,1,1,18,18,0,0,0,0,0,0,0,0,0,0,0,18,0,0,0,0,0
1991.11,1,0,0,0,603,0,0,0,0,0,0,0,0,0,0,0,0,78,0,0,0,78,0
1991.11,1,0,0,1,202,202,0,0,1,1,0,0,0,0,0,0,0,22,0,0,0,22,0
1991.11,1,0,1,0,18,0,0,0,0,0,0,0,0,0,0,0,0,18,0,0,0,0,0
1991.11,1,0,1,1,22,22,0,0,0,0,0,0,0,0,0,0,0,22,0,0,0,0,0
1991.11,1,1,0,0,538,0,0,0,0,0,0,0,0,0,0,0,0,78,0,0,0,78,0
1991.11,1,1,0,1,194,194,0,0,1,1,0,0,0,0,0,0,0,22,0,0,0,22,0
1991.11,1,1,1,0,22,0,0,0,0,0,0,0,0,0,0,0,0,22,0,0,0,0,0
1991.11,1,1,1,1,18,18,0,0,0,0,0,0,0,0,0,0,0,18,0,0,0,0,0
1991.15,1,0,0,0,602,0,0,0,0,0,0,0,0,0,0,0,0,82,0,0,0,82,0
1991.15,1,0,0,1,199,199,0,0,0,0,0,0,0,0,0,0,0,22,0,0,0,22,0
1991.15,1,0,1,0,19,0,0,0,0,0,0,0,0,0,0,0,0,19,0,0,0,0,0
1991.15,1,0,1,1,25,25,0,0,0,0,0,0,0,0,0,0,0,25,0,0,0,0,0
1991.15,1,1,0,0,535,0,0,0,0,0,0,0,0,0,0,0,0,82,0,0,0,82,0
1991.15,1,1,0,1,193,193,0,0,0,0,0,0,0,0,0,0,0,22,0,0,0,22,0
1991.15,1,1,1,0,25,0,0,0,0,0,0,0,0,0,0,0,0,25,0,0,0,0,0
1991.15,1,1,1,1,19,19,0,0,0,0,0,0,0,0,0,0,0,19,0,0,0,0,0
1991.19,1,0,0,0,599,0,0,0,2,0,0,0,0,0,0,0,0,83,0,0,0,83,0
1991.19,1,0,0,1,198,198,0,0,1,1,0,0,0,0,0,0,0,22,0,0,0,22,0
1991.19,1,0,1,0,20,0,0,0,0,0,0,0,0,0,0,0,0,20,0,0,0,0,0
1991.19,1,0,1,1,25,25,0,0,0,0,0,0,0,0,0,0,0,25,0,0,0,0,0
1991.19,1,1,0,0,535,0,0,0,0,0,0,0,0,0,0,0,0,83,0,0,0,83,0
1991.19,1,1,0,1,192,192,0,0,0,0,0,0,0,0,0,0,0,22,0,0,0,22,0
1991.19,1,1,1,0,25,0,0,0,0,0,0,0,0,0,0,0,0,25,0,0,0,0,0
1991.19,1,1,1,1,20,20,0,0,0,0,0,0,0,0,0,0,0,20,0,0,0,0,0
1991.23,1,0,0,0,599,0,0,0,0,0,0,0,0,0,0,0,0,89,0,0,0,89,0
1991.23,1,0,0,1,195,195,0,0,3,3,0,0,0,0,0,0,0,23,0,0,0,23,0
1991.23,1,0,1,0,20,0,0,0,0,0,0,0,0,0,0,0,0,20,0,0,0,0,0
1991.23,1,0,1,1,25,25,0,0,0,0,0,0,0,0,0,0,0,25,0,0,0,0,0
1991.23,1,1,0,0,534,0,0,0,0,0,0,0,0,0,0,0,0,89,0,0,0,89,0
1991.23,1,1,0,1,192,192,1,0,1,1,0,0,0,0,0,0,0,23,0,0,0,23,0
1991.23,1,1,1,0,25,0,0,0,0,0,0,0,0,0,0,0,0,25,0,0,0,0,0
1991.23,1,1,1,1,20,20,0,0,0,0,0,0,0,0,0,0,0,20,0,0,0,0,0
1991.27,1,0,0,0,597,0,0,0,0,0,0,0,0,0,0,0,0,90,0,0,0,90,0
1991.27,1,0,0,1,193,193,0,0,1,1,0,0,0,0,0,0,0,23,0,0,0,23,0
1991.27,1,0,1,0,22,0,0,0,0,0,0,0,0,0,0,0,0,22,0,0,0,0,0
1991.27,1,0,1,1,26,26,0,0,0,0,0,0,0,0,0,0,0,26,0,0,0,0,0
1991.27,1,1,0,0,533,0,0,0,0,0,0,0,0,0,0,0,0,90,0,0,0,90,0
1991.27,1,1,0,1,190,190,0,0,0,0,0,0,0,0,0,0,0,23,0,0,0,23,0
1991.27,1,1,1,0,26,0,0,0,0,0,0,0,0,0,0,0,0,26,0,0,0,0,0
1991.27,1,1,1,1,22,22,0,0,0,0,0,0,0,0,0,0,0,22,0,0,0,0,0
1991.32,1,0,0,0,597,0,0,0,0,0,0,0,0,0,0,0,0,90,0,0,0,90,0
1991.32,1,0,0,1,192,192,0,0,0,0,0,0,0,0,0,0,0,23,0,0,0,23,0
1991.32,1,0,1,0,22,0,0,0,0,0,0,0,0,0,0,0,0,22,0,0,0,0,0
1991.32,1,0,1,1,27,27,0,0,0,0,0,0,0,0,0,0,0,27,0,0,0,0,0
1991.32,1,1,0,0,532,0,0,0,0,0,0,0,0,0,0,0,0,90,0,0,0,90,0
1991.32,1,1,0,1,189,189,0,0,1,1,0,0,0,0,0,0,0,23,0,0,0,23,0
1991.32,1,1,1,0,27,0,0,0,0,0,0,0,0,0,0,0,0,27,0,0,0,0,0
1991.32,1,1,1,1,22,22,0,0,0,0,0,0,0,0,0,0,0,22,0,0,0,0,0
1991.36,1,0,0,0,595,0,0,0,0,0,0,0,0,0,0,0,0,91,0,0,0,91,0
1991.36,1,0,0,1,193,193,0,0,0,0,0,0,0,0,0,0,0,25,0,0,0,25,0
1991.36,1,0,1,0,24,0,0,0,0,0,0,0,0,0,0,0,0,24,0,0,0,0,0
1991.36,1,0,1,1,26,26,0,0,0,0,0,0,0,0,0,0,0,26,0,0,0,0,0
1991.36,1,1,0,0,532,0,0,0,0,0,0,0,0,0,0,0,0,91,0,0,0,91,0
1991.36,1,1,0,1,188,188,1,0,1,1,0,0,0,0,0,0,0,25,0,0,0,25,0
1991.36,1,1,1,0,26,0,0,0,0,0,0,0,0,0,0,0,0,26,0,0,0,0,0
1991.36,1,1,1,1,24,24,0,0,0,0,0,0,0,0,0,0,0,24,0,0,0,0,0
1991.4,1,0,0,0,593,0,0,0,0,0,0,0,0,0,0,0,0,94,0,0,0,94,0
1991.4,1,0,0,1,193,193,0,0,0,0,0,0,0,0,0,0,0,26,0,0,0,26,0
1991.4,1,0,1,0,26,0,0,0,0,0,0,0,0,0,0,0,0,26,0,0,0,0,0
1991.4,1,0,1,1,26,26,0,0,0,0,0,0,0,0,0,0,0,26,0,0,0,0,0
1991.4,1,1,0,0,532,0,0,0,0,0,0,0,0,0,0,0,0,94,0,0,0,94,0
1991.4,1,1,0,1,185,185,0,0,0,0,0,0,0,0,0,0,0,26,0,0,0,26,0
1991.4,1,1,1,0,26,0,0,0,0,0,0,0,0,0,0,0,0,26,0,0,0,0,0
1991.4,1,1,1,1,26,26,0,0,0,0,0,0,0,0,0,0,0,26,0,0,0,0,0
1991.44,1,0,0,0,592,0,0,0,1,0,0,0,0,0,0,0,0,96,0,0,0,96,0
1991.44,1,0,0,1,193,193,0,0,0,0,0,0,0,0,0,0,0,26,0,0,0,26,0
1991.44,1,0,1,0,26,0,0,0,0,0,0,0,0,0,0,0,0,26,0,0,0,0,0
1991.44,1,0,1,1,26,26,0,0,0,0,0,0,0,0,0,0,0,26,0,0,0,0,0
1991.44,1,1,0,0,532,0,0,0,0,0,0,0,0,0,0,0,0,96,0,0,0,96,0
1991.44,1,1,0,1,184,184,0,0,1,1,0,0,0,0,0,0,0,26,0,0,0,26,0
1991.44,1,1,1,0,26,0,0,0,0,0,0,0,0,0,0,0,0,26,0,0,0,0,0
1991.44,1,1,1,1,26,26,0,0,0,0,0,0,0,0,0,0,0,26,0,0,0,0,0
1991.48,1,0,0,0,591,0,0,0,1,0,0,0,0,0,0,0,0,97,0,0,0,97,0
1991.48,1,0,0,1,190,190,0,0,2,2,0,0,0,0,0,0,0,26,0,0,0,26,0
1991.48,1,0,1,0,26,0,0,0,0,0,0,0,0,0,0,0,0,26,0,0,0,0,0
1991.48,1,0,1,1,27,27,0,0,0,0,0,0,0,0,0,0,0,27,0,0,0,0,0
1991.48,1,1,0,0,531,0,0,0,0,0,0,0,0,0,0,0,0,97,0,0,0,97,0
1991.48,1,1,0,1,183,183,0,0,1,1,0,0,0,0,0,0,0,26,0,0,0,26,0
1991.48,1,1,1,0,27,0,0,0,0,0,0,0,0,0,0,0,0,27,0,0,0,0,0
1991.48,1,1,1,1,26,26,0,0,0,0,0,0,0,0,0,0,0,26,0,0,0,0,0
1991.52,1,0,0,0,590,0,0,0,0,0,0,0,0,0,0,0,0,99,0,0,0,99,0
1991.52,1,0,0,1,189,189,0,0,0,0,0,0,0,0,0,0,0,26,0,0,0,26,0
1991.52,1,0,1,0,27,0,0,0,0,0,0,0,0,0,0,0,0,27,0,0,0,0,0
1991.52,1,0,1,1,28,28,0,0,0,0,0,0,0,0,0,0,0,28,0,0,0,0,0
1991.52,1,1,0,0,530,0,0,0,0,0,0,0,0,0,0,0,0,99,0,0,0,99,0
1991.52,1,1,0,1,181,181,0,0,1,1,0,0,0,0,0,0,0,26,0,0,0,26,0
1991.52,1,1,1,0,28,0,0,0,0,0,0,0,0,0,0,0,0,28,0,0,0,0,0
1991.52,1,1,1,1,27,27,0,0,0,0,0,0,0,0,0,0,0,27,0,0,0,0,0
1991.56,1,0,0,0,589,0,0,0,0,0,0,0,0,0,0,0,0,99,0,0,0,99,0
1991.56,1,0,0,1,189,189,0,0,0,0,0,0,0,0,0,0,0,26,0,0,0,26,0
1991.56,1,0,1,0,28,0,0,0,0,0,0,0,0,0,0,0,0,28,0,0,0,0,0
1991.56,1,0,1,1,28,28,0,0,0,0,0,0,0,0,0,0,0,28,0,0,0,0,0
1991.56,1,1,0,0,529,0,0,0,1,0,0,0,0,0,0,0,0,99,0,0,0,99,0
1991.56,1,1,0,1,179,179,0,0,1,1,0,0,0,0,0,0,0,26,0,0,0,26,0
1991.56,1,1,1,0,28,0,0,0,0,0,0,0,0,0,0,0,0,28,0,0,0,0,0
1991.56,1,1,1,1,28,28,0,0,0,0,0,0,0,0,0,0,0,28,0,0,0,0,0
1991.6,1,0,0,0,587,0,0,0,0,0,0,0,0,0,0,0,0,101,0,0,0,101,0
1991.6,1,0,0,1,187,187,0,0,2,2,0,0,0,0,0,0,0,27,0,0,0,27,0
1991.6,1,0,1,0,30,0,0,0,0,0,0,0,0,0,0,0,0,30,0,0,0,0,0
1991.6,1,0,1,1,28,28,0,0,0,0,0,0,0,0,0,0,0,28,0,0,0,0,0
1991.6,1,1,0,0,528,0,0,0,1,0,0,0,0,0,0,0,0,101,0,0,0,101,0
1991.6,1,1,0,1,176,176,0,0,1,1,0,0,0,0,0,0,0,27,0,0,0,27,0
1991.6,1,1,1,0,28,0,0,0,0,0,0,0,0,0,0,0,0,28,0,0,0,0,0
1991.6,1,1,1,1,30,30,0,0,0,0,0,0,0,0,0,0,0,30,0,0,0,0,0
1991.64,1,0,0,0,587,0,0,0,0,0,0,0,0,0,0,0,0,101,0,0,0,101,0
1991.64,1,0,0,1,186,186,0,0,0,0,0,0,0,0,0,0,0,27,0,0,0,27,0
1991.64,1,0,1,0,30,0,0,0,0,0,0,0,0,0,0,0,0,30,0,0,0,0,0
1991.64,1,0,1,1,29,29,0,0,0,0,0,0,0,0,0,0,0,29,0,0,0,0,0
1991.64,1,1,0,0,527,0,0,0,0,0,0,0,0,0,0,0,0,101,0,0,0,101,0
1991.64,1,1,0,1,176,176,0,0,0,0,0,0,0,0,0,0,0,27,0,0,0,27,0
1991.64,1,1,1,0,29,0,0,0,0,0,0,0,0,0,0,0,0,29,0,0,0,0,0
1991.64,1,1,1,1,30,30,0,0,0,0,0,0,0,0,0,0,0,30,0,0,0,0,0
1991.68,1,0,0,0,587,0,0,0,0,0,0,0,0,0,0,0,0,104,0,0,0,104,0
1991.68,1,0,0,1,183,183,0,0,2,2,0,0,0,0,0,0,0,28,0,0,0,28,0
1991.68,1,0,1,0,30,0,0,0,0,0,0,0,0,0,0,0,0,30,0,0,0,0,0
1991.68,1,0,1,1,30,30,0,0,0,0,0,0,0,0,0,0,0,30,0,0,0,0,0
1991.68,1,1,0,0,525,0,0,0,0,0,0,0,0,0,0,0,0,104,0,0,0,104,0
1991.68,1,1,0,1,177,177,1,0,0,0,0,0,0,0,0,0,0,28,0,0,0,28,0
1991.68,1,1,1,0,30,0,0,0,0,0,0,0,0,0,0,0,0,30,0,0,0,0,0
1991.68,1,1,1,1,30,30,0,0,0,0,0,0,0,0,0,0,0,30,0,0,0,0,0
1991.73,1,0,0,0,587,0,0,0,0,0,0,0,0,0,0,0,0,104,0,0,0,104,0
1991.73,1,0,0,1,183,183,0,0,0,0,0,0,0,0,0,0,0,28,0,0,0,28,0
1991.73,1,0,1,0,30,0,0,0,0,0,0,0,0,0,0,0,0,30,0,0,0,0,0
1991.73,1,0,1,1,30,30,0,0,0,0,0,0,0,0,0,0,0,30,0,0,0,0,0
1991.73,1,1,0,0,525,0,0,0,0,0,0,0,0,0,0,0,0,104,0,0,0,104,0
1991.73,1,1,0,1,177,177,0,0,0,0,0,0,0,0,0,0,0,28,0,0,0,28,0
1991.73,1,1,1,0,30,0,0,0,0,0,0,0,0,0,0,0,0,30,0,0,0,0,0
1991.73,1,1,1,1,30,30,0,0,0,0,0,0,0,0,0,0,0,30,0,0,0,0,0
1991.77,1,0,0,0,587,0,0,0,0,0,0,0,0,0,0,0,0,104,0,0,0,104,0
1991.77,1,0,0,1,181,181,0,0,1,1,0,0,0,0,0,0,0,28,0,0,0,28,0
1991.77,1,0,1,0,30,0,0,0,0,0,0,0,0,0,0,0,0,30,0,0,0,0,0
1991.77,1,0,1,1,31,31,0,0,0,0,0,0,0,0,0,0,0,31,0,0,0,0,0
1991.77,1,1,0,0,524,0,0,0,0,0,0,0,0,0,0,0,0,104,0,0,0,104,0
1991.77,1,1,0,1,177,177,0,0,0,0,0,0,0,0,0,0,0,28,0,0,0,28,0
1991.77,1,1,1,0,31,0,0,0,0,0,0,0,0,0,0,0,0,31,0,0,0,0,0
1991.77,1,1,1,1,30,30,0,0,0,0,0,0,0,0,0,0,0,30,0,0,0,0,0
1991.81,1,0,0,0,586,0,0,0,0,0,0,0,0,0,0,0,0,103,0,0,0,103,0
1991.81,1,0,0,1,181,181,0,0,0,0,0,0,0,0,0,0,0,28,0,0,0,28,0
1991.81,1,0,1,0,31,0,0,0,0,0,0,0,0,0,0,0,0,31,0,0,0,0,0
1991.81,1,0,1,1,31,31,0,0,0,0,0,0,0,0,0,0,0,31,0,0,0,0,0
1991.81,1,1,0,0,523,0,0,0,1,0,0,0,0,0,0,0,0,103,0,0,0,103,0
1991.81,1,1,0,1,176,176,0,0,0,0,0,0,0,0,0,0,0,28,0,0,0,28,0
1991.81,1,1,1,0,31,0,0,0,0,0,0,0,0,0,0,0,0,31,0,0,0,0,0
1991.81,1,1,1,1,31,31,0,0,0,0,0,0,0,0,0,0,0,31,0,0,0,0,0
1991.85,1,0,0,0,585,0,0,0,0,0,0,0,0,0,0,0,0,104,0,0,0,104,0
1991.85,1,0,0,1,181,181,0,0,0,0,0,0,0,0,0,0,0,28,0,0,0,28,0
1991.85,1,0,1,0,32,0,0,0,0,0,0,0,0,0,0,0,0,32,0,0,0,0,0
1991.85,1,0,1,1,31,31,0,0,0,0,0,0,0,0,0,0,0,31,0,0,0,0,0
1991.85,1,1,0,0,523,0,0,0,0,0,0,0,0,0,0,0,0,104,0,0,0,104,0
1991.85,1,1,0,1,174,174,0,0,1,1,0,0,0,0,0,0,0,28,0,0,0,28,0
1991.85,1,1,1,0,31,0,0,0,0,0,0,0,0,0,0,0,0,31,0,0,0,0,0
1991.85,1,1,1,1,32,32,0,0,0,0,0,0,0,0,0,0,0,32,0,0,0,0,0
1991.89,1,0,0,0,584,0,0,0,1,0,0,0,0,0,0,0,0,104,0,0,0,104,0
1991.89,1,0,0,1,181,181,0,0,0,0,0,0,0,0,0,0,0,28,0,0,0,28,0
1991.89,1,0,1,0,32,0,0,0,0,0,0,0,0,0,0,0,0,32,0,0,0,0,0
1991.89,1,0,1,1,31,31,0,0,0,0,0,0,0,0,0,0,0,31,0,0,0,0,0
1991.89,1,1,0,0,522,0,0,0,1,0,0,0,0,0,0,0,0,104,0,0,0,104,0
1991.89,1,1,0,1,174,174,0,0,0,0,0,0,0,0,0,0,0,28,0,0,0,28,0
1991.89,1,1,1,0,31,0,0,0,0,0,0,0,0,0,0,0,0,31,0,0,0,0,0
1991.89,1,1,1,1,32,32,0,0,0,0,0,0,0,0,0,0,0,32,0,0,0,0,0
1991.93,1,0,0,0,582,0,0,0,1,0,0,0,0,0,0,0,0,106,0,0,0,106,0
1991.93,1,0,0,1,182,182,1,0,1,1,0,0,0,0,0,0,0,30,0,0,0,30,0
1991.93,1,0,1,0,32,0,0,0,0,0,0,0,0,0,0,0,0,32,0,0,0,0,0
1991.93,1,0,1,1,30,30,0,0,0,0,0,0,0,0,0,0,0,30,0,0,0,0,0
1991.93,1,1,0,0,522,0,0,0,0,0,0,0,0,0,0,0,0,106,0,0,0,106,0
1991.93,1,1,0,1,174,174,1,0,1,1,0,0,0,0,0,0,0,30,0,0,0,30,0
1991.93,1,1,1,0,30,0,0,0,0,0,0,0,0,0,0,0,0,30,0,0,0,0,0
1991.93,1,1,1,1,32,32,0,0,0,0,0,0,0,0,0,0,0,32,0,0,0,0,0
1991.97,1,0,0,0,582,0,0,0,0,0,0,0,0,0,0,0,0,106,0,0,0,106,0
1991.97,1,0,0,1,180,180,0,0,1,1,0,0,0,0,0,0,0,30,0,0,0,30,0
1991.97,1,0,1,0,32,0,0,0,0,0,0,0,0,0,0,0,0,32,0,0,0,0,0
1991.97,1,0,1,1,31,31,0,0,0,0,0,0,0,0,0,0,0,31,0,0,0,0,0
1991.97,1,1,0,0,521,0,0,0,0,0,0,0,0,0,0,0,0,106,0,0,0,106,0
1991.97,1,1,0,1,174,174,0,0,0,0,0,0,0,0,0,0,0,30,0,0,0,30,0
1991.97,1,1,1,0,31,0,0,0,0,0,0,0,0,0,0,0,0,31,0,0,0,0,0
1991.97,1,1,1,1,32,32,0,0,0,0,0,0,0,0,0,0,0,32,0,0,0,0,0
