Time,NodeID,Species,Population,VectorPopulation,STATE_INFECTIOUS,STATE_INFECTED,STATE_ADULT,STATE_MALE,STATE_IMMATURE,STATE_LARVA,STATE_EGG,NewEggsCount,IndoorBitesCount,IndoorBitesCount-Infectious,OutdoorBitesCount,OutdoorBitesCount-Infectious,NewAdults,UnmatedAdults,DiedBeforeFeeding,DiedDuringFeedingIndoor,DiedDuringFeedingOutdoor,AvailableHabitat,EggCrowdingCorrection
0,9,SillySkeeter,1,0,0,0,0,0,0,0,0,0,0,0,0,0,0,0,0,0,0,26903.4,1
0,8,SillySkeeter,1,0,0,0,0,0,0,0,0,0,0,0,0,0,0,0,0,0,0,26903.4,1
0,7,SillySkeeter,1,0,0,0,0,0,0,0,0,0,0,0,0,0,0,0,0,0,0,26903.4,1
0,6,SillySkeeter,1,0,0,0,0,0,0,0,0,0,0,0,0,0,0,0,0,0,0,26903.4,1
0,5,SillySkeeter,1,36140,0,0,36140,144846,0,0,2416978,1208500,582,0,592,0,0,0,3855,0,0,26903.4,1
0,4,SillySkeeter,1,0,0,0,0,0,0,0,0,0,0,0,0,0,0,0,0,0,0,26903.4,1
0,3,SillySkeeter,1,0,0,0,0,0,0,0,0,0,0,0,0,0,0,0,0,0,0,0,0
0,2,SillySkeeter,0,0,0,0,0,0,0,0,0,0,0,0,0,0,0,0,0,0,0,0,0
0,1,SillySkeeter,0,0,0,0,0,0,0,0,0,0,0,0,0,0,0,0,0,0,0,26903.4,1
1,9,SillySkeeter,1,5,0,0,5,2826,0,0,400,200,0,0,0,0,0,0,0,0,0,38628.8,1
1,8,SillySkeeter,1,1529,0,0,1529,2015,0,0,97205,48600,18,0,32,0,0,0,160,0,0,38628.8,1
1,7,SillySkeeter,1,1479,0,0,1479,3927,0,0,94796,47400,28,0,22,0,0,0,154,0,0,38628.8,1
1,6,SillySkeeter,1,8,0,0,8,30,0,0,600,300,0,0,0,0,0,0,1,0,0,38628.8,1
1,5,SillySkeeter,1,28187,0,0,28187,116152,0,27095,1884607,942300,450,0,464,0,0,0,2940,0,0,11533.8,0.0111309
1,4,SillySkeeter,1,0,0,0,0,2141,0,0,0,0,0,0,0,0,0,0,0,0,0,38628.8,1
1,3,SillySkeeter,1,91,0,0,91,0,0,0,0,3300,1,0,2,0,0,0,12,0,0,0,0
1,2,SillySkeeter,0,0,0,0,0,3015,0,0,0,0,0,0,0,0,0,0,0,0,0,0,0
1,1,SillySkeeter,0,1410,0,0,1410,1026,0,0,95790,47900,0,0,0,0,0,0,164,0,0,38628.8,1
2,9,SillySkeeter,1,7,0,0,7,4894,0,400,600,300,0,0,0,0,0,0,1,0,0,48935.6,1
2,8,SillySkeeter,1,2578,0,0,2578,3366,0,38676,176790,88400,40,0,28,0,0,0,269,0,0,10659.6,0.397416
2,7,SillySkeeter,1,2419,0,0,2419,6651,0,38728,168407,84200,46,0,44,0,0,0,270,0,0,10607.6,0.407477
2,6,SillySkeeter,1,10,0,0,10,45,0,600,1000,500,0,0,0,0,0,0,2,0,0,48735.6,1
2,5,SillySkeeter,1,22071,0,0,22071,93253,0,36147,1461425,730700,399,0,355,0,0,0,2244,0,0,13188.6,0.00612003
2,4,SillySkeeter,1,0,0,0,0,3626,0,0,0,0,0,0,0,0,0,0,0,0,0,49335.6,1
2,3,SillySkeeter,1,161,0,0,161,0,0,0,0,5700,4,0,4,0,0,0,20,0,0,0,0
2,2,SillySkeeter,0,0,0,0,0,5028,0,0,0,0,0,0,0,0,0,0,0,0,0,0,0
2,1,SillySkeeter,0,2418,0,0,2418,1769,0,38329,155202,77600,0,0,0,0,0,0,239,0,0,11006.6,0.403224
3,9,SillySkeeter,1,10,0,0,10,6278,0,959,400,200,0,0,1,0,0,0,2,0,0,58153.4,1
3,8,SillySkeeter,1,3293,0,0,3293,4352,0,45646,221186,110600,56,0,68,0,0,0,317,0,0,13466.4,0.0602921
3,7,SillySkeeter,1,3056,0,0,3056,8441,0,45515,196002,98000,48,0,35,0,0,0,310,0,0,13597.4,0.0629908
3,6,SillySkeeter,1,12,0,0,12,62,0,1546,400,200,0,0,0,0,0,0,1,0,0,57566.4,1
3,5,SillySkeeter,1,17257,0,0,17257,75116,0,45747,1164560,582300,277,0,290,0,0,0,1799,0,0,13365.4,0.00902466
3,4,SillySkeeter,1,0,0,0,0,4688,0,0,0,0,0,0,0,0,0,0,0,0,0,59112.4,1
3,3,SillySkeeter,1,212,0,0,212,0,0,0,0,7000,8,0,4,0,0,0,23,0,0,0,0
3,2,SillySkeeter,0,0,0,0,0,6267,0,0,0,0,0,0,0,0,0,0,0,0,0,0,0
3,1,SillySkeeter,0,3073,0,0,3073,2227,0,45605,211189,105600,0,0,0,0,0,0,299,0,0,13507.4,0.0709191
4,9,SillySkeeter,1,13,0,0,13,7056,0,1259,400,200,0,0,0,0,0,0,1,0,0,66780.8,1
4,8,SillySkeeter,1,3676,0,0,3676,4989,0,54747,237817,118900,55,0,69,0,0,0,374,0,0,13292.8,0.0608787
4,7,SillySkeeter,1,3420,0,0,3420,9494,0,54538,228389,114200,52,0,65,0,0,0,342,0,0,13501.8,0.0693744
4,6,SillySkeeter,1,15,0,0,15,68,0,1801,1000,500,0,0,1,0,0,0,0,0,0,66238.8,1
4,5,SillySkeeter,1,13498,0,0,13498,60588,0,54748,891405,445700,221,0,220,0,0,0,1439,0,0,13291.8,0.0114764
4,4,SillySkeeter,1,0,0,0,0,5425,0,0,0,0,0,0,0,0,0,0,0,0,0,68039.8,1
4,3,SillySkeeter,1,252,0,0,252,0,0,0,0,8400,1,0,3,0,0,0,31,0,0,0,0
4,2,SillySkeeter,0,0,0,0,0,7064,0,0,0,0,0,0,0,0,0,0,0,0,0,0,0
4,1,SillySkeeter,0,3481,0,0,3481,2499,0,54743,231797,115900,0,0,0,0,0,0,371,0,0,13296.8,0.0639554
5,9,SillySkeeter,1,14,0,0,14,7477,0,1534,1800,900,2,0,0,0,0,0,2,0,0,74657.7,1
5,8,SillySkeeter,1,3840,0,0,3840,5392,0,63018,259600,129800,69,0,59,0,0,0,445,0,0,13173.7,0.0558991
5,7,SillySkeeter,1,3632,0,0,3632,10111,0,62684,249398,124700,59,0,60,0,0,0,364,0,0,13507.7,0.0591148
5,6,SillySkeeter,1,18,0,0,18,72,0,2650,1600,800,0,0,0,0,0,0,0,0,0,73541.7,1
5,5,SillySkeeter,1,10520,0,0,10520,48807,0,62928,692993,346500,173,0,191,0,0,0,1166,0,0,13263.7,0.0149112
5,4,SillySkeeter,1,0,0,0,0,5928,0,0,0,0,0,0,0,0,0,0,0,0,0,76191.7,1
5,3,SillySkeeter,1,268,0,0,268,0,0,0,0,8500,2,0,6,0,0,0,30,0,0,0,0
5,2,SillySkeeter,0,0,0,0,0,7453,0,0,0,0,0,0,0,0,0,0,0,0,0,0,0
5,1,SillySkeeter,0,3687,0,0,3687,2677,0,62680,232993,116500,0,0,0,0,0,0,369,0,0,13511.7,0.0573633
6,9,SillySkeeter,1,15,0,0,15,7604,0,3182,600,300,1,0,0,0,0,0,2,0,0,80453.5,1
6,8,SillySkeeter,1,3897,0,0,3897,5598,0,70264,262596,131300,66,0,74,0,0,0,420,0,0,13371.5,0.0507463
6,7,SillySkeeter,1,3752,0,0,3752,10342,0,70284,238577,119300,71,0,75,0,0,0,352,0,0,13351.5,0.0541609
6,6,SillySkeeter,1,17,0,0,17,74,0,3993,800,400,0,0,0,0,0,0,3,0,0,79642.5,1
6,5,SillySkeeter,1,8259,0,0,8259,39381,0,70280,567615,283800,155,0,150,0,0,0,859,0,0,13355.5,0.0191396
6,4,SillySkeeter,1,0,0,0,0,6212,0,0,0,0,0,0,0,0,0,0,0,0,0,83635.5,1
6,3,SillySkeeter,1,271,0,0,271,0,0,0,0,8700,6,0,3,0,0,0,33,0,0,0,0
6,2,SillySkeeter,0,0,0,0,0,7608,0,0,0,0,0,0,0,0,0,0,0,0,0,0,0
6,1,SillySkeeter,0,3737,0,0,3737,2749,0,70317,245993,123000,0,0,0,0,0,0,362,0,0,13318.5,0.0579902
7,9,SillySkeeter,1,18,0,0,18,7546,0,3479,1000,500,1,0,0,0,0,0,0,0,0,86953.6,1
7,8,SillySkeeter,1,3830,0,0,3830,5650,0,77054,249603,124800,55,0,68,0,0,0,403,0,0,13378.6,0.0509196
7,7,SillySkeeter,1,3727,0,0,3727,10228,0,76789,246791,123400,66,0,72,0,0,0,416,0,0,13643.6,0.0559576
7,6,SillySkeeter,1,20,0,0,20,77,0,4394,1800,900,0,0,0,0,0,0,0,0,0,86038.6,1
7,5,SillySkeeter,1,6479,0,0,6479,31916,0,76778,425215,212600,99,0,113,0,0,0,663,0,0,13654.6,0.0235297
7,4,SillySkeeter,1,0,0,0,0,6358,0,0,0,0,0,0,0,0,0,0,0,0,0,90432.6,1
7,3,SillySkeeter,1,272,0,0,272,0,0,0,0,9700,4,0,4,0,0,0,33,0,0,0,0
7,2,SillySkeeter,0,0,0,0,0,7563,0,0,0,0,0,0,0,0,0,0,0,0,0,0,0
7,1,SillySkeeter,0,3720,0,0,3720,2742,0,76480,243798,121900,0,0,0,0,0,0,367,0,0,13952.6,0.0541402
8,9,SillySkeeter,1,17,0,0,17,7385,0,4156,1800,900,0,0,2,0,0,0,2,0,0,92483.3,1
8,8,SillySkeeter,1,3762,0,0,3762,5615,0,83022,256193,128100,77,0,79,0,0,0,384,0,0,13617.3,0.0536002
8,7,SillySkeeter,1,3571,0,0,3571,10039,0,83183,251383,125700,58,0,50,0,0,0,410,0,0,13456.3,0.055282
8,6,SillySkeeter,1,20,0,0,20,77,0,5733,1600,800,0,0,0,0,0,0,2,0,0,90906.3,1
8,5,SillySkeeter,1,5083,0,0,5083,25787,0,83322,330790,165400,81,0,89,0,0,0,529,0,0,13317.3,0.0321134
8,4,SillySkeeter,1,0,0,0,0,6376,0,0,0,0,0,0,0,0,0,0,0,0,0,96639.3,1
8,3,SillySkeeter,1,284,0,0,284,0,0,0,0,9400,4,0,7,0,0,0,22,0,0,0,0
8,2,SillySkeeter,0,0,0,0,0,7321,0,0,0,0,0,0,0,0,0,0,0,0,0,0,0
8,1,SillySkeeter,0,3613,0,0,3613,2675,0,83507,227810,113900,0,0,0,0,0,0,367,0,0,13132.3,0.0572297
9,9,SillySkeeter,1,15,0,0,15,7074,0,5563,400,200,0,0,0,0,0,0,2,0,0,96743.8,1
9,8,SillySkeeter,1,3638,0,0,3638,5481,0,88586,245824,122900,73,0,53,0,0,0,357,0,0,13720.8,0.053151
9,7,SillySkeeter,1,3408,0,0,3408,9618,0,88668,220988,110500,61,0,56,0,0,0,377,0,0,13638.8,0.0535254
9,6,SillySkeeter,1,20,0,0,20,71,0,6822,400,200,0,0,1,0,0,0,2,0,0,95484.8,1
9,5,SillySkeeter,1,3972,0,0,3972,20913,0,88621,275598,137800,73,0,69,0,0,0,434,0,0,13685.8,0.0402578
9,4,SillySkeeter,1,0,0,0,0,6265,0,0,0,0,0,0,0,0,0,0,0,0,0,102307,1
9,3,SillySkeeter,1,283,0,0,283,0,0,0,0,8700,5,0,3,0,0,0,33,0,0,0,0
9,2,SillySkeeter,0,0,0,0,0,7123,0,0,0,0,0,0,0,0,0,0,0,0,0,0,0
9,1,SillySkeeter,0,3443,0,0,3443,2589,0,89093,223017,111500,0,0,0,0,0,0,366,0,0,13213.8,0.0576483
10,9,SillySkeeter,1,13,0,0,13,6728,0,5429,800,400,1,0,0,0,0,0,2,0,0,102053,1
10,8,SillySkeeter,1,3477,0,0,3477,5278,0,93822,227606,113800,64,0,47,0,0,0,355,0,0,13659.9,0.0558209
10,7,SillySkeeter,1,3243,0,0,3243,9191,0,93879,208385,104200,44,0,51,0,0,0,340,0,0,13602.9,0.0617139
10,6,SillySkeeter,1,21,0,0,21,66,0,6567,1800,900,0,0,1,0,0,0,0,0,0,100915,1
10,5,SillySkeeter,1,3091,0,0,3091,16914,0,93797,208389,104200,51,0,47,0,0,0,326,0,0,13684.9,0.0496581
10,4,SillySkeeter,1,0,0,0,0,6066,0,0,0,0,0,0,0,0,0,0,0,0,0,107482,1
10,3,SillySkeeter,1,276,0,0,276,0,0,0,0,9500,5,0,5,0,0,0,25,0,0,0,0
10,2,SillySkeeter,0,0,0,0,0,6770,0,0,0,0,0,0,0,0,0,0,0,0,0,0,0
10,1,SillySkeeter,0,3258,0,0,3258,2467,0,93989,207803,103900,0,0,0,0,0,0,352,0,0,13492.9,0.0592546
11,9,SillySkeeter,1,13,0,0,13,6275,0,5728,1400,700,1,0,0,0,0,0,0,0,0,106480,1
11,8,SillySkeeter,1,3276,0,0,3276,5050,0,98353,222170,111100,49,0,39,0,0,0,348,0,0,13854.5,0.0600172
11,7,SillySkeeter,1,3029,0,0,3029,8709,0,98711,214803,107400,63,0,54,0,0,0,325,0,0,13496.5,0.0652731
11,6,SillySkeeter,1,20,0,0,20,60,0,7751,1400,700,0,0,1,0,0,0,2,0,0,104457,1
11,5,SillySkeeter,1,2434,0,0,2434,13743,0,98435,151388,75700,29,0,31,0,0,0,250,0,0,13772.5,0.0656666
11,4,SillySkeeter,1,0,0,0,0,5843,0,0,0,0,0,0,0,0,0,0,0,0,0,112208,1
11,3,SillySkeeter,1,270,0,0,270,0,0,0,0,9400,5,0,5,0,0,0,22,0,0,0,0
11,2,SillySkeeter,0,0,0,0,0,6370,0,0,0,0,0,0,0,0,0,0,0,0,0,0,0
11,1,SillySkeeter,0,3061,0,0,3061,2298,0,98275,191814,95900,0,0,0,0,0,0,329,0,0,13932.5,0.0649322
12,9,SillySkeeter,1,11,0,0,11,5863,0,6611,400,200,0,0,0,0,0,0,4,0,0,109912,1
12,8,SillySkeeter,1,3069,0,0,3069,4771,0,102946,206995,103500,51,0,35,0,0,0,332,0,0,13576.6,0.0623516
12,7,SillySkeeter,1,2837,0,0,2837,8120,0,102771,187797,93900,56,0,37,0,0,0,303,0,0,13751.6,0.0628329
12,6,SillySkeeter,1,18,0,0,18,55,0,8410,600,300,0,0,0,0,0,0,2,0,0,108113,1
12,5,SillySkeeter,1,1893,0,0,1893,11210,0,102747,130785,65400,31,0,25,0,0,0,210,0,0,13775.6,0.0909677
12,4,SillySkeeter,1,0,0,0,0,5593,0,0,0,0,0,0,0,0,0,0,0,0,0,116523,1
12,3,SillySkeeter,1,249,0,0,249,0,0,0,0,8100,4,0,4,0,0,0,31,0,0,0,0
12,2,SillySkeeter,0,0,0,0,0,5979,0,0,0,0,0,0,0,0,0,0,0,0,0,0,0
12,1,SillySkeeter,0,2837,0,0,2837,2140,0,103029,187990,94000,0,0,0,0,0,0,307,0,0,13493.6,0.0726409
13,9,SillySkeeter,1,11,0,0,11,5453,0,6384,800,400,0,0,0,0,0,0,1,0,0,114079,1
13,8,SillySkeeter,1,2849,0,0,2849,4526,0,106802,186193,93100,52,0,37,0,0,0,314,0,0,13660.8,0.0655874
13,7,SillySkeeter,1,2621,0,0,2621,7580,0,106775,164405,82200,43,0,40,0,0,0,292,0,0,13687.8,0.0732247
13,6,SillySkeeter,1,16,0,0,16,51,0,8199,1600,800,1,0,1,0,0,0,2,0,0,112264,1
13,5,SillySkeeter,1,1466,0,0,1466,9206,0,106690,103213,51600,31,0,21,0,0,0,157,0,0,13772.8,0.105318
13,4,SillySkeeter,1,0,0,0,0,5286,0,0,0,0,0,0,0,0,0,0,0,0,0,120463,1
13,3,SillySkeeter,1,237,0,0,237,0,0,0,0,7900,6,0,7,0,0,0,24,0,0,0,0
13,2,SillySkeeter,0,0,0,0,0,5580,0,0,0,0,0,0,0,0,0,0,0,0,0,0,0
13,1,SillySkeeter,0,2648,0,0,2648,1978,0,106771,169602,84800,0,0,0,0,0,0,276,0,0,13691.8,0.0717745
14,9,SillySkeeter,1,12,0,0,12,5081,0,6590,1000,500,0,0,0,0,0,0,0,0,0,117471,1
14,8,SillySkeeter,1,2634,0,0,2634,4271,0,110444,173985,87000,39,0,41,0,0,0,270,0,0,13616.8,0.0733665
14,7,SillySkeeter,1,2442,0,0,2442,7049,0,110300,170587,85300,43,0,52,0,0,0,252,0,0,13760.8,0.0832593
14,6,SillySkeeter,1,16,0,0,16,49,0,8997,1200,600,0,0,1,0,0,0,1,0,0,115064,1
14,5,SillySkeeter,1,1136,0,0,1136,7487,0,110539,69002,34500,13,0,16,0,0,0,130,0,0,13521.8,0.133458
14,4,SillySkeeter,1,0,0,0,0,4976,0,0,0,0,0,0,0,0,0,0,0,0,0,124061,1
14,3,SillySkeeter,1,208,0,0,208,0,0,0,0,7300,6,0,4,0,0,0,37,0,0,0,0
14,2,SillySkeeter,0,0,0,0,0,5213,0,0,0,0,0,0,0,0,0,0,0,0,0,0,0
14,1,SillySkeeter,0,2451,0,0,2451,1844,0,110180,154190,77100,0,0,0,0,0,0,259,0,0,13880.8,0.0807302
15,9,SillySkeeter,1,12,0,0,12,4708,0,6965,400,200,0,0,0,0,0,0,0,0,0,120381,1
15,8,SillySkeeter,1,2434,0,0,2434,3949,0,113545,165807,82900,45,0,33,0,0,0,254,0,0,13801.2,0.0782574
15,7,SillySkeeter,1,2251,0,0,2251,6491,0,113449,151807,75900,47,0,34,0,0,0,239,0,0,13897.2,0.0806611
15,6,SillySkeeter,1,15,0,0,15,47,0,9364,600,300,0,0,0,0,0,0,3,0,0,117982,1
15,5,SillySkeeter,1,897,0,0,897,6151,0,113533,63392,31700,15,0,10,0,0,0,84,0,0,13813.2,0.195968
15,4,SillySkeeter,1,0,0,0,0,4685,0,0,0,0,0,0,0,0,0,0,0,0,0,127346,1
15,3,SillySkeeter,1,196,0,0,196,0,0,0,0,5800,2,0,4,0,0,0,15,0,0,0,0
15,2,SillySkeeter,0,0,0,0,0,4806,0,0,0,0,0,0,0,0,0,0,0,0,0,0,0
15,1,SillySkeeter,0,2271,0,0,2271,1682,0,113583,151394,75700,0,0,0,0,0,0,228,0,0,13763.2,0.090018
16,9,SillySkeeter,1,8,0,0,8,4349,0,6722,800,400,1,0,0,0,0,0,4,0,0,123624,1
16,8,SillySkeeter,1,2263,0,0,2263,3657,0,116434,151208,75600,31,0,37,0,0,0,208,0,0,13912.2,0.0832399
16,7,SillySkeeter,1,2095,0,0,2095,5962,0,116532,133189,66600,28,0,27,0,0,0,201,0,0,13814.2,0.0915493
16,6,SillySkeeter,1,15,0,0,15,45,0,9085,1200,600,1,0,0,0,0,0,0,0,0,121261,1
16,5,SillySkeeter,1,693,0,0,693,5008,0,116285,47797,23900,15,0,7,0,0,0,85,0,0,14061.2,0.217873
16,4,SillySkeeter,1,0,0,0,0,4374,0,0,0,0,0,0,0,0,0,0,0,0,0,130346,1
16,3,SillySkeeter,1,183,0,0,183,0,0,0,0,5900,8,0,1,0,0,0,19,0,0,0,0
16,2,SillySkeeter,0,0,0,0,0,4427,0,0,0,0,0,0,0,0,0,0,0,0,0,0,0
16,1,SillySkeeter,0,2089,0,0,2089,1573,0,116490,134787,67400,0,0,0,0,0,0,213,0,0,13856.2,0.0909061
17,9,SillySkeeter,1,9,0,0,9,4028,0,6874,600,300,0,0,0,0,0,0,0,0,0,126212,1
17,8,SillySkeeter,1,2089,0,0,2089,3385,0,119203,133400,66700,35,0,39,0,0,0,201,0,0,13882.6,0.0920117
17,7,SillySkeeter,1,1926,0,0,1926,5484,0,119277,136394,68200,30,0,28,0,0,0,200,0,0,13808.6,0.10371
17,6,SillySkeeter,1,14,0,0,14,38,0,9347,1200,600,0,0,0,0,0,0,1,0,0,123739,1
17,5,SillySkeeter,1,550,0,0,550,4098,0,119285,33197,16600,9,0,7,0,0,0,56,0,0,13800.6,0.294167
17,4,SillySkeeter,1,0,0,0,0,4089,0,0,0,0,0,0,0,0,0,0,0,0,0,133086,1
17,3,SillySkeeter,1,168,0,0,168,0,0,0,0,6100,4,0,4,0,0,0,19,0,0,0,0
17,2,SillySkeeter,0,0,0,0,0,4053,0,0,0,0,0,0,0,0,0,0,0,0,0,0,0
17,1,SillySkeeter,0,1912,0,0,1912,1452,0,119106,116990,58500,0,0,0,0,0,0,201,0,0,13979.6,0.102791
18,9,SillySkeeter,1,6,0,0,6,3675,0,6841,200,100,0,0,0,0,0,0,3,0,0,128746,1
18,8,SillySkeeter,1,1916,0,0,1916,3116,0,121834,129602,64800,31,0,32,0,0,0,205,0,0,13753,0.104067
18,7,SillySkeeter,1,1771,0,0,1771,5025,0,121521,119999,60000,34,0,32,0,0,0,181,0,0,14066,0.101236
18,6,SillySkeeter,1,11,0,0,11,35,0,9659,400,200,0,0,0,0,0,0,3,0,0,125928,1
18,5,SillySkeeter,1,427,0,0,427,3329,4930,116880,30593,15300,4,0,7,0,0,0,46,0,0,18707,0.41568
18,4,SillySkeeter,1,0,0,0,0,3822,0,0,0,0,0,0,0,0,0,0,0,0,0,135587,1
18,3,SillySkeeter,1,153,0,0,153,0,0,0,0,4800,1,0,3,0,0,0,18,0,0,0,0
18,2,SillySkeeter,0,0,0,0,0,3662,0,0,0,0,0,0,0,0,0,0,0,0,0,0,0
18,1,SillySkeeter,0,1770,0,0,1770,1319,0,121774,121393,60700,0,0,0,0,0,0,158,0,0,13813,0.119483
19,9,SillySkeeter,1,5,0,0,5,3376,66,6330,400,200,0,0,0,0,0,0,1,0,0,131541,1
19,8,SillySkeeter,1,1735,0,0,1735,2886,7035,116850,117800,58900,36,0,27,0,0,0,196,0,0,21021.1,0.106119
19,7,SillySkeeter,1,1611,0,0,1611,4595,7082,116967,100807,50400,26,0,15,0,0,0,180,0,0,20904.1,0.117217
19,6,SillySkeeter,1,11,0,0,11,36,121,9010,800,400,1,0,0,0,0,0,0,0,0,128861,1
19,5,SillySkeeter,1,337,0,0,337,2682,6543,122333,22597,11300,6,0,10,0,0,0,35,0,0,15538.1,0.611339
19,4,SillySkeeter,1,0,0,0,0,3567,0,0,0,0,0,0,0,0,0,0,0,0,0,137871,1
19,3,SillySkeeter,1,137,0,0,137,0,0,0,0,4300,0,0,4,0,0,0,18,0,0,0,0
19,2,SillySkeeter,0,0,0,0,0,3328,0,0,0,0,0,0,0,0,0,0,0,0,0,0,0
19,1,SillySkeeter,0,1629,0,0,1629,1204,7043,116999,105219,52600,0,0,0,0,0,0,159,0,0,20872.1,0.113781
20,9,SillySkeeter,1,5,0,0,5,3111,179,6008,400,200,0,0,1,0,0,0,0,0,0,133949,1
20,8,SillySkeeter,1,1590,0,0,1590,2678,8317,124592,102995,51500,25,0,28,0,0,0,158,0,0,15364.8,0.178447
20,7,SillySkeeter,1,1487,0,0,1487,4213,8286,124916,102414,51200,28,0,21,0,0,0,138,0,0,15040.8,0.207382
20,6,SillySkeeter,1,7,0,0,7,33,303,8728,400,200,0,0,0,0,0,0,4,0,0,131229,1
20,5,SillySkeeter,1,263,0,0,263,2242,8289,124017,13799,6900,2,0,6,0,0,0,32,0,0,15939.8,0.687527
20,4,SillySkeeter,1,0,0,0,0,3329,0,0,0,0,0,0,0,0,0,0,0,0,0,139957,1
20,3,SillySkeeter,1,127,0,0,127,0,0,0,0,4600,2,0,1,0,0,0,10,0,0,0,0
20,2,SillySkeeter,0,0,0,0,0,3049,0,0,0,0,0,0,0,0,0,0,0,0,0,0,0
20,1,SillySkeeter,0,1474,0,0,1474,1104,8342,124624,89409,44700,0,0,0,0,0,0,170,0,0,15332.8,0.198404
21,9,SillySkeeter,1,4,0,0,4,2866,222,5820,200,100,0,0,0,0,0,0,2,0,0,136041,1
21,8,SillySkeeter,1,1464,0,0,1464,2477,10011,125516,99382,49700,28,0,18,0,0,0,137,0,0,16345.3,0.149173
21,7,SillySkeeter,1,1355,0,0,1355,3868,9944,125586,94194,47100,23,0,17,0,0,0,140,0,0,16275.3,0.146883
21,6,SillySkeeter,1,7,0,0,7,32,343,8255,400,200,0,0,0,0,0,0,0,0,0,133606,1
21,5,SillySkeeter,1,200,0,0,200,1787,10020,123626,14799,7400,4,0,7,0,0,0,29,0,0,18235.3,1
21,4,SillySkeeter,1,0,0,0,0,3092,0,0,0,0,0,0,0,0,0,0,0,0,0,141861,1
21,3,SillySkeeter,1,122,0,0,122,0,0,0,0,4300,3,0,5,0,0,0,11,0,0,0,0
21,2,SillySkeeter,0,0,0,0,0,2758,0,0,0,0,0,0,0,0,0,0,0,0,0,0,0
21,1,SillySkeeter,0,1338,0,0,1338,1005,10023,125448,91603,45800,0,0,0,0,0,0,144,0,0,16413.3,0.171508
22,9,SillySkeeter,1,4,0,0,4,2660,278,5374,200,100,0,0,0,0,0,0,0,0,0,138226,1
22,8,SillySkeeter,1,1346,0,0,1346,2277,11489,127750,90171,45100,24,0,16,0,0,0,132,0,0,15850.4,0.16444
22,7,SillySkeeter,1,1254,0,0,1254,3534,11433,127318,77182,38600,17,0,12,0,0,0,109,0,0,16282.4,0.172774
22,6,SillySkeeter,1,7,0,0,7,32,488,7662,600,300,0,0,0,0,0,0,0,0,0,135938,1
22,5,SillySkeeter,1,1815,0,0,1815,3138,8127,124233,9596,4800,1,0,3,0,1668,0,18,0,0,19367.4,1
22,4,SillySkeeter,1,0,0,0,0,2839,0,0,0,0,0,0,0,0,0,0,0,0,0,143600,1
22,3,SillySkeeter,1,111,0,0,111,0,0,0,0,3500,0,0,1,0,0,0,11,0,0,0,0
22,2,SillySkeeter,0,0,0,0,0,2515,0,0,0,0,0,0,0,0,0,0,0,0,0,0,0
22,1,SillySkeeter,0,1218,0,0,1218,907,11534,127549,76211,38100,0,0,0,0,0,0,133,0,0,16051.4,0.179185
23,9,SillySkeeter,1,29,0,0,29,2485,552,4701,400,200,0,0,1,0,25,0,0,0,0,140487,1
23,8,SillySkeeter,1,3661,0,0,3661,4463,8019,129228,79397,39700,21,0,16,0,2369,0,129,0,0,15960.4,0.175725
23,7,SillySkeeter,1,3505,0,0,3505,5640,8047,129361,76230,38100,26,0,22,0,2317,0,136,0,0,15827.4,0.210912
23,6,SillySkeeter,1,57,0,0,57,63,634,7237,400,200,0,0,0,0,49,0,0,0,0,137951,1
23,5,SillySkeeter,1,2104,0,0,2104,3228,8369,119636,7403,3700,70,0,77,0,661,0,142,0,0,25552.4,1
23,4,SillySkeeter,1,0,0,0,0,2642,0,0,0,0,0,0,0,0,0,0,0,0,0,145188,1
23,3,SillySkeeter,1,104,0,0,104,0,0,0,0,3300,6,0,1,0,0,0,10,0,0,0,0
23,2,SillySkeeter,0,0,0,0,0,2316,0,0,0,0,0,0,0,0,0,0,0,0,0,0,0
23,1,SillySkeeter,0,3522,0,0,3522,3243,8046,129491,64803,32400,0,0,0,0,2353,0,130,0,0,15697.4,0.210648
24,9,SillySkeeter,1,60,0,0,60,2373,529,4538,400,200,1,0,1,0,33,0,3,0,0,142100,1
24,8,SillySkeeter,1,4068,0,0,4068,4749,8400,130391,75994,38000,136,0,150,0,647,0,340,0,0,16247.5,0.201013
24,7,SillySkeeter,1,3891,0,0,3891,5803,8428,130399,74998,37500,122,0,114,0,617,0,330,0,0,16239.5,0.207709
24,6,SillySkeeter,1,116,0,0,116,118,576,6769,400,200,1,0,2,0,65,0,6,0,0,139869,1
24,5,SillySkeeter,1,2410,0,0,2410,3436,8365,113218,7200,3600,29,0,24,0,760,0,160,0,0,33420.5,1
24,4,SillySkeeter,1,0,0,0,0,2456,0,0,0,0,0,0,0,0,0,0,0,0,0,146638,1
24,3,SillySkeeter,1,103,0,0,103,0,0,0,0,3200,2,0,2,0,0,0,5,0,0,0,0
24,2,SillySkeeter,0,0,0,0,0,2159,0,0,0,0,0,0,0,0,0,0,0,0,0,0,0
24,1,SillySkeeter,0,3918,0,0,3918,3628,8384,130406,71810,35900,0,0,0,0,647,0,341,0,0,16232.5,0.242244
25,9,SillySkeeter,1,74,0,0,74,2202,621,4340,200,100,1,0,0,0,25,0,12,0,0,143623,1
25,8,SillySkeeter,1,4609,0,0,4609,5187,8392,132043,71817,35900,44,0,47,0,809,0,390,0,0,15919.5,0.213782
25,7,SillySkeeter,1,4485,0,0,4485,6108,8457,131747,57191,28600,40,0,37,0,864,0,366,0,0,16215.5,0.216526
25,6,SillySkeeter,1,131,0,0,131,117,792,6183,400,200,2,0,2,0,22,0,7,0,0,141780,1
25,5,SillySkeeter,1,2681,0,0,2681,3660,8403,107002,3800,1900,28,0,34,0,836,0,239,0,0,40960.5,1
25,4,SillySkeeter,1,0,0,0,0,2307,0,0,0,0,0,0,0,0,0,0,0,0,0,147963,1
25,3,SillySkeeter,1,106,0,0,106,0,0,0,0,3400,1,0,1,0,0,0,9,0,0,0,0
25,2,SillySkeeter,0,0,0,0,0,2006,0,0,0,0,0,0,0,0,0,0,0,0,0,0,0
25,1,SillySkeeter,0,4411,0,0,4411,4143,8599,131662,56794,28400,0,0,0,0,794,0,396,0,0,16300.5,0.226079
26,9,SillySkeeter,1,97,0,0,97,2058,835,3805,400,200,0,0,2,0,28,0,5,0,0,145367,1
26,8,SillySkeeter,1,5160,0,0,5160,5568,8496,132948,98616,49300,58,0,53,0,844,0,408,0,0,16223.6,0.22172
26,7,SillySkeeter,1,4996,0,0,4996,6550,8432,133054,93405,46700,49,0,69,0,815,0,417,0,0,16117.6,0.283488
26,6,SillySkeeter,1,168,0,0,168,159,887,5712,600,300,3,0,1,0,52,0,15,0,0,143460,1
26,5,SillySkeeter,1,2914,0,0,2914,3775,8524,98266,128594,64300,62,0,66,0,802,0,218,0,0,50905.6,1
26,4,SillySkeeter,1,0,0,0,0,2146,0,0,0,0,0,0,0,0,0,0,0,0,0,149172,1
26,3,SillySkeeter,1,91,0,0,91,0,0,0,0,3100,3,0,2,0,0,0,17,0,0,0,0
26,2,SillySkeeter,0,0,0,0,0,1896,0,0,0,0,0,0,0,0,0,0,0,0,0,0,0
26,1,SillySkeeter,0,4906,0,0,4906,4588,8656,132604,77606,38800,0,0,0,0,797,0,423,0,0,16567.6,0.286981
27,9,SillySkeeter,1,208,0,0,208,2046,598,3783,3598,1800,4,0,0,0,120,0,9,0,0,146493,1
27,8,SillySkeeter,1,5523,0,0,5523,5937,8691,134095,386799,193400,150,0,133,0,764,0,543,0,0,16180.6,0.164539
27,7,SillySkeeter,1,5463,0,0,5463,6748,8569,134010,382004,191000,146,0,155,0,820,0,462,0,0,16265.6,0.172565
27,6,SillySkeeter,1,242,0,0,242,242,685,5673,6599,3300,6,0,7,0,91,0,18,0,0,144603,1
27,5,SillySkeeter,1,3115,0,0,3115,3817,8553,137358,52590,26300,66,0,36,0,841,0,252,0,0,12917.6,0.395844
27,4,SillySkeeter,1,0,0,0,0,2000,0,0,0,0,0,0,0,0,0,0,0,0,0,150276,1
27,3,SillySkeeter,1,98,0,0,98,0,0,0,0,2900,3,0,0,0,0,0,9,0,0,0,0
27,2,SillySkeeter,0,0,0,0,0,1798,0,0,0,0,0,0,0,0,0,0,0,0,0,0,0
27,1,SillySkeeter,0,5376,0,0,5376,4943,8672,134264,351603,175800,0,0,0,0,804,0,454,0,0,16011.6,0.2135
28,9,SillySkeeter,1,223,0,0,223,1937,616,6867,3801,1900,7,0,5,0,35,0,21,0,0,144417,1
28,8,SillySkeeter,1,6008,0,0,6008,6274,8742,135116,154208,77100,79,0,67,0,841,0,514,0,0,16167.8,0.041832
28,7,SillySkeeter,1,5873,0,0,5873,6986,8595,135085,140207,70100,78,0,84,0,829,0,549,0,0,16198.8,0.0425802
28,6,SillySkeeter,1,270,0,0,270,266,831,11397,10001,5000,8,0,6,0,47,0,19,0,0,139887,1
28,5,SillySkeeter,1,3291,0,0,3291,3829,8636,134343,57006,28500,45,0,49,0,835,0,249,0,0,16940.8,0.245582
28,4,SillySkeeter,1,0,0,0,0,1867,0,0,0,0,0,0,0,0,0,0,0,0,0,151284,1
28,3,SillySkeeter,1,99,0,0,99,0,0,0,0,3000,3,0,4,0,0,0,10,0,0,0,0
28,2,SillySkeeter,0,0,0,0,0,1704,0,0,0,0,0,0,0,0,0,0,0,0,0,0,0
28,1,SillySkeeter,0,5826,0,0,5826,5304,8597,134834,161804,80900,0,0,0,0,823,0,483,0,0,16449.8,0.0455393
29,9,SillySkeeter,1,277,0,0,277,1880,701,9723,3996,2000,3,0,2,0,70,0,16,0,0,142481,1
29,8,SillySkeeter,1,6379,0,0,6379,6574,8840,135806,214395,107200,98,0,84,0,812,0,587,0,0,16398.3,0.104849
29,7,SillySkeeter,1,6203,0,0,6203,7248,8666,135809,209416,104700,92,0,94,0,767,0,595,0,0,16395.3,0.11554
29,6,SillySkeeter,1,350,0,0,350,359,766,20110,3600,1800,2,0,2,0,95,0,15,0,0,132094,1
29,5,SillySkeeter,1,3443,0,0,3443,3905,8576,136066,123997,62000,83,0,63,0,865,0,253,0,0,16138.3,0.297206
29,4,SillySkeeter,1,0,0,0,0,1746,0,0,0,0,0,0,0,0,0,0,0,0,0,152204,1
29,3,SillySkeeter,1,101,0,0,101,0,0,0,0,3400,0,0,6,0,0,0,9,0,0,0,0
29,2,SillySkeeter,0,0,0,0,0,1613,0,0,0,0,0,0,0,0,0,0,0,0,0,0,0
29,1,SillySkeeter,0,6282,0,0,6282,5794,8547,135671,189390,94700,0,0,0,0,873,0,562,0,0,16533.3,0.101667
30,9,SillySkeeter,1,362,0,0,362,1855,499,12718,6613,3300,5,0,4,0,114,0,30,0,0,140327,1
30,8,SillySkeeter,1,6782,0,0,6782,6829,8802,136947,413194,206600,155,0,144,0,873,0,620,0,0,16097.9,0.0764846
30,7,SillySkeeter,1,6568,0,0,6568,7480,8726,136838,412831,206400,144,0,138,0,816,0,596,0,0,16206.9,0.0782965
30,6,SillySkeeter,1,416,0,0,416,424,605,21710,12192,6100,10,0,4,0,102,0,36,0,0,131335,1
30,5,SillySkeeter,1,3588,0,0,3588,3987,8669,136923,89611,44800,52,0,67,0,855,0,274,0,0,16121.9,0.130148
30,4,SillySkeeter,1,0,0,0,0,1636,0,0,0,0,0,0,0,0,0,0,0,0,0,153045,1
30,3,SillySkeeter,1,100,0,0,100,0,0,0,0,3000,3,0,1,0,0,0,11,0,0,0,0
30,2,SillySkeeter,0,0,0,0,0,1511,0,0,0,0,0,0,0,0,0,0,0,0,0,0,0
30,1,SillySkeeter,0,6649,0,0,6649,6098,8525,136719,367586,183800,0,0,0,0,827,0,590,0,0,16325.9,0.087293
31,9,SillySkeeter,1,353,0,0,353,1757,553,18004,18787,9400,12,0,12,0,30,0,40,0,0,135808,1
31,8,SillySkeeter,1,7155,0,0,7155,7058,8712,137400,242979,121500,115,0,119,0,857,0,659,0,0,16412.4,0.038959
31,7,SillySkeeter,1,6949,0,0,6949,7655,8726,137464,234994,117500,85,0,112,0,874,0,638,0,0,16348.4,0.0392608
31,6,SillySkeeter,1,400,0,0,400,406,804,31487,21609,10800,9,0,11,0,17,0,34,0,0,122325,1
31,5,SillySkeeter,1,3612,0,0,3612,4045,8808,137607,88602,44300,62,0,53,0,822,0,323,0,0,16205.4,0.179932
31,4,SillySkeeter,1,0,0,0,0,1531,0,0,0,0,0,0,0,0,0,0,0,0,0,153812,1
31,3,SillySkeeter,1,108,0,0,108,0,0,0,0,3200,3,0,3,0,0,0,9,0,0,0,0
31,2,SillySkeeter,0,0,0,0,0,1442,0,0,0,0,0,0,0,0,0,0,0,0,0,0,0
31,1,SillySkeeter,0,6953,0,0,6953,6340,8526,137624,257600,128800,0,0,0,0,829,0,661,0,0,16188.4,0.0444121
32,9,SillySkeeter,1,369,0,0,369,1723,577,34761,6994,3500,5,0,4,0,50,0,34,0,0,119752,1
32,8,SillySkeeter,1,7486,0,0,7486,7313,8609,138475,300018,150000,112,0,120,0,918,0,747,0,0,16038.3,0.0675409
32,7,SillySkeeter,1,7209,0,0,7209,7852,8721,138105,286806,143400,103,0,105,0,804,0,699,0,0,16408.3,0.0695678
32,6,SillySkeeter,1,454,0,0,454,477,764,49861,8799,4400,2,0,3,0,95,0,41,0,0,104652,1
32,5,SillySkeeter,1,3741,0,0,3741,4126,8736,138305,130179,65100,56,0,62,0,875,0,271,0,0,16208.3,0.182906
32,4,SillySkeeter,1,0,0,0,0,1453,0,0,0,0,0,0,0,0,0,0,0,0,0,154513,1
32,3,SillySkeeter,1,110,0,0,110,0,0,0,0,3100,0,0,1,0,0,0,14,0,0,0,0
32,2,SillySkeeter,0,0,0,0,0,1370,0,0,0,0,0,0,0,0,0,0,0,0,0,0,0
32,1,SillySkeeter,0,7228,0,0,7228,6597,8689,138295,274195,137100,0,0,0,0,777,0,646,0,0,16218.3,0.0628433
33,9,SillySkeeter,1,440,0,0,440,1698,425,38439,14205,7100,4,0,5,0,95,0,24,0,0,116714,1
33,8,SillySkeeter,1,7794,0,0,7794,7536,8591,139054,447213,223600,139,0,162,0,812,0,699,0,0,16099.3,0.0534611
33,7,SillySkeeter,1,7480,0,0,7480,8092,8778,138827,432207,216100,160,0,155,0,828,0,719,0,0,16326.3,0.0572117
33,6,SillySkeeter,1,492,0,0,492,504,647,53687,21003,10500,9,0,8,0,85,0,47,0,0,101466,1
33,5,SillySkeeter,1,3753,0,0,3753,4123,8705,138732,109583,54800,72,0,72,0,859,0,305,0,0,16421.3,0.124488
33,4,SillySkeeter,1,0,0,0,0,1381,0,0,0,0,0,0,0,0,0,0,0,0,0,155153,1
33,3,SillySkeeter,1,113,0,0,113,0,0,0,0,3800,2,0,3,0,0,0,10,0,0,0,0
33,2,SillySkeeter,0,0,0,0,0,1307,0,0,0,0,0,0,0,0,0,0,0,0,0,0,0
33,1,SillySkeeter,0,7546,0,0,7546,6832,8722,138767,394983,197500,0,0,0,0,866,0,720,0,0,16386.3,0.0591478
34,9,SillySkeeter,1,414,0,0,414,1667,492,48814,28994,14500,12,0,11,0,28,0,54,0,0,106924,1
34,8,SillySkeeter,1,8011,0,0,8011,7756,8661,139101,314795,157400,128,0,118,0,833,0,796,0,0,16636.7,0.0360003
34,7,SillySkeeter,1,7763,0,0,7763,8297,8784,139077,306406,153200,102,0,105,0,855,0,726,0,0,16660.7,0.0377749
34,6,SillySkeeter,1,494,0,0,494,497,693,69349,31001,15500,5,0,15,0,46,0,44,0,0,86388.7,1
34,5,SillySkeeter,1,3777,0,0,3777,4208,8702,139270,110991,55500,66,0,60,0,869,0,329,0,0,16467.7,0.14983
34,4,SillySkeeter,1,0,0,0,0,1304,0,0,0,0,0,0,0,0,0,0,0,0,0,155738,1
34,3,SillySkeeter,1,110,0,0,110,0,0,0,0,3800,2,0,3,0,0,0,18,0,0,0,0
34,2,SillySkeeter,0,0,0,0,0,1247,0,0,0,0,0,0,0,0,0,0,0,0,0,0,0
34,1,SillySkeeter,0,7815,0,0,7815,7027,8673,139563,323194,161600,0,0,0,0,815,0,713,0,0,16174.7,0.0414844
35,9,SillySkeeter,1,431,0,0,431,1644,432,73016,9799,4900,4,0,3,0,55,0,39,0,0,83255.4,1
35,8,SillySkeeter,1,8226,0,0,8226,7902,8773,139822,363378,181700,112,0,144,0,803,0,758,0,0,16449.4,0.0528486
35,7,SillySkeeter,1,8012,0,0,8012,8437,8662,139946,347412,173700,124,0,129,0,849,0,771,0,0,16325.4,0.0543758
35,6,SillySkeeter,1,554,0,0,554,536,645,93519,7801,3900,5,0,5,0,105,0,46,0,0,62752.4,1
35,5,SillySkeeter,1,3753,0,0,3753,4284,8694,139730,117405,58700,58,0,50,0,851,0,321,0,0,16541.4,0.148358
35,4,SillySkeeter,1,0,0,0,0,1267,0,0,0,0,0,0,0,0,0,0,0,0,0,156271,1
35,3,SillySkeeter,1,118,0,0,118,0,0,0,0,4000,0,0,2,0,0,0,9,0,0,0,0
35,2,SillySkeeter,0,0,0,0,0,1189,0,0,0,0,0,0,0,0,0,0,0,0,0,0,0
35,1,SillySkeeter,0,8021,0,0,8021,7176,8759,140173,334407,167200,0,0,0,0,840,0,828,0,0,16098.4,0.0500456
36,9,SillySkeeter,1,445,0,0,445,1639,294,75874,16404,8200,4,0,16,0,57,0,43,0,0,80884.7,1
36,8,SillySkeeter,1,8418,0,0,8418,8064,8766,140464,478197,239100,165,0,150,0,852,0,819,0,0,16294.7,0.0452652
36,7,SillySkeeter,1,8228,0,0,8228,8609,8713,140534,448995,224500,145,0,163,0,813,0,751,0,0,16224.7,0.046993
36,6,SillySkeeter,1,586,0,0,586,553,510,92268,28005,14000,9,0,12,0,83,0,51,0,0,64490.7,1
36,5,SillySkeeter,1,3761,0,0,3761,4295,9604,139599,113602,56800,66,0,53,0,828,0,321,0,0,17159.7,0.140898
36,4,SillySkeeter,1,0,0,0,0,1223,0,0,0,0,0,0,0,0,0,0,0,0,0,156759,1
36,3,SillySkeeter,1,128,0,0,128,0,0,0,0,3700,0,0,3,0,0,0,3,0,0,0,0
36,2,SillySkeeter,0,0,0,0,0,1174,0,0,0,0,0,0,0,0,0,0,0,0,0,0,0
36,1,SillySkeeter,0,8242,0,0,8242,7401,8748,140420,410383,205200,0,0,0,0,836,0,788,0,0,16338.7,0.0481411
37,9,SillySkeeter,1,435,0,0,435,1594,287,85027,34201,17100,13,0,10,0,31,0,43,0,0,72176.6,1
37,8,SillySkeeter,1,8636,0,0,8636,8202,10092,139778,366197,183100,143,0,145,0,831,0,784,0,0,17425.6,0.034075
37,7,SillySkeeter,1,8527,0,0,8527,8718,9851,139761,368583,184300,133,0,110,0,900,0,777,0,0,17442.6,0.0361351
37,6,SillySkeeter,1,578,0,0,578,540,532,111263,35598,17800,17,0,10,0,36,0,45,0,0,45940.6,1
37,5,SillySkeeter,1,3708,0,0,3708,4283,9883,140590,115789,57900,65,0,59,0,795,0,309,0,0,16613.6,0.151053
37,4,SillySkeeter,1,0,0,0,0,1197,0,0,0,0,0,0,0,0,0,0,0,0,0,157204,1
37,3,SillySkeeter,1,139,0,0,139,0,0,0,0,5000,1,0,3,0,0,0,9,0,0,0,0
37,2,SillySkeeter,0,0,0,0,0,1150,0,0,0,0,0,0,0,0,0,0,0,0,0,0,0
37,1,SillySkeeter,0,8562,0,0,8562,7529,9975,139467,379195,189600,0,0,0,0,921,0,770,0,0,17736.6,0.0398115
38,9,SillySkeeter,1,444,0,0,444,1548,247,111040,10591,5300,3,0,7,0,48,0,41,0,0,46569.9,1
38,8,SillySkeeter,1,8809,0,0,8809,8323,10269,140967,414778,207400,142,0,143,0,850,0,838,0,0,16642.9,0.047585
38,7,SillySkeeter,1,8704,0,0,8704,8856,9986,141052,409003,204500,138,0,149,0,840,0,834,0,0,16557.9,0.0473212
38,6,SillySkeeter,1,585,0,0,585,556,426,136165,12806,6400,6,0,5,0,66,0,59,0,0,21444.9,1
38,5,SillySkeeter,1,3771,0,0,3771,4313,9830,141301,112597,56300,57,0,50,0,857,0,293,0,0,16308.9,0.143468
38,4,SillySkeeter,1,0,0,0,0,1167,0,0,0,0,0,0,0,0,0,0,0,0,0,157610,1
38,3,SillySkeeter,1,145,0,0,145,0,0,0,0,4300,0,0,2,0,0,0,13,0,0,0,0
38,2,SillySkeeter,0,0,0,0,0,1111,0,0,0,0,0,0,0,0,0,0,0,0,0,0,0
38,1,SillySkeeter,0,8678,0,0,8678,7637,10095,141211,382197,191100,0,0,0,0,834,0,866,0,0,16398.9,0.0467738
39,9,SillySkeeter,1,443,0,0,443,1505,187,110873,20002,10000,9,0,5,0,39,0,41,0,0,47107.9,1
39,8,SillySkeeter,1,8985,0,0,8985,8427,10569,141161,486384,243200,147,0,176,0,885,0,870,0,0,16819.9,0.0401227
39,7,SillySkeeter,1,8837,0,0,8837,8933,10291,141305,474186,237100,164,0,163,0,792,0,823,0,0,16675.9,0.0404839
39,6,SillySkeeter,1,602,0,0,602,571,295,135850,35998,18000,14,0,13,0,70,0,53,0,0,22130.9,1
39,5,SillySkeeter,1,3822,0,0,3822,4387,9953,141455,119984,60000,61,0,72,0,878,0,315,0,0,16525.9,0.144839
39,4,SillySkeeter,1,0,0,0,0,1120,0,0,0,0,0,0,0,0,0,0,0,0,0,157981,1
39,3,SillySkeeter,1,143,0,0,143,0,0,0,0,4300,1,0,2,0,0,0,15,0,0,0,0
39,2,SillySkeeter,0,0,0,0,0,1083,0,0,0,0,0,0,0,0,0,0,0,0,0,0,0
39,1,SillySkeeter,0,8859,0,0,8859,7708,10455,141028,440391,220200,0,0,0,0,859,0,851,0,0,16952.9,0.0429066
40,9,SillySkeeter,1,411,0,0,411,1452,186,120302,34584,17300,8,0,9,0,13,0,45,0,0,38017.7,1
40,8,SillySkeeter,1,9135,0,0,9135,8511,10904,141488,410600,205300,145,0,135,0,846,0,875,0,0,16831.7,0.0345804
40,7,SillySkeeter,1,8963,0,0,8963,9006,10693,141424,407598,203800,153,0,126,0,841,0,870,0,0,16895.7,0.0351664
40,6,SillySkeeter,1,540,0,0,540,528,340,144993,36399,18200,14,0,9,0,15,0,78,0,0,13326.7,0.614747
40,5,SillySkeeter,1,4086,0,0,4086,4625,8537,142756,113792,56900,63,0,52,0,1128,0,327,0,0,15563.7,0.137716
40,4,SillySkeeter,1,0,0,0,0,1090,0,0,0,0,0,0,0,0,0,0,0,0,0,158320,1
40,3,SillySkeeter,1,147,0,0,147,0,0,0,0,5200,2,0,2,0,0,0,11,0,0,0,0
40,2,SillySkeeter,0,0,0,0,0,1082,0,0,0,0,0,0,0,0,0,0,0,0,0,0,0
40,1,SillySkeeter,0,9016,0,0,9016,7823,10686,141424,410194,205100,0,0,0,0,851,0,881,0,0,16895.7,0.0384943
41,9,SillySkeeter,1,387,0,0,387,1436,190,143287,11398,5700,1,0,5,0,24,0,48,0,0,15342,1
41,8,SillySkeeter,1,9743,0,0,9743,9012,10270,142139,445585,222800,124,0,162,0,1325,0,903,0,0,16490,0.0409929
41,7,SillySkeeter,1,9618,0,0,9618,9428,10044,141882,457561,228800,149,0,147,0,1322,0,847,0,0,16747,0.0414516
41,6,SillySkeeter,1,548,0,0,548,525,288,144356,13393,6700,2,0,2,0,46,0,38,0,0,14273,0.366117
41,5,SillySkeeter,1,4139,0,0,4139,4730,7163,143449,111408,55700,63,0,66,0,920,0,335,0,0,15180,0.136763
41,4,SillySkeeter,1,0,0,0,0,1066,0,0,0,0,0,0,0,0,0,0,0,0,0,158629,1
41,3,SillySkeeter,1,152,0,0,152,0,0,0,0,4200,3,0,3,0,0,0,11,0,0,0,0
41,2,SillySkeeter,0,0,0,0,0,1056,0,0,0,0,0,0,0,0,0,0,0,0,0,0,0
41,1,SillySkeeter,0,9486,0,0,9486,8481,9908,141937,421001,210500,0,0,0,0,1230,0,910,0,0,16692,0.0411889
42,9,SillySkeeter,1,384,0,0,384,1394,193,141024,19794,9900,4,0,1,0,29,0,34,0,0,17887.5,1
42,8,SillySkeeter,1,9994,0,0,9994,9126,10434,142063,500603,250300,187,0,185,0,974,0,937,0,0,16848.5,0.0370063
42,7,SillySkeeter,1,9771,0,0,9771,9569,10119,142628,479784,239900,171,0,195,0,918,0,944,0,0,16283.5,0.0365975
42,6,SillySkeeter,1,520,0,0,520,507,282,144010,35199,17600,9,0,11,0,24,0,52,0,0,14901.5,1
42,5,SillySkeeter,1,4096,0,0,4096,4661,6145,143613,127996,64000,58,0,81,0,817,0,294,0,0,15298.5,0.136266
42,4,SillySkeeter,1,0,0,0,0,1049,0,0,0,0,0,0,0,0,0,0,0,0,0,158911,1
42,3,SillySkeeter,1,152,0,0,152,0,0,0,0,5300,3,0,5,0,0,0,20,0,0,0,0
42,2,SillySkeeter,0,0,0,0,0,1057,0,0,0,0,0,0,0,0,0,0,0,0,0,0,0
42,1,SillySkeeter,0,9577,0,0,9577,8669,10132,141895,441008,220500,0,0,0,0,904,0,964,0,0,17016.5,0.0396485
43,9,SillySkeeter,1,362,0,0,362,1375,184,145681,29411,14700,8,0,5,0,10,0,35,0,0,13488.4,0.903408
43,8,SillySkeeter,1,10231,0,0,10231,9347,10277,142426,449014,224500,144,0,144,0,1028,0,1006,0,0,16743.4,0.0336566
43,7,SillySkeeter,1,10028,0,0,10028,9707,10035,142633,444015,222000,155,0,149,0,1009,0,916,0,0,16536.4,0.0339381
43,6,SillySkeeter,1,499,0,0,499,492,268,145284,37397,18700,13,0,9,0,22,0,43,0,0,13885.4,0.423338
43,5,SillySkeeter,1,4117,0,0,4117,4697,4320,144814,123207,61600,68,0,61,0,938,0,327,0,0,14355.4,0.119519
43,4,SillySkeeter,1,0,0,0,0,1026,0,0,0,0,0,0,0,0,0,0,0,0,0,159169,1
43,3,SillySkeeter,1,149,0,0,149,0,0,0,0,4900,2,0,2,0,0,0,23,0,0,0,0
43,2,SillySkeeter,0,0,0,0,0,1052,0,0,0,0,0,0,0,0,0,0,0,0,0,0,0
43,1,SillySkeeter,0,9848,0,0,9848,8833,10131,142197,439196,219600,0,0,0,0,1014,0,931,0,0,16972.4,0.0385861
44,9,SillySkeeter,1,337,0,0,337,1357,221,145173,12008,6000,4,0,4,0,13,0,40,0,0,14232,0.45879
44,8,SillySkeeter,1,10481,0,0,10481,9547,10238,142645,482393,241200,158,0,167,0,1001,0,944,0,0,16760,0.0372905
44,7,SillySkeeter,1,10247,0,0,10247,9923,10046,142585,477998,239000,163,0,158,0,1013,0,956,0,0,16820,0.0372442
44,6,SillySkeeter,1,506,0,0,506,484,271,145215,12799,6400,2,0,4,0,41,0,36,0,0,14190,0.371268
44,5,SillySkeeter,1,3879,0,0,3879,4395,12071,136226,136999,68500,70,0,64,0,624,0,321,0,0,23179,0.116521
44,4,SillySkeeter,1,0,0,0,0,980,0,0,0,0,0,0,0,0,0,0,0,0,0,159405,1
44,3,SillySkeeter,1,155,0,0,155,0,0,0,0,4700,4,0,3,0,0,0,12,0,0,0,0
44,2,SillySkeeter,0,0,0,0,0,1060,0,0,0,0,0,0,0,0,0,0,0,0,0,0,0
44,1,SillySkeeter,0,10018,0,0,10018,9006,10196,142595,445199,222600,0,0,0,0,963,0,957,0,0,16810,0.0386439
45,9,SillySkeeter,1,337,0,0,337,1352,806,142584,18807,9400,8,0,3,0,28,0,29,0,0,17036,1
45,8,SillySkeeter,1,10642,0,0,10642,9690,10349,142658,583996,292000,172,0,189,0,973,0,999,0,0,16962,0.0347429
45,7,SillySkeeter,1,10330,0,0,10330,10061,10095,142918,557599,278800,182,0,172,0,930,0,1008,0,0,16702,0.0351882
45,6,SillySkeeter,1,480,0,0,480,455,1381,143008,33604,16800,7,0,8,0,20,0,48,0,0,16612,1
45,5,SillySkeeter,1,3479,0,0,3479,3975,12307,144347,129002,64500,65,0,53,0,456,0,321,0,0,15273,0.169189
45,4,SillySkeeter,1,0,0,0,0,951,0,0,0,0,0,0,0,0,0,0,0,0,0,159620,1
45,3,SillySkeeter,1,160,0,0,160,0,0,0,0,5600,4,0,1,0,0,0,15,0,0,0,0
45,2,SillySkeeter,0,0,0,0,0,1042,0,0,0,0,0,0,0,0,0,0,0,0,0,0,0
45,1,SillySkeeter,0,10136,0,0,10136,9185,10276,143061,511993,256000,0,0,0,0,909,0,955,0,0,16559,0.0377582
46,9,SillySkeeter,1,332,0,0,332,1334,1341,145598,25197,12600,5,0,11,0,25,0,30,0,0,14218.4,0.906171
46,8,SillySkeeter,1,10782,0,0,10782,9887,10128,143213,491375,245700,156,0,164,0,1050,0,1064,0,0,16603.4,0.0290445
46,7,SillySkeeter,1,10395,0,0,10395,10145,10188,142991,474612,237300,150,0,166,0,967,0,1038,0,0,16825.4,0.0299534
46,6,SillySkeeter,1,463,0,0,463,425,3064,143932,32396,16200,6,0,10,0,32,0,49,0,0,15884.4,0.494405
46,5,SillySkeeter,1,3180,0,0,3180,3617,13399,142627,122401,61200,57,0,61,0,427,0,260,0,0,17189.4,0.118395
46,4,SillySkeeter,1,0,0,0,0,919,0,0,0,0,0,0,0,0,0,0,0,0,0,159816,1
46,3,SillySkeeter,1,158,0,0,158,0,0,0,0,5000,4,0,0,0,0,0,18,0,0,0,0
46,2,SillySkeeter,0,0,0,0,0,1032,0,0,0,0,0,0,0,0,0,0,0,0,0,0,0
46,1,SillySkeeter,0,10412,0,0,10412,9324,10225,142830,473624,236800,0,0,0,0,1064,0,948,0,0,16986.4,0.0323418
47,9,SillySkeeter,1,314,0,0,314,1303,1890,145195,10806,5400,8,0,1,0,12,0,30,0,0,14800.7,0.564222
47,8,SillySkeeter,1,10731,0,0,10731,10082,10205,143049,516190,258100,179,0,174,0,921,0,1107,0,0,16946.7,0.0337879
47,7,SillySkeeter,1,10473,0,0,10473,10177,10243,142688,511820,255900,179,0,166,0,979,0,1007,0,0,17307.7,0.0354517
47,6,SillySkeeter,1,438,0,0,438,412,3358,145528,13000,6500,7,0,7,0,21,0,49,0,0,14467.7,0.490259
47,5,SillySkeeter,1,2789,0,0,2789,3088,14657,143088,143007,71500,54,0,44,0,238,0,229,0,0,16907.7,0.140436
47,4,SillySkeeter,1,0,0,0,0,900,0,0,0,0,0,0,0,0,0,0,0,0,0,159996,1
47,3,SillySkeeter,1,163,0,0,163,0,0,0,0,5200,3,0,2,0,0,0,18,0,0,0,0
47,2,SillySkeeter,0,0,0,0,0,995,0,0,0,0,0,0,0,0,0,0,0,0,0,0,0
47,1,SillySkeeter,0,10567,0,0,10567,9401,10321,143149,487202,243600,0,0,0,0,1015,0,993,0,0,16846.7,0.0358665
48,9,SillySkeeter,1,314,0,0,314,1283,2865,140967,15804,7900,6,0,2,0,24,0,28,0,0,19192.5,1
48,8,SillySkeeter,1,10903,0,0,10903,10103,10210,143501,596607,298300,195,0,162,0,1011,0,970,0,0,16658.5,0.0328298
48,7,SillySkeeter,1,10557,0,0,10557,10333,10220,143050,566381,283200,180,0,181,0,941,0,965,0,0,17109.5,0.0338173
48,6,SillySkeeter,1,428,0,0,428,406,5166,142518,29203,14600,9,0,10,0,33,0,43,0,0,17641.5,1
48,5,SillySkeeter,1,5357,0,0,5357,5538,9878,143542,112183,56100,31,0,43,0,3163,0,223,0,0,16617.5,0.118236
48,4,SillySkeeter,1,0,0,0,0,840,0,0,0,0,0,0,0,0,0,0,0,0,0,160159,1
48,3,SillySkeeter,1,162,0,0,162,0,0,0,0,6300,2,0,3,0,0,0,18,0,0,0,0
48,2,SillySkeeter,0,0,0,0,0,960,0,0,0,0,0,0,0,0,0,0,0,0,0,0,0
48,1,SillySkeeter,0,10641,0,0,10641,9572,10352,143403,520418,260200,0,0,0,0,996,0,1034,0,0,16756.5,0.0345787
49,9,SillySkeeter,1,509,0,0,509,1506,5602,140053,24406,12200,7,0,5,0,220,0,25,0,0,20256,1
49,8,SillySkeeter,1,11106,0,0,11106,10211,10072,143531,507394,253700,167,0,182,0,1012,0,1059,0,0,16778,0.0279223
49,7,SillySkeeter,1,10694,0,0,10694,10468,10204,143763,491774,245900,190,0,158,0,993,0,1073,0,0,16546,0.0302074
49,6,SillySkeeter,1,771,0,0,771,759,7848,142698,26000,13000,8,0,7,0,378,0,36,0,0,17611,0.60416
49,5,SillySkeeter,1,4970,0,0,4970,5249,10443,143503,97595,48800,163,0,130,0,778,0,454,0,0,16806,0.148106
49,4,SillySkeeter,1,0,0,0,0,862,0,0,0,0,0,0,0,0,0,0,0,0,0,160309,1
49,3,SillySkeeter,1,167,0,0,167,0,0,0,0,5000,1,0,5,0,0,0,14,0,0,0,0
49,2,SillySkeeter,0,0,0,0,0,954,0,0,0,0,0,0,0,0,0,0,0,0,0,0,0
49,1,SillySkeeter,0,10803,0,0,10803,9715,10409,143735,490984,245500,0,0,0,0,987,0,1049,0,0,16574,0.0321992
50,9,SillySkeeter,1,687,0,0,687,1646,5929,145784,11395,5700,14,0,12,0,239,0,61,0,0,14661.5,0.830163
50,8,SillySkeeter,1,11263,0,0,11263,10277,10102,143246,550798,275400,208,0,189,0,956,0,1041,0,0,17199.5,0.0330666
50,7,SillySkeeter,1,10835,0,0,10835,10576,10192,143813,522604,261300,168,0,144,0,998,0,1051,0,0,16632.5,0.0336437
50,6,SillySkeeter,1,1335,0,0,1335,1279,7422,144789,14798,7400,17,0,17,0,627,0,63,0,0,15656.5,0.677346
50,5,SillySkeeter,1,4879,0,0,4879,5301,10323,143377,99411,49700,43,0,72,0,998,0,439,0,0,17068.5,0.172192
50,4,SillySkeeter,1,0,0,0,0,884,0,0,0,0,0,0,0,0,0,0,0,0,0,160446,1
50,3,SillySkeeter,1,163,0,0,163,0,0,0,0,3700,2,0,1,0,0,0,28,0,0,0,0
50,2,SillySkeeter,0,0,0,0,0,967,0,0,0,0,0,0,0,0,0,0,0,0,0,0,0
50,1,SillySkeeter,0,10926,0,0,10926,9869,10326,143765,509804,254900,0,0,0,0,992,0,1059,0,0,16680.5,0.0337556
51,9,SillySkeeter,1,867,0,0,867,1812,7466,140807,12797,6400,17,0,11,0,241,0,61,0,0,19763.2,1
51,8,SillySkeeter,1,11466,0,0,11466,10402,10101,144168,590604,295300,192,0,188,0,998,0,1015,0,0,16402.2,0.0312264
51,7,SillySkeeter,1,10987,0,0,10987,10636,10042,143816,564596,282300,172,0,167,0,979,0,1016,0,0,16754.2,0.0318265
51,6,SillySkeeter,1,1437,0,0,1437,1364,10051,142039,27993,14000,35,0,24,0,203,0,102,0,0,18531.2,1
51,5,SillySkeeter,1,4816,0,0,4816,5327,10233,143824,70595,35300,71,0,49,0,1019,0,438,0,0,16746.2,0.171715
51,4,SillySkeeter,1,0,0,0,0,902,0,0,0,0,0,0,0,0,0,0,0,0,0,160570,1
51,3,SillySkeeter,1,163,0,0,163,0,0,0,0,5600,3,0,5,0,0,0,19,0,0,0,0
51,2,SillySkeeter,0,0,0,0,0,974,0,0,0,0,0,0,0,0,0,0,0,0,0,0,0
51,1,SillySkeeter,0,11066,0,0,11066,9996,10285,143821,526022,263000,0,0,0,0,1025,0,1100,0,0,16749.2,0.0327197
52,9,SillySkeeter,1,1182,0,0,1182,2130,11132,135011,21794,10900,20,0,19,0,409,0,98,0,0,25673,1
52,8,SillySkeeter,1,11578,0,0,11578,10466,10198,143889,594787,297400,180,0,173,0,1006,0,1114,0,0,16795,0.0277721
52,7,SillySkeeter,1,11085,0,0,11085,10669,10291,143569,556396,278200,173,0,187,0,960,0,1043,0,0,17115,0.0296744
52,6,SillySkeeter,1,2040,0,0,2040,2022,13222,141153,24203,12100,15,0,8,0,739,0,136,0,0,19531,0.661828
52,5,SillySkeeter,1,4822,0,0,4822,5274,10308,143970,281213,140600,104,0,114,0,1029,0,391,0,0,16714,0.237198
52,4,SillySkeeter,1,0,0,0,0,923,0,0,0,0,0,0,0,0,0,0,0,0,0,160684,1
52,3,SillySkeeter,1,166,0,0,166,0,0,0,0,6300,5,0,1,0,0,0,16,0,0,0,0
52,2,SillySkeeter,0,0,0,0,0,966,0,0,0,0,0,0,0,0,0,0,0,0,0,0,0
52,1,SillySkeeter,0,11168,0,0,11168,10086,10262,144021,552769,276400,0,0,0,0,996,0,1102,0,0,16663,0.0318426
53,9,SillySkeeter,1,2246,0,0,2246,3093,9574,142171,36196,18100,32,0,28,0,1170,0,106,0,0,18617,1
53,8,SillySkeeter,1,11646,0,0,11646,10517,10349,143696,565829,282900,180,0,189,0,976,0,1141,0,0,17092,0.0282364
53,7,SillySkeeter,1,11191,0,0,11191,10736,10406,143947,550185,275100,186,0,177,0,990,0,1068,0,0,16841,0.0307603
53,6,SillySkeeter,1,3210,0,0,3210,3133,10736,145728,60607,30300,39,0,62,0,1363,0,195,0,0,15060,0.807067
53,5,SillySkeeter,1,4856,0,0,4856,5311,10318,143938,106782,53400,82,0,61,0,1055,0,372,0,0,16850,0.0594382
53,4,SillySkeeter,1,0,0,0,0,928,0,0,0,0,0,0,0,0,0,0,0,0,0,160788,1
53,3,SillySkeeter,1,163,0,0,163,0,0,0,0,4100,2,0,1,0,0,0,21,0,0,0,0
53,2,SillySkeeter,0,0,0,0,0,928,0,0,0,0,0,0,0,0,0,0,0,0,0,0,0
53,1,SillySkeeter,0,11237,0,0,11237,10137,10264,144100,517984,259000,0,0,0,0,987,0,1130,0,0,16688,0.030143
54,9,SillySkeeter,1,2470,0,0,2470,3308,10776,144068,42404,21200,72,0,58,0,453,0,229,0,0,16814.9,0.514281
54,8,SillySkeeter,1,11678,0,0,11678,10594,10499,144112,586612,293300,226,0,207,0,988,0,1177,0,0,16770.9,0.0302085
54,7,SillySkeeter,1,11339,0,0,11339,10783,10464,144203,569009,284500,186,0,159,0,1002,0,1059,0,0,16679.9,0.0306088
54,6,SillySkeeter,1,3455,0,0,3455,3339,13783,141807,106834,53400,89,0,93,0,533,0,289,0,0,19075.9,0.248515
54,5,SillySkeeter,1,4747,0,0,4747,5270,10502,143739,114392,57200,85,0,67,0,985,0,433,0,0,17143.9,0.157771
54,4,SillySkeeter,1,0,0,0,0,946,0,0,0,0,0,0,0,0,0,0,0,0,0,160883,1
54,3,SillySkeeter,1,168,0,0,168,0,0,0,0,5400,5,0,0,0,0,0,12,0,0,0,0
54,2,SillySkeeter,0,0,0,0,0,905,0,0,0,0,0,0,0,0,0,0,0,0,0,0,0
54,1,SillySkeeter,0,11285,0,0,11285,10267,10276,144006,534813,267400,0,0,0,0,983,0,1152,0,0,16876.9,0.0322162
55,9,SillySkeeter,1,3054,0,0,3054,3945,14400,140646,50212,25100,39,0,31,0,830,0,247,0,0,20323.6,0.396578
55,8,SillySkeeter,1,11748,0,0,11748,10656,10717,144138,619604,309800,217,0,200,0,1000,0,1149,0,0,16831.6,0.02859
55,7,SillySkeeter,1,11476,0,0,11476,10781,10558,144019,586594,293300,211,0,174,0,1008,0,1079,0,0,16950.6,0.0293144
55,6,SillySkeeter,1,4379,0,0,4379,4340,16352,140972,47003,23500,28,0,40,0,1246,0,322,0,0,19997.6,0.178613
55,5,SillySkeeter,1,4675,0,0,4675,5324,10566,144385,208399,104200,92,0,90,0,940,0,388,0,0,16584.6,0.149859
55,4,SillySkeeter,1,0,0,0,0,948,0,0,0,0,0,0,0,0,0,0,0,0,0,160970,1
55,3,SillySkeeter,1,160,0,0,160,0,0,0,0,6000,4,0,2,0,0,0,17,0,0,0,0
55,2,SillySkeeter,0,0,0,0,0,915,0,0,0,0,0,0,0,0,0,0,0,0,0,0,0
55,1,SillySkeeter,0,11405,0,0,11405,10334,10472,143755,581002,290500,0,0,0,0,1016,0,1083,0,0,17214.6,0.0315574
56,9,SillySkeeter,1,4488,0,0,4488,5463,11439,145470,81811,40900,54,0,59,0,1724,0,292,0,0,15578.7,0.404852
56,8,SillySkeeter,1,11840,0,0,11840,10727,10732,144154,583167,291600,199,0,184,0,1029,0,1192,0,0,16894.7,0.0271652
56,7,SillySkeeter,1,11538,0,0,11538,10901,10584,144329,568377,284200,191,0,192,0,1005,0,1144,0,0,16719.7,0.0288963
56,6,SillySkeeter,1,5852,0,0,5852,5811,13437,145435,143996,72000,83,0,82,0,1893,0,422,0,0,15613.7,0.42548
56,5,SillySkeeter,1,4646,0,0,4646,5297,10554,144333,129603,64800,79,0,72,0,1022,0,387,0,0,16715.7,0.0795805
56,4,SillySkeeter,1,0,0,0,0,963,0,0,0,0,0,0,0,0,0,0,0,0,0,161049,1
56,3,SillySkeeter,1,163,0,0,163,0,0,0,0,4400,2,0,1,0,0,0,12,0,0,0,0
56,2,SillySkeeter,0,0,0,0,0,909,0,0,0,0,0,0,0,0,0,0,0,0,0,0,0
56,1,SillySkeeter,0,11497,0,0,11497,10392,10459,144272,536572,268300,0,0,0,0,990,0,1087,0,0,16776.7,0.0296292
57,9,SillySkeeter,1,4618,0,0,4618,5630,12882,143623,183794,91900,132,0,136,0,574,0,446,0,0,17498,0.190449
57,8,SillySkeeter,1,11948,0,0,11948,10830,10647,144558,597794,298900,197,0,189,0,1083,0,1170,0,0,16563,0.028969
57,7,SillySkeeter,1,11644,0,0,11644,10985,10678,144308,577417,288700,169,0,204,0,1009,0,1099,0,0,16813,0.0294154
57,6,SillySkeeter,1,5769,0,0,5769,5728,15276,143201,257175,128600,138,0,155,0,499,0,583,0,0,17920,0.108429
57,5,SillySkeeter,1,4690,0,0,4690,5307,10593,144251,132398,66200,80,0,64,0,1034,0,392,0,0,16870,0.128979
57,4,SillySkeeter,1,0,0,0,0,981,0,0,0,0,0,0,0,0,0,0,0,0,0,161121,1
57,3,SillySkeeter,1,172,0,0,172,0,0,0,0,5200,2,0,2,0,0,0,16,0,0,0,0
57,2,SillySkeeter,0,0,0,0,0,886,0,0,0,0,0,0,0,0,0,0,0,0,0,0,0
57,1,SillySkeeter,0,11533,0,0,11533,10400,10611,144288,552600,276300,0,0,0,0,969,0,1112,0,0,16833,0.0312648
58,9,SillySkeeter,1,5176,0,0,5176,6181,16021,141103,93819,46900,50,0,53,0,1001,0,443,0,0,20084,0.0952012
58,8,SillySkeeter,1,12090,0,0,12090,10859,10705,144447,623800,311900,210,0,190,0,1035,0,1127,0,0,16740,0.0277066
58,7,SillySkeeter,1,11777,0,0,11777,11094,10702,144450,608989,304500,202,0,209,0,1024,0,1113,0,0,16737,0.0291184
58,6,SillySkeeter,1,6841,0,0,6841,6875,12842,145075,105173,52600,57,0,58,0,1651,0,581,0,0,16112,0.0696733
58,5,SillySkeeter,1,4632,0,0,4632,5418,10274,144502,168206,84100,80,0,73,0,1027,0,401,0,0,16685,0.127417
58,4,SillySkeeter,1,0,0,0,0,1016,0,0,0,0,0,0,0,0,0,0,0,0,0,161187,1
58,3,SillySkeeter,1,173,0,0,173,0,0,0,0,5800,1,0,1,0,0,0,14,0,0,0,0
58,2,SillySkeeter,0,0,0,0,0,873,0,0,0,0,0,0,0,0,0,0,0,0,0,0,0
58,1,SillySkeeter,0,11654,0,0,11654,10461,10653,144353,584594,292300,0,0,0,0,1031,0,1121,0,0,16834,0.0304614
59,9,SillySkeeter,1,6854,0,0,6854,7810,12288,145805,170584,85300,98,0,96,0,2179,0,502,0,0,15442.3,0.214115
59,8,SillySkeeter,1,12147,0,0,12147,11002,10531,144575,591630,295800,214,0,194,0,1092,0,1255,0,0,16672.3,0.0268355
59,7,SillySkeeter,1,11869,0,0,11869,11169,10741,144038,591590,295800,216,0,192,0,1050,0,1143,0,0,17209.3,0.0274827
59,6,SillySkeeter,1,8386,0,0,8386,8347,9769,144937,267782,133900,137,0,142,0,2182,0,637,0,0,16310.3,0.153156
59,5,SillySkeeter,1,4625,0,0,4625,5464,10094,144735,124198,62100,68,0,91,0,991,0,363,0,0,16512.3,0.0991973
59,4,SillySkeeter,1,0,0,0,0,1012,0,0,0,0,0,0,0,0,0,0,0,0,0,161247,1
59,3,SillySkeeter,1,173,0,0,173,0,0,0,0,5200,2,0,5,0,0,0,19,0,0,0,0
59,2,SillySkeeter,0,0,0,0,0,886,0,0,0,0,0,0,0,0,0,0,0,0,0,0,0
59,1,SillySkeeter,0,11831,0,0,11831,10582,10494,144340,559203,279600,0,0,0,0,1080,0,1113,0,0,16907.3,0.0287957
60,9,SillySkeeter,1,6807,0,0,6807,7834,13075,144052,368227,184100,165,0,216,0,631,0,679,0,0,17250.3,0.0905173
60,8,SillySkeeter,1,12197,0,0,12197,11099,10498,144146,608605,304300,180,0,224,0,1003,0,1163,0,0,17156.3,0.0281816
60,7,SillySkeeter,1,11967,0,0,11967,11247,10625,144522,584405,292200,186,0,208,0,1029,0,1160,0,0,16780.3,0.0290893
60,6,SillySkeeter,1,8400,0,0,8400,8399,9936,144494,449400,224700,192,0,217,0,793,0,779,0,0,16808.3,0.0609046
60,5,SillySkeeter,1,4516,0,0,4516,5483,9925,144466,142408,71200,78,0,76,0,946,0,373,0,0,16836.3,0.132949
60,4,SillySkeeter,1,0,0,0,0,989,0,0,0,0,0,0,0,0,0,0,0,0,0,161302,1
60,3,SillySkeeter,1,181,0,0,181,0,0,0,0,5100,1,0,4,0,0,0,14,0,0,0,0
60,2,SillySkeeter,0,0,0,0,0,877,0,0,0,0,0,0,0,0,0,0,0,0,0,0,0
60,1,SillySkeeter,0,11893,0,0,11893,10572,10680,144461,565821,282900,0,0,0,0,1016,0,1174,0,0,16841.3,0.0302347
61,9,SillySkeeter,1,7404,0,0,7404,8431,11793,145101,148789,74400,54,0,79,0,1215,0,620,0,0,16251.5,0.0468503
61,8,SillySkeeter,1,12213,0,0,12213,11098,10564,144602,641226,320600,219,0,195,0,1016,0,1202,0,0,16750.5,0.0281897
61,7,SillySkeeter,1,12090,0,0,12090,11329,10425,144857,621608,310800,200,0,198,0,1098,0,1183,0,0,16495.5,0.0287137
61,6,SillySkeeter,1,8956,0,0,8956,8975,8648,144849,143794,71900,72,0,74,0,1375,0,819,0,0,16503.5,0.0374016
61,5,SillySkeeter,1,4556,0,0,4556,5511,9503,144821,158605,79300,83,0,69,0,1027,0,340,0,0,16531.5,0.118232
61,4,SillySkeeter,1,0,0,0,0,1010,0,0,0,0,0,0,0,0,0,0,0,0,0,161353,1
61,3,SillySkeeter,1,181,0,0,181,0,0,0,0,5400,5,0,1,0,0,0,20,0,0,0,0
61,2,SillySkeeter,0,0,0,0,0,881,0,0,0,0,0,0,0,0,0,0,0,0,0,0,0
61,1,SillySkeeter,0,11993,0,0,11993,10645,10627,144212,590797,295400,0,0,0,0,1017,0,1132,0,0,17140.5,0.0297654
62,9,SillySkeeter,1,8842,0,0,8842,9767,8604,145408,256807,128400,117,0,126,0,2127,0,689,0,0,15990.4,0.109217
62,8,SillySkeeter,1,12269,0,0,12269,11165,10541,144347,607800,303900,219,0,191,0,1017,0,1171,0,0,17051.4,0.0261237
62,7,SillySkeeter,1,12200,0,0,12200,11357,10411,144298,612007,306000,186,0,200,0,1056,0,1156,0,0,17100.4,0.0265372
62,6,SillySkeeter,1,8922,0,0,8922,8899,8533,145085,423602,211800,178,0,170,0,832,0,869,0,0,16313.4,0.114767
62,5,SillySkeeter,1,4461,0,0,4461,5439,10831,143603,130600,65300,71,0,73,0,921,0,386,0,0,17795.4,0.104234
62,4,SillySkeeter,1,0,0,0,0,996,0,0,0,0,0,0,0,0,0,0,0,0,0,161398,1
62,3,SillySkeeter,1,176,0,0,176,0,0,0,0,6200,1,0,2,0,0,0,21,0,0,0,0
62,2,SillySkeeter,0,0,0,0,0,863,0,0,0,0,0,0,0,0,0,0,0,0,0,0,0
62,1,SillySkeeter,0,12046,0,0,12046,10729,10647,144619,574017,287000,0,0,0,0,1050,0,1188,0,0,16779.4,0.0290124
63,9,SillySkeeter,1,8709,0,0,8709,9646,9467,144528,561220,280600,232,0,237,0,729,0,863,0,0,16912.3,0.0622679
63,8,SillySkeeter,1,12403,0,0,12403,11096,10557,144510,629606,314800,214,0,192,0,1068,0,1141,0,0,16930.3,0.0280543
63,7,SillySkeeter,1,12239,0,0,12239,11419,10377,144742,604798,302400,208,0,188,0,1070,0,1198,0,0,16698.3,0.0279418
63,6,SillySkeeter,1,8915,0,0,8915,8851,9092,144760,628235,314100,215,0,182,0,808,0,815,0,0,16680.3,0.0385113
63,5,SillySkeeter,1,4453,0,0,4453,5332,10755,144857,142383,71200,72,0,63,0,919,0,353,0,0,16583.3,0.136259
63,4,SillySkeeter,1,0,0,0,0,1005,0,0,0,0,0,0,0,0,0,0,0,0,0,161440,1
63,3,SillySkeeter,1,173,0,0,173,0,0,0,0,5300,3,0,2,0,0,0,15,0,0,0,0
63,2,SillySkeeter,0,0,0,0,0,882,0,0,0,0,0,0,0,0,0,0,0,0,0,0,0
63,1,SillySkeeter,0,11996,0,0,11996,10803,10499,144585,576223,288100,0,0,0,0,972,0,1209,0,0,16855.3,0.0292324
64,9,SillySkeeter,1,9010,0,0,9010,9886,9043,145111,199593,99800,78,0,74,0,1086,0,786,0,0,16367.5,0.030136
64,8,SillySkeeter,1,12372,0,0,12372,11197,10601,144711,643815,321900,216,0,213,0,1015,0,1226,0,0,16767.5,0.0268906
64,7,SillySkeeter,1,12166,0,0,12166,11503,10434,144583,620395,310200,191,0,225,0,953,0,1202,0,0,16895.5,0.0276096
64,6,SillySkeeter,1,8916,0,0,8916,8909,9357,144745,211405,105700,96,0,89,0,872,0,872,0,0,16733.5,0.0265525
64,5,SillySkeeter,1,4436,0,0,4436,5219,11065,144302,151820,75900,72,0,90,0,909,0,365,0,0,17176.5,0.116456
64,4,SillySkeeter,1,0,0,0,0,1024,0,0,0,0,0,0,0,0,0,0,0,0,0,161479,1
64,3,SillySkeeter,1,169,0,0,169,0,0,0,0,5100,2,0,2,0,0,0,21,0,0,0,0
64,2,SillySkeeter,0,0,0,0,0,873,0,0,0,0,0,0,0,0,0,0,0,0,0,0,0
64,1,SillySkeeter,0,12046,0,0,12046,10816,10470,144819,595591,297800,0,0,0,0,1077,0,1213,0,0,16659.5,0.0292525
65,9,SillySkeeter,1,8958,0,0,8958,9830,8469,145598,352802,176400,137,0,145,0,829,0,884,0,0,15915.5,0.0820017
65,8,SillySkeeter,1,12357,0,0,12357,11214,10646,144663,618803,309400,186,0,217,0,987,0,1219,0,0,16850.5,0.0260447
65,7,SillySkeeter,1,12179,0,0,12179,11548,10621,144700,623590,311800,187,0,209,0,980,0,1142,0,0,16813.5,0.0272333
65,6,SillySkeeter,1,8882,0,0,8882,8890,9134,145325,496175,248100,157,0,153,0,817,0,851,0,0,16188.5,0.0791558
65,5,SillySkeeter,1,4296,0,0,4296,5141,11281,144515,132807,66400,74,0,77,0,865,0,402,0,0,16998.5,0.113152
65,4,SillySkeeter,1,0,0,0,0,1044,0,0,0,0,0,0,0,0,0,0,0,0,0,161513,1
65,3,SillySkeeter,1,176,0,0,176,0,0,0,0,5900,1,0,0,0,0,0,15,0,0,0,0
65,2,SillySkeeter,0,0,0,0,0,882,0,0,0,0,0,0,0,0,0,0,0,0,0,0,0
65,1,SillySkeeter,0,12125,0,0,12125,10791,10571,144669,587592,293800,0,0,0,0,1043,0,1150,0,0,16844.5,0.027971
66,9,SillySkeeter,1,8821,0,0,8821,9728,9058,144785,708210,354100,241,0,241,0,699,0,838,0,0,16760.4,0.0451119
66,8,SillySkeeter,1,12389,0,0,12389,11213,10485,144896,634611,317300,185,0,197,0,1049,0,1213,0,0,16649.4,0.0272309
66,7,SillySkeeter,1,12190,0,0,12190,11521,10744,144467,619204,309600,212,0,187,0,1034,0,1209,0,0,17078.4,0.026962
66,6,SillySkeeter,1,8781,0,0,8781,8752,9950,144555,570009,285000,201,0,150,0,753,0,855,0,0,16990.4,0.0326249
66,5,SillySkeeter,1,4734,0,0,4734,5581,10451,144880,130615,65300,56,0,61,0,1391,0,356,0,0,16665.4,0.128001
66,4,SillySkeeter,1,0,0,0,0,1051,0,0,0,0,0,0,0,0,0,0,0,0,0,161545,1
66,3,SillySkeeter,1,182,0,0,182,0,0,0,0,6200,5,0,2,0,0,0,16,0,0,0,0
66,2,SillySkeeter,0,0,0,0,0,897,0,0,0,0,0,0,0,0,0,0,0,0,0,0,0
66,1,SillySkeeter,0,12179,0,0,12179,10822,10499,144730,592800,296400,0,0,0,0,1010,0,1146,0,0,16815.4,0.0286666
67,9,SillySkeeter,1,9067,0,0,9067,9902,9703,144115,246420,123200,94,0,83,0,1076,0,831,0,0,17459.5,0.0236662
67,8,SillySkeeter,1,12367,0,0,12367,11281,10372,144846,649000,324500,222,0,216,0,1017,0,1235,0,0,16728.5,0.026236
67,7,SillySkeeter,1,12278,0,0,12278,11565,10581,145105,644621,322300,206,0,183,0,1016,0,1149,0,0,16469.5,0.0275814
67,6,SillySkeeter,1,8909,0,0,8909,8958,10183,144421,264993,132500,93,0,120,0,982,0,855,0,0,17153.5,0.0298077
67,5,SillySkeeter,1,4611,0,0,4611,5515,10512,144721,144402,72200,84,0,93,0,901,0,402,0,0,16853.5,0.127606
67,4,SillySkeeter,1,0,0,0,0,1049,0,0,0,0,0,0,0,0,0,0,0,0,0,161575,1
67,3,SillySkeeter,1,176,0,0,176,0,0,0,0,5500,3,0,2,0,0,0,23,0,0,0,0
67,2,SillySkeeter,0,0,0,0,0,879,0,0,0,0,0,0,0,0,0,0,0,0,0,0,0
67,1,SillySkeeter,0,12197,0,0,12197,10736,10617,144872,595437,297700,0,0,0,0,975,0,1143,0,0,16702.5,0.028366
68,9,SillySkeeter,1,9115,0,0,9115,9826,9095,145616,403409,201700,133,0,123,0,907,0,861,0,0,15985.1,0.0708584
68,8,SillySkeeter,1,12451,0,0,12451,11329,10521,144811,625015,312500,170,0,197,0,986,0,1133,0,0,16790.1,0.0257758
68,7,SillySkeeter,1,12259,0,0,12259,11560,10626,145148,614584,307300,177,0,194,0,970,0,1159,0,0,16453.1,0.02555
68,6,SillySkeeter,1,9059,0,0,9059,9093,9866,144778,489213,244600,164,0,175,0,1004,0,855,0,0,16823.1,0.0647302
68,5,SillySkeeter,1,4659,0,0,4659,5520,10530,144981,139006,69500,78,0,61,0,1034,0,384,0,0,16620.1,0.116714
68,4,SillySkeeter,1,0,0,0,0,1046,0,0,0,0,0,0,0,0,0,0,0,0,0,161601,1
68,3,SillySkeeter,1,187,0,0,187,0,0,0,0,5200,3,0,2,0,0,0,11,0,0,0,0
68,2,SillySkeeter,0,0,0,0,0,891,0,0,0,0,0,0,0,0,0,0,0,0,0,0,0
68,1,SillySkeeter,0,12206,0,0,12206,10766,10571,144379,595784,297900,0,0,0,0,996,0,1163,0,0,17222.1,0.0280526
69,9,SillySkeeter,1,8870,0,0,8870,9586,9238,145237,632798,316400,207,0,194,0,653,0,900,0,0,16388.4,0.0396259
69,8,SillySkeeter,1,12516,0,0,12516,11374,10520,144944,631420,315700,191,0,211,0,1030,0,1178,0,0,16681.4,0.0268642
69,7,SillySkeeter,1,12288,0,0,12288,11661,10531,144857,616189,308100,207,0,210,0,1059,0,1221,0,0,16768.4,0.0267704
69,6,SillySkeeter,1,8968,0,0,8968,9012,10648,144321,529018,264500,178,0,180,0,781,0,873,0,0,17304.4,0.034389
69,5,SillySkeeter,1,4620,0,0,4620,5477,10517,144748,130793,65400,78,0,70,0,991,0,405,0,0,16877.4,0.119569
69,4,SillySkeeter,1,0,0,0,0,1053,0,0,0,0,0,0,0,0,0,0,0,0,0,161625,1
69,3,SillySkeeter,1,191,0,0,191,0,0,0,0,6200,3,0,4,0,0,0,15,0,0,0,0
69,2,SillySkeeter,0,0,0,0,0,898,0,0,0,0,0,0,0,0,0,0,0,0,0,0,0
69,1,SillySkeeter,0,12328,0,0,12328,10766,10529,144757,607404,303700,0,0,0,0,1074,0,1151,0,0,16868.4,0.0289058
70,9,SillySkeeter,1,8942,0,0,8942,9718,10311,144263,274404,137200,92,0,90,0,934,0,863,0,0,17384.5,0.0258982
70,8,SillySkeeter,1,12490,0,0,12490,11367,10563,144722,657788,328900,204,0,239,0,995,0,1223,0,0,16925.5,0.0264197
70,7,SillySkeeter,1,12281,0,0,12281,11798,10533,144661,648184,324100,194,0,215,0,1037,0,1232,0,0,16986.5,0.0272126
70,6,SillySkeeter,1,9241,0,0,9241,9249,11025,144141,301425,150700,118,0,113,0,1078,0,805,0,0,17506.5,0.0327115
70,5,SillySkeeter,1,4635,0,0,4635,5442,10555,144557,169564,84800,86,0,80,0,1024,0,384,0,0,17090.5,0.129032
70,4,SillySkeeter,1,0,0,0,0,1060,0,0,0,0,0,0,0,0,0,0,0,0,0,161648,1
70,3,SillySkeeter,1,195,0,0,195,0,0,0,0,6900,3,0,1,0,0,0,20,0,0,0,0
70,2,SillySkeeter,0,0,0,0,0,888,0,0,0,0,0,0,0,0,0,0,0,0,0,0,0
70,1,SillySkeeter,0,12325,0,0,12325,10761,10601,144902,618005,309000,0,0,0,0,973,0,1186,0,0,16745.5,0.0277714
71,9,SillySkeeter,1,9337,0,0,9337,10139,10333,144473,444386,222200,162,0,167,0,1221,0,827,0,0,17194.8,0.0633548
71,8,SillySkeeter,1,12453,0,0,12453,11325,10723,144627,625612,312800,211,0,202,0,977,0,1221,0,0,17040.8,0.0257305
71,7,SillySkeeter,1,12263,0,0,12263,11784,10674,144868,618373,309200,188,0,183,0,1009,0,1204,0,0,16799.8,0.0262057
71,6,SillySkeeter,1,9400,0,0,9400,9432,10609,144879,484827,242400,163,0,158,0,1029,0,872,0,0,16788.8,0.0580841
71,5,SillySkeeter,1,4640,0,0,4640,5380,10601,144981,131393,65700,63,0,75,0,956,0,358,0,0,16686.8,0.10077
71,4,SillySkeeter,1,0,0,0,0,1057,0,0,0,0,0,0,0,0,0,0,0,0,0,161668,1
71,3,SillySkeeter,1,182,0,0,182,0,0,0,0,5100,2,0,3,0,0,0,26,0,0,0,0
71,2,SillySkeeter,0,0,0,0,0,905,0,0,0,0,0,0,0,0,0,0,0,0,0,0,0
71,1,SillySkeeter,0,12360,0,0,12360,10818,10625,144911,591789,295900,0,0,0,0,1012,0,1170,0,0,16756.8,0.0270964
72,9,SillySkeeter,1,9165,0,0,9165,9974,10998,144462,590010,295000,227,0,184,0,715,0,888,0,0,17224.3,0.0386922
72,8,SillySkeeter,1,12543,0,0,12543,11341,10634,144856,636818,318400,189,0,207,0,1107,0,1201,0,0,16830.3,0.0272391
72,7,SillySkeeter,1,12357,0,0,12357,11757,10730,144546,613799,306900,212,0,224,0,1035,0,1150,0,0,17140.3,0.0271666
72,6,SillySkeeter,1,9414,0,0,9414,9366,11340,144390,532176,266100,191,0,182,0,899,0,885,0,0,17296.3,0.0346304
72,5,SillySkeeter,1,4682,0,0,4682,5400,10732,144376,141808,70900,63,0,96,0,1029,0,358,0,0,17310.3,0.126992
72,4,SillySkeeter,1,0,0,0,0,1066,0,0,0,0,0,0,0,0,0,0,0,0,0,161686,1
72,3,SillySkeeter,1,183,0,0,183,0,0,0,0,5900,4,0,1,0,0,0,19,0,0,0,0
72,2,SillySkeeter,0,0,0,0,0,925,0,0,0,0,0,0,0,0,0,0,0,0,0,0,0
72,1,SillySkeeter,0,12404,0,0,12404,10936,10645,144940,614212,307100,0,0,0,0,1025,0,1196,0,0,16746.3,0.028315
73,9,SillySkeeter,1,9025,0,0,9025,9888,12148,144411,291216,145600,109,0,112,0,772,0,912,0,0,17292.2,0.0291937
73,8,SillySkeeter,1,12610,0,0,12610,11327,10649,144706,660215,330100,237,0,217,0,1018,0,1177,0,0,16997.2,0.0264295
73,7,SillySkeeter,1,12351,0,0,12351,11843,10845,144961,642388,321200,205,0,197,0,997,0,1199,0,0,16742.2,0.0279249
73,6,SillySkeeter,1,9633,0,0,9633,9627,11628,144277,332407,166200,126,0,125,0,1105,0,887,0,0,17426.2,0.0324996
73,5,SillySkeeter,1,4735,0,0,4735,5349,10737,145096,161591,80800,69,0,79,0,1059,0,371,0,0,16607.2,0.122075
73,4,SillySkeeter,1,0,0,0,0,1046,0,0,0,0,0,0,0,0,0,0,0,0,0,161703,1
73,3,SillySkeeter,1,186,0,0,186,0,0,0,0,5900,2,0,6,0,0,0,15,0,0,0,0
73,2,SillySkeeter,0,0,0,0,0,911,0,0,0,0,0,0,0,0,0,0,0,0,0,0,0
73,1,SillySkeeter,0,12384,0,0,12384,10900,10752,144604,631403,315700,0,0,0,0,1029,0,1243,0,0,17099.2,0.0272652
74,9,SillySkeeter,1,9449,0,0,9449,10329,11285,145068,455401,227700,131,0,123,0,1285,0,862,0,0,16650.6,0.0593825
74,8,SillySkeeter,1,12579,0,0,12579,11370,10796,144781,633200,316600,220,0,212,0,998,0,1231,0,0,16937.6,0.0257455
74,7,SillySkeeter,1,12434,0,0,12434,11852,10868,145101,635415,317700,191,0,219,0,1056,0,1181,0,0,16617.6,0.0260619
74,6,SillySkeeter,1,9942,0,0,9942,9963,11047,145217,506225,253100,171,0,165,0,1193,0,885,0,0,16501.6,0.0524253
74,5,SillySkeeter,1,4773,0,0,4773,5345,10759,144790,142196,71100,94,0,72,0,1052,0,394,0,0,16928.6,0.102767
74,4,SillySkeeter,1,0,0,0,0,1053,0,0,0,0,0,0,0,0,0,0,0,0,0,161719,1
74,3,SillySkeeter,1,185,0,0,185,0,0,0,0,6200,1,0,4,0,0,0,22,0,0,0,0
74,2,SillySkeeter,0,0,0,0,0,925,0,0,0,0,0,0,0,0,0,0,0,0,0,0,0
74,1,SillySkeeter,0,12484,0,0,12484,10895,10762,144801,588998,294500,0,0,0,0,1056,0,1143,0,0,16917.6,0.0270814
75,9,SillySkeeter,1,9700,0,0,9700,10603,11157,144952,600772,300400,216,0,213,0,1151,0,903,0,0,16780.7,0.0365626
75,8,SillySkeeter,1,12605,0,0,12605,11456,10735,144586,629381,314700,208,0,188,0,1017,0,1215,0,0,17146.7,0.0267492
75,7,SillySkeeter,1,12460,0,0,12460,11946,10730,144856,624400,312200,212,0,213,0,1045,0,1227,0,0,16876.7,0.026153
75,6,SillySkeeter,1,9935,0,0,9935,9851,11421,144888,542409,271200,189,0,208,0,929,0,936,0,0,16844.7,0.032599
75,5,SillySkeeter,1,4720,0,0,4720,5322,10783,144706,140981,70500,84,0,72,0,1007,0,396,0,0,17026.7,0.119048
75,4,SillySkeeter,1,0,0,0,0,1051,0,0,0,0,0,0,0,0,0,0,0,0,0,161733,1
75,3,SillySkeeter,1,182,0,0,182,0,0,0,0,6000,3,0,2,0,0,0,26,0,0,0,0
75,2,SillySkeeter,0,0,0,0,0,914,0,0,0,0,0,0,0,0,0,0,0,0,0,0,0
75,1,SillySkeeter,0,12583,0,0,12583,10906,10779,145008,612426,306200,0,0,0,0,1055,0,1162,0,0,16724.7,0.0287226
76,9,SillySkeeter,1,9857,0,0,9857,10677,11731,144174,311227,155600,121,0,148,0,1024,0,869,0,0,17571.5,0.0279305
76,8,SillySkeeter,1,12583,0,0,12583,11439,10758,145020,670183,335100,197,0,229,0,1070,0,1289,0,0,16725.5,0.0272429
76,7,SillySkeeter,1,12402,0,0,12402,12037,10697,145019,638214,319100,188,0,227,0,996,0,1249,0,0,16726.5,0.0270286
76,6,SillySkeeter,1,10106,0,0,10106,10039,11030,145057,364598,182300,152,0,155,0,1169,0,999,0,0,16688.5,0.0310558
76,5,SillySkeeter,1,4769,0,0,4769,5355,10593,144921,156603,78300,85,0,69,0,1088,0,388,0,0,16824.5,0.120757
76,4,SillySkeeter,1,0,0,0,0,1055,0,0,0,0,0,0,0,0,0,0,0,0,0,161746,1
76,3,SillySkeeter,1,185,0,0,185,0,0,0,0,6000,2,0,4,0,0,0,22,0,0,0,0
76,2,SillySkeeter,0,0,0,0,0,922,0,0,0,0,0,0,0,0,0,0,0,0,0,0,0
76,1,SillySkeeter,0,12642,0,0,12642,11029,10843,144901,639412,319700,0,0,0,0,1019,0,1191,0,0,16844.5,0.02731
77,9,SillySkeeter,1,10112,0,0,10112,10962,11052,145257,440992,220500,168,0,178,0,1221,0,966,0,0,16500.3,0.0564638
77,8,SillySkeeter,1,12639,0,0,12639,11487,10743,144966,634809,317400,189,0,216,0,1043,0,1184,0,0,16791.3,0.024956
77,7,SillySkeeter,1,12569,0,0,12569,12094,10711,144753,633198,316600,213,0,196,0,1064,0,1111,0,0,17004.3,0.0262089
77,6,SillySkeeter,1,10425,0,0,10425,10226,10457,144726,522767,261400,217,0,222,0,1284,0,966,0,0,17031.3,0.0457722
77,5,SillySkeeter,1,4739,0,0,4739,5329,10531,145167,141213,70600,72,0,62,0,1025,0,419,0,0,16590.3,0.107436
77,4,SillySkeeter,1,0,0,0,0,1069,0,0,0,0,0,0,0,0,0,0,0,0,0,161757,1
77,3,SillySkeeter,1,184,0,0,184,0,0,0,0,5500,6,0,3,0,0,0,22,0,0,0,0
77,2,SillySkeeter,0,0,0,0,0,939,0,0,0,0,0,0,0,0,0,0,0,0,0,0,0
77,1,SillySkeeter,0,12718,0,0,12718,11080,10794,145091,602601,301300,0,0,0,0,1065,0,1192,0,0,16666.3,0.0263443
78,9,SillySkeeter,1,10157,0,0,10157,10975,11304,144859,625399,312700,225,0,208,0,1004,0,959,0,0,16909,0.0374156
78,8,SillySkeeter,1,12681,0,0,12681,11598,10679,145032,640022,320000,201,0,215,0,1042,0,1207,0,0,16736,0.0264513
78,7,SillySkeeter,1,12613,0,0,12613,12067,10785,144793,644819,322400,217,0,214,0,1056,0,1234,0,0,16975,0.0268545
78,6,SillySkeeter,1,10372,0,0,10372,10210,10590,144888,549983,275000,195,0,186,0,979,0,1032,0,0,16880,0.032577
78,5,SillySkeeter,1,4745,0,0,4745,5326,10559,144646,147400,73700,72,0,77,0,1022,0,388,0,0,17122,0.117495
78,4,SillySkeeter,1,0,0,0,0,1066,0,0,0,0,0,0,0,0,0,0,0,0,0,161768,1
78,3,SillySkeeter,1,187,0,0,187,0,0,0,0,5700,1,0,1,0,0,0,15,0,0,0,0
78,2,SillySkeeter,0,0,0,0,0,945,0,0,0,0,0,0,0,0,0,0,0,0,0,0,0
78,1,SillySkeeter,0,12729,0,0,12729,11093,10694,144953,630205,315100,0,0,0,0,1063,0,1233,0,0,16815,0.0276573
79,9,SillySkeeter,1,10289,0,0,10289,11100,11009,144988,376793,188400,128,0,132,0,1086,0,955,0,0,16789.8,0.0270371
79,8,SillySkeeter,1,12639,0,0,12639,11631,10705,144538,663417,331700,240,0,220,0,965,0,1221,0,0,17239.8,0.02615
79,7,SillySkeeter,1,12627,0,0,12627,12080,10752,144789,654595,327300,227,0,202,0,1015,0,1189,0,0,16988.8,0.026326
79,6,SillySkeeter,1,10472,0,0,10472,10278,10324,144663,397785,198900,125,0,128,0,1068,0,970,0,0,17114.8,0.0306909
79,5,SillySkeeter,1,4800,0,0,4800,5369,10487,145176,149797,74900,79,0,74,0,1066,0,383,0,0,16601.8,0.11616
79,4,SillySkeeter,1,0,0,0,0,1073,0,0,0,0,0,0,0,0,0,0,0,0,0,161778,1
79,3,SillySkeeter,1,194,0,0,194,0,0,0,0,6800,1,0,2,0,0,0,18,0,0,0,0
79,2,SillySkeeter,0,0,0,0,0,943,0,0,0,0,0,0,0,0,0,0,0,0,0,0,0
79,1,SillySkeeter,0,12754,0,0,12754,11054,10727,144818,637193,318600,0,0,0,0,1052,0,1225,0,0,16959.8,0.026682
80,9,SillySkeeter,1,10578,0,0,10578,11344,10345,145222,463213,231600,186,0,147,0,1262,0,974,0,0,16564.7,0.0445588
80,8,SillySkeeter,1,12672,0,0,12672,11690,10700,144804,653780,326900,203,0,210,0,1043,0,1221,0,0,16982.7,0.025987
80,7,SillySkeeter,1,12730,0,0,12730,12054,10819,144848,632625,316300,215,0,216,0,1067,0,1194,0,0,16938.7,0.0259529
80,6,SillySkeeter,1,10460,0,0,10460,10308,10302,145086,542201,271100,178,0,183,0,1016,0,1029,0,0,16700.7,0.0430235
80,5,SillySkeeter,1,4752,0,0,4752,5379,10575,144784,143793,71900,71,0,78,0,1023,0,395,0,0,17002.7,0.110826
80,4,SillySkeeter,1,0,0,0,0,1055,0,0,0,0,0,0,0,0,0,0,0,0,0,161787,1
80,3,SillySkeeter,1,188,0,0,188,0,0,0,0,5700,3,0,1,0,0,0,22,0,0,0,0
80,2,SillySkeeter,0,0,0,0,0,943,0,0,0,0,0,0,0,0,0,0,0,0,0,0,0
80,1,SillySkeeter,0,12752,0,0,12752,11061,10680,144871,617616,308800,0,0,0,0,1020,0,1239,0,0,16915.7,0.0266161
81,9,SillySkeeter,1,10519,0,0,10519,11370,10506,145104,627608,313800,219,0,191,0,934,0,995,0,0,16690.9,0.0357614
81,8,SillySkeeter,1,12707,0,0,12707,11655,10796,145194,640783,320400,202,0,202,0,1036,0,1208,0,0,16600.9,0.0259754
81,7,SillySkeeter,1,12759,0,0,12759,12139,10729,145069,663185,331600,202,0,250,0,1041,0,1219,0,0,16725.9,0.0267763
81,6,SillySkeeter,1,10456,0,0,10456,10281,10314,144866,578601,289300,184,0,183,0,974,0,982,0,0,16928.9,0.0308017
81,5,SillySkeeter,1,4677,0,0,4677,5342,10454,145063,147596,73800,78,0,74,0,982,0,412,0,0,16731.9,0.118239
81,4,SillySkeeter,1,0,0,0,0,1091,0,0,0,0,0,0,0,0,0,0,0,0,0,161795,1
81,3,SillySkeeter,1,193,0,0,193,0,0,0,0,5100,2,0,4,0,0,0,15,0,0,0,0
81,2,SillySkeeter,0,0,0,0,0,946,0,0,0,0,0,0,0,0,0,0,0,0,0,0,0
81,1,SillySkeeter,0,12809,0,0,12809,11099,10707,144766,624988,312500,0,0,0,0,1064,0,1212,0,0,17028.9,0.0273894
82,9,SillySkeeter,1,10612,0,0,10612,11374,10325,145111,420599,210300,150,0,144,0,1102,0,1010,0,0,16691.3,0.0265947
82,8,SillySkeeter,1,12658,0,0,12658,11600,10744,144899,661406,330700,195,0,222,0,1053,0,1311,0,0,16903.3,0.0259065
82,7,SillySkeeter,1,12851,0,0,12851,12129,10701,145219,657782,328900,228,0,222,0,1141,0,1259,0,0,16583.3,0.0252199
82,6,SillySkeeter,1,10443,0,0,10443,10345,10327,144956,418016,209000,154,0,158,0,1013,0,1026,0,0,16846.3,0.0292583
82,5,SillySkeeter,1,4697,0,0,4697,5330,10537,144967,151585,75800,72,0,85,0,1009,0,370,0,0,16835.3,0.113359
82,4,SillySkeeter,1,0,0,0,0,1105,0,0,0,0,0,0,0,0,0,0,0,0,0,161802,1
82,3,SillySkeeter,1,192,0,0,192,0,0,0,0,7400,4,0,5,0,0,0,23,0,0,0,0
82,2,SillySkeeter,0,0,0,0,0,915,0,0,0,0,0,0,0,0,0,0,0,0,0,0,0
82,1,SillySkeeter,0,12755,0,0,12755,11031,10760,145046,643805,321900,0,0,0,0,1054,0,1285,0,0,16756.3,0.0272462
83,9,SillySkeeter,1,10588,0,0,10588,11363,10220,145005,488391,244200,166,0,172,0,976,0,1000,0,0,16804.1,0.0396845
83,8,SillySkeeter,1,12672,0,0,12672,11569,10805,144863,642216,321100,195,0,211,0,1021,0,1224,0,0,16946.1,0.0255569
83,7,SillySkeeter,1,12817,0,0,12817,12100,10749,144746,635599,317800,213,0,193,0,975,0,1212,0,0,17063.1,0.0252103
83,6,SillySkeeter,1,10438,0,0,10438,10310,10321,145102,546976,273500,201,0,183,0,960,0,966,0,0,16707.1,0.0403022
83,5,SillySkeeter,1,4695,0,0,4695,5317,10656,144888,146599,73300,54,0,82,0,1013,0,388,0,0,16921.1,0.111051
83,4,SillySkeeter,1,0,0,0,0,1108,0,0,0,0,0,0,0,0,0,0,0,0,0,161809,1
83,3,SillySkeeter,1,204,0,0,204,0,0,0,0,6000,2,0,5,0,0,0,10,0,0,0,0
83,2,SillySkeeter,0,0,0,0,0,902,0,0,0,0,0,0,0,0,0,0,0,0,0,0,0
83,1,SillySkeeter,0,12733,0,0,12733,11020,10786,145133,619024,309500,0,0,0,0,1043,0,1249,0,0,16676.1,0.0260272
84,9,SillySkeeter,1,10633,0,0,10633,11232,10416,144951,640993,320500,190,0,219,0,1011,0,969,0,0,16864.3,0.0344065
84,8,SillySkeeter,1,12784,0,0,12784,11622,10706,145352,644774,322400,208,0,207,0,1062,0,1176,0,0,16463.3,0.0263876
84,7,SillySkeeter,1,12855,0,0,12855,12114,10805,144683,670801,335400,194,0,224,0,1034,0,1195,0,0,17132.3,0.0268457
84,6,SillySkeeter,1,10504,0,0,10504,10406,10362,145136,564396,282200,159,0,175,0,1045,0,980,0,0,16679.3,0.0305432
84,5,SillySkeeter,1,4716,0,0,4716,5366,10667,144915,144802,72400,70,0,84,0,1036,0,369,0,0,16900.3,0.115424
84,4,SillySkeeter,1,0,0,0,0,1126,0,0,0,0,0,0,0,0,0,0,0,0,0,161815,1
84,3,SillySkeeter,1,212,0,0,212,0,0,0,0,5800,0,0,2,0,0,0,18,0,0,0,0
84,2,SillySkeeter,0,0,0,0,0,883,0,0,0,0,0,0,0,0,0,0,0,0,0,0,0
84,1,SillySkeeter,0,12742,0,0,12742,10992,10736,144940,624785,312400,0,0,0,0,1061,0,1243,0,0,16875.3,0.0269404
85,9,SillySkeeter,1,10648,0,0,10648,11276,10520,144768,439406,219700,141,0,168,0,1025,0,1010,0,0,17053,0.0263094
85,8,SillySkeeter,1,12854,0,0,12854,11607,10636,144808,669381,334700,217,0,232,0,1093,0,1253,0,0,17013,0.0255325
85,7,SillySkeeter,1,12838,0,0,12838,12124,10716,144970,661809,330900,248,0,203,0,1031,0,1239,0,0,16851,0.0255402
85,6,SillySkeeter,1,10527,0,0,10527,10369,10366,145084,443003,221500,161,0,170,0,1019,0,996,0,0,16737,0.0295523
85,5,SillySkeeter,1,4694,0,0,4694,5310,10730,145126,151804,75900,84,0,69,0,994,0,374,0,0,16695,0.116715
85,4,SillySkeeter,1,0,0,0,0,1119,0,0,0,0,0,0,0,0,0,0,0,0,0,161821,1
85,3,SillySkeeter,1,215,0,0,215,0,0,0,0,7900,2,0,3,0,0,0,21,0,0,0,0
85,2,SillySkeeter,0,0,0,0,0,877,0,0,0,0,0,0,0,0,0,0,0,0,0,0,0
85,1,SillySkeeter,0,12825,0,0,12825,11062,10576,145461,629986,315000,0,0,0,0,1121,0,1235,0,0,16360,0.0270092
86,9,SillySkeeter,1,10655,0,0,10655,11306,10327,145286,512016,256000,173,0,173,0,1008,0,1001,0,0,16540.2,0.0388098
86,8,SillySkeeter,1,12869,0,0,12869,11554,10704,144882,657998,329000,229,0,191,0,1032,0,1249,0,0,16944.2,0.0254153
86,7,SillySkeeter,1,12871,0,0,12871,12179,10607,145125,660786,330400,212,0,203,0,1050,0,1221,0,0,16701.2,0.0254624
86,6,SillySkeeter,1,10540,0,0,10540,10426,10384,144636,544817,272400,169,0,180,0,1029,0,1016,0,0,17190.2,0.0377811
86,5,SillySkeeter,1,4694,0,0,4694,5337,10601,145176,144592,72300,62,0,75,0,1081,0,405,0,0,16650.2,0.10998
86,4,SillySkeeter,1,0,0,0,0,1125,0,0,0,0,0,0,0,0,0,0,0,0,0,161826,1
86,3,SillySkeeter,1,210,0,0,210,0,0,0,0,6700,3,0,5,0,0,0,25,0,0,0,0
86,2,SillySkeeter,0,0,0,0,0,888,0,0,0,0,0,0,0,0,0,0,0,0,0,0,0
86,1,SillySkeeter,0,12828,0,0,12828,11151,10565,144815,635211,317600,0,0,0,0,1008,0,1225,0,0,17011.2,0.0259683
87,9,SillySkeeter,1,10524,0,0,10524,11202,10431,144922,603807,301900,169,0,181,0,954,0,1086,0,0,16908.9,0.0323051
87,8,SillySkeeter,1,12846,0,0,12846,11644,10642,144910,644793,322400,203,0,210,0,1021,0,1270,0,0,16920.9,0.0257511
87,7,SillySkeeter,1,12894,0,0,12894,12173,10678,144629,662780,331400,193,0,223,0,1045,0,1212,0,0,17201.9,0.0252742
87,6,SillySkeeter,1,10502,0,0,10502,10412,10554,144750,549394,274700,184,0,205,0,970,0,1009,0,0,17080.9,0.0315532
87,5,SillySkeeter,1,4741,0,0,4741,5321,10495,145181,142802,71400,83,0,77,0,1042,0,370,0,0,16649.9,0.115147
87,4,SillySkeeter,1,0,0,0,0,1125,0,0,0,0,0,0,0,0,0,0,0,0,0,161831,1
87,3,SillySkeeter,1,218,0,0,218,0,0,0,0,5900,3,0,6,0,0,0,19,0,0,0,0
87,2,SillySkeeter,0,0,0,0,0,887,0,0,0,0,0,0,0,0,0,0,0,0,0,0,0
87,1,SillySkeeter,0,12741,0,0,12741,11175,10682,144969,619407,309700,0,0,0,0,1006,0,1273,0,0,16861.9,0.0267809
88,9,SillySkeeter,1,10517,0,0,10517,11289,10529,144716,452194,226100,173,0,156,0,976,0,984,0,0,17119.3,0.0280042
88,8,SillySkeeter,1,12865,0,0,12865,11596,10648,144999,673201,336600,201,0,193,0,1037,0,1227,0,0,16836.3,0.0262421
88,7,SillySkeeter,1,12915,0,0,12915,12197,10674,144983,662611,331300,206,0,219,0,1060,0,1212,0,0,16852.3,0.0259534
88,6,SillySkeeter,1,10510,0,0,10510,10434,10618,145053,466016,233000,178,0,164,0,1035,0,1027,0,0,16782.3,0.0310902
88,5,SillySkeeter,1,4752,0,0,4752,5317,10440,144890,147198,73600,77,0,82,0,1042,0,426,0,0,16945.3,0.116596
88,4,SillySkeeter,1,0,0,0,0,1130,0,0,0,0,0,0,0,0,0,0,0,0,0,161835,1
88,3,SillySkeeter,1,217,0,0,217,0,0,0,0,6900,3,0,4,0,0,0,22,0,0,0,0
88,2,SillySkeeter,0,0,0,0,0,871,0,0,0,0,0,0,0,0,0,0,0,0,0,0,0
88,1,SillySkeeter,0,12697,0,0,12697,11166,10637,144889,634213,317100,0,0,0,0,997,0,1242,0,0,16946.3,0.027223
89,9,SillySkeeter,1,10573,0,0,10573,11336,10470,145042,520964,260500,176,0,159,0,1050,0,995,0,0,16797.2,0.0378577
89,8,SillySkeeter,1,12949,0,0,12949,11617,10743,144753,668779,334400,185,0,232,0,1052,0,1193,0,0,17086.2,0.0250093
89,7,SillySkeeter,1,12855,0,0,12855,12148,10665,145389,655599,327800,226,0,206,0,982,0,1218,0,0,16450.2,0.0254335
89,6,SillySkeeter,1,10527,0,0,10527,10468,10657,145101,533991,267000,156,0,204,0,1018,0,1002,0,0,16738.2,0.0360134
89,5,SillySkeeter,1,4774,0,0,4774,5278,10422,145107,146005,73000,65,0,70,0,1006,0,361,0,0,16732.2,0.115117
89,4,SillySkeeter,1,0,0,0,0,1131,0,0,0,0,0,0,0,0,0,0,0,0,0,161839,1
89,3,SillySkeeter,1,212,0,0,212,0,0,0,0,7900,4,0,10,0,0,0,21,0,0,0,0
89,2,SillySkeeter,0,0,0,0,0,861,0,0,0,0,0,0,0,0,0,0,0,0,0,0,0
89,1,SillySkeeter,0,12667,0,0,12667,11131,10645,144780,628575,314300,0,0,0,0,1040,0,1274,0,0,17059.2,0.0267207
90,9,SillySkeeter,1,10518,0,0,10518,11362,10774,144825,580178,290100,200,0,179,0,965,0,1021,0,0,17017.8,0.0322403
90,8,SillySkeeter,1,13056,0,0,13056,11726,10670,145028,660186,330100,222,0,240,0,1053,0,1184,0,0,16814.8,0.0255476
90,7,SillySkeeter,1,12822,0,0,12822,12117,10834,145101,658190,329100,218,0,184,0,1007,0,1223,0,0,16741.8,0.0250918
90,6,SillySkeeter,1,10619,0,0,10619,10536,10912,144843,545606,272800,190,0,208,0,1047,0,955,0,0,16999.8,0.031345
90,5,SillySkeeter,1,4686,0,0,4686,5305,10678,144733,153414,76700,78,0,82,0,965,0,421,0,0,17109.8,0.114604
90,4,SillySkeeter,1,0,0,0,0,1146,0,0,0,0,0,0,0,0,0,0,0,0,0,161843,1
90,3,SillySkeeter,1,206,0,0,206,0,0,0,0,5300,3,0,5,0,0,0,25,0,0,0,0
90,2,SillySkeeter,0,0,0,0,0,860,0,0,0,0,0,0,0,0,0,0,0,0,0,0,0
90,1,SillySkeeter,0,12606,0,0,12606,11105,10715,145052,618980,309500,0,0,0,0,975,0,1227,0,0,16790.8,0.0271384
91,9,SillySkeeter,1,10532,0,0,10532,11405,10861,144959,462430,231200,152,0,169,0,1009,0,998,0,0,16887.1,0.0293309
91,8,SillySkeeter,1,13070,0,0,13070,11690,10717,145158,677981,339000,221,0,222,0,1021,0,1257,0,0,16688.1,0.0254693
91,7,SillySkeeter,1,12906,0,0,12906,12192,10756,144961,660993,330500,200,0,196,0,1104,0,1213,0,0,16885.1,0.0254358
91,6,SillySkeeter,1,10658,0,0,10658,10617,10998,144985,477999,239000,185,0,191,0,1048,0,1010,0,0,16861.1,0.031158
91,5,SillySkeeter,1,4607,0,0,4607,5323,10665,144952,152207,76100,75,0,70,0,993,0,420,0,0,16894.1,0.111537
91,4,SillySkeeter,1,0,0,0,0,1159,0,0,0,0,0,0,0,0,0,0,0,0,0,161846,1
91,3,SillySkeeter,1,203,0,0,203,0,0,0,0,6200,4,0,4,0,0,0,22,0,0,0,0
91,2,SillySkeeter,0,0,0,0,0,863,0,0,0,0,0,0,0,0,0,0,0,0,0,0,0
91,1,SillySkeeter,0,12624,0,0,12624,11097,10740,145055,621801,310900,0,0,0,0,1085,0,1253,0,0,16791.1,0.0271257
92,9,SillySkeeter,1,10523,0,0,10523,11538,10862,145108,519208,259600,192,0,194,0,994,0,1005,0,0,16741.1,0.0365205
92,8,SillySkeeter,1,13127,0,0,13127,11683,10734,145174,673793,336900,215,0,237,0,1028,0,1182,0,0,16675.1,0.0246137
92,7,SillySkeeter,1,12954,0,0,12954,12229,10636,145019,671819,335900,223,0,249,0,1096,0,1228,0,0,16830.1,0.0255448
92,6,SillySkeeter,1,10716,0,0,10716,10608,10864,145067,541599,270800,173,0,176,0,1030,0,973,0,0,16782.1,0.0352743
92,5,SillySkeeter,1,4608,0,0,4608,5407,10721,144836,144802,72400,75,0,71,0,1006,0,382,0,0,17013.1,0.110999
92,4,SillySkeeter,1,0,0,0,0,1159,0,0,0,0,0,0,0,0,0,0,0,0,0,161849,1
92,3,SillySkeeter,1,203,0,0,203,0,0,0,0,7400,5,0,3,0,0,0,24,0,0,0,0
92,2,SillySkeeter,0,0,0,0,0,848,0,0,0,0,0,0,0,0,0,0,0,0,0,0,0
92,1,SillySkeeter,0,12617,0,0,12617,11015,10831,144749,626212,313100,0,0,0,0,1051,0,1263,0,0,17100.1,0.027004
93,9,SillySkeeter,1,10576,0,0,10576,11455,10835,145204,569006,284500,189,0,176,0,1030,0,977,0,0,16647.8,0.032244
93,8,SillySkeeter,1,13091,0,0,13091,11708,10799,145027,677433,338700,210,0,218,0,1050,0,1283,0,0,16824.8,0.0247478
93,7,SillySkeeter,1,12938,0,0,12938,12147,10630,145123,649410,324700,231,0,229,0,1009,0,1219,0,0,16728.8,0.0250522
93,6,SillySkeeter,1,10724,0,0,10724,10655,10895,145384,536402,268200,147,0,165,0,1027,0,1022,0,0,16467.8,0.0309861
93,5,SillySkeeter,1,4599,0,0,4599,5333,10795,144936,148018,74000,66,0,72,0,1011,0,379,0,0,16915.8,0.117494
93,4,SillySkeeter,1,0,0,0,0,1167,0,0,0,0,0,0,0,0,0,0,0,0,0,161852,1
93,3,SillySkeeter,1,204,0,0,204,0,0,0,0,5500,0,0,2,0,0,0,23,0,0,0,0
93,2,SillySkeeter,0,0,0,0,0,851,0,0,0,0,0,0,0,0,0,0,0,0,0,0,0
93,1,SillySkeeter,0,12692,0,0,12692,11014,10789,145045,614983,307500,0,0,0,0,1090,0,1238,0,0,16806.8,0.0273077
94,9,SillySkeeter,1,10632,0,0,10632,11519,10947,144914,476596,238300,171,0,188,0,1063,0,1008,0,0,16940.3,0.0292581
94,8,SillySkeeter,1,13016,0,0,13016,11696,10825,145085,680014,340000,211,0,220,0,1012,0,1289,0,0,16769.3,0.0248374
94,7,SillySkeeter,1,12979,0,0,12979,12223,10516,144751,665206,332600,211,0,192,0,1055,0,1201,0,0,17103.3,0.0257605
94,6,SillySkeeter,1,10802,0,0,10802,10753,10686,145032,493381,246700,194,0,152,0,1125,0,1049,0,0,16822.3,0.0307007
94,5,SillySkeeter,1,4750,0,0,4750,5393,10607,145406,141798,70900,78,0,62,0,1113,0,378,0,0,16448.3,0.114296
94,4,SillySkeeter,1,0,0,0,0,1149,0,0,0,0,0,0,0,0,0,0,0,0,0,161854,1
94,3,SillySkeeter,1,194,0,0,194,0,0,0,0,5100,6,0,5,0,0,0,23,0,0,0,0
94,2,SillySkeeter,0,0,0,0,0,833,0,0,0,0,0,0,0,0,0,0,0,0,0,0,0
94,1,SillySkeeter,0,12646,0,0,12646,11034,10771,144760,617608,308800,0,0,0,0,994,0,1219,0,0,17094.3,0.0273282
95,9,SillySkeeter,1,10640,0,0,10640,11648,10882,144941,512201,256100,156,0,164,0,1067,0,1062,0,0,16915.6,0.0355442
95,8,SillySkeeter,1,13069,0,0,13069,11724,10831,145207,664391,332200,214,0,232,0,1085,0,1277,0,0,16649.6,0.0246608
95,7,SillySkeeter,1,12970,0,0,12970,12174,10672,144916,677040,338500,236,0,199,0,1052,0,1243,0,0,16940.6,0.0257116
95,6,SillySkeeter,1,10814,0,0,10814,10827,10550,144988,542595,271300,171,0,194,0,1079,0,1068,0,0,16868.6,0.0340947
95,5,SillySkeeter,1,4700,0,0,4700,5330,10587,144996,138185,69100,85,0,78,0,1010,0,412,0,0,16860.6,0.115997
95,4,SillySkeeter,1,0,0,0,0,1129,0,0,0,0,0,0,0,0,0,0,0,0,0,161857,1
95,3,SillySkeeter,1,196,0,0,196,0,0,0,0,7700,1,0,5,0,0,0,18,0,0,0,0
95,2,SillySkeeter,0,0,0,0,0,840,0,0,0,0,0,0,0,0,0,0,0,0,0,0,0
95,1,SillySkeeter,0,12646,0,0,12646,11155,10594,144939,629168,314600,0,0,0,0,1016,0,1213,0,0,16917.6,0.0276787
96,9,SillySkeeter,1,10706,0,0,10706,11600,10938,144878,557420,278700,183,0,181,0,1036,0,971,0,0,16980.7,0.0330254
96,8,SillySkeeter,1,13086,0,0,13086,11798,10638,145096,671209,335600,188,0,217,0,1023,0,1216,0,0,16762.7,0.0250596
96,7,SillySkeeter,1,12960,0,0,12960,12165,10845,144730,666619,333300,202,0,211,0,1010,0,1223,0,0,17128.7,0.0250231
96,6,SillySkeeter,1,10810,0,0,10810,10779,10611,144672,530433,265200,163,0,169,0,1035,0,1041,0,0,17186.7,0.0310885
96,5,SillySkeeter,1,4686,0,0,4686,5412,10673,144780,152598,76300,75,0,103,0,1048,0,421,0,0,17078.7,0.122002
96,4,SillySkeeter,1,0,0,0,0,1122,0,0,0,0,0,0,0,0,0,0,0,0,0,161859,1
96,3,SillySkeeter,1,194,0,0,194,0,0,0,0,5200,3,0,1,0,0,0,25,0,0,0,0
96,2,SillySkeeter,0,0,0,0,0,816,0,0,0,0,0,0,0,0,0,0,0,0,0,0,0
96,1,SillySkeeter,0,12634,0,0,12634,11201,10490,145261,619813,309900,0,0,0,0,1011,0,1225,0,0,16597.7,0.0268875
97,9,SillySkeeter,1,10690,0,0,10690,11610,11008,144680,487774,243900,173,0,154,0,1008,0,1025,0,0,17180.6,0.0304642
97,8,SillySkeeter,1,13054,0,0,13054,11861,10621,144793,675209,337600,219,0,215,0,1050,0,1292,0,0,17067.6,0.0249743
97,7,SillySkeeter,1,12945,0,0,12945,12115,10894,144926,648184,324100,226,0,223,0,1051,0,1252,0,0,16934.6,0.0256956
97,6,SillySkeeter,1,10811,0,0,10811,10784,10607,145132,504788,252400,155,0,177,0,1054,0,1054,0,0,16728.6,0.0324033
97,5,SillySkeeter,1,4704,0,0,4704,5490,10596,144989,139397,69700,75,0,76,0,1013,0,383,0,0,16871.6,0.111918
97,4,SillySkeeter,1,0,0,0,0,1120,0,0,0,0,0,0,0,0,0,0,0,0,0,161861,1
97,3,SillySkeeter,1,185,0,0,185,0,0,0,0,5200,3,0,5,0,0,0,29,0,0,0,0
97,2,SillySkeeter,0,0,0,0,0,826,0,0,0,0,0,0,0,0,0,0,0,0,0,0,0
97,1,SillySkeeter,0,12645,0,0,12645,11203,10477,145129,631406,315700,0,0,0,0,1025,0,1208,0,0,16731.6,0.0267792
98,9,SillySkeeter,1,10857,0,0,10857,11683,10729,145088,522999,261500,181,0,174,0,1162,0,997,0,0,16774.4,0.0352206
98,8,SillySkeeter,1,13067,0,0,13067,11854,10694,145083,664787,332400,212,0,223,0,1052,0,1248,0,0,16779.4,0.0252779
98,7,SillySkeeter,1,12944,0,0,12944,12149,10963,144988,684215,342100,214,0,223,0,1012,0,1206,0,0,16874.4,0.0261256
98,6,SillySkeeter,1,10794,0,0,10794,10741,10714,144956,550996,275500,205,0,186,0,1009,0,1028,0,0,16906.4,0.0331391
98,5,SillySkeeter,1,4694,0,0,4694,5487,10738,145039,148815,74400,96,0,72,0,1010,0,399,0,0,16823.4,0.12103
98,4,SillySkeeter,1,0,0,0,0,1136,0,0,0,0,0,0,0,0,0,0,0,0,0,161862,1
98,3,SillySkeeter,1,188,0,0,188,0,0,0,0,7500,1,0,1,0,0,0,21,0,0,0,0
98,2,SillySkeeter,0,0,0,0,0,818,0,0,0,0,0,0,0,0,0,0,0,0,0,0,0
98,1,SillySkeeter,0,12614,0,0,12614,11210,10507,144995,623995,312000,0,0,0,0,993,0,1215,0,0,16867.4,0.0264992
99,9,SillySkeeter,1,10902,0,0,10902,11663,10874,144661,560203,280100,198,0,193,0,1028,0,985,0,0,17203,0.0320733
99,8,SillySkeeter,1,13042,0,0,13042,11885,10564,145421,678185,339100,216,0,213,0,1025,0,1270,0,0,16443,0.0252397
99,7,SillySkeeter,1,12971,0,0,12971,12122,10913,144790,670795,335400,235,0,210,0,1109,0,1277,0,0,17074,0.0246629
99,6,SillySkeeter,1,10840,0,0,10840,10775,10684,145048,532818,266400,171,0,185,0,1036,0,990,0,0,16816,0.030683
99,5,SillySkeeter,1,4705,0,0,4705,5491,10790,145146,153993,77000,74,0,87,0,994,0,367,0,0,16718,0.11306
99,4,SillySkeeter,1,0,0,0,0,1120,0,0,0,0,0,0,0,0,0,0,0,0,0,161864,1
99,3,SillySkeeter,1,188,0,0,188,0,0,0,0,5400,0,0,6,0,0,0,20,0,0,0,0
99,2,SillySkeeter,0,0,0,0,0,811,0,0,0,0,0,0,0,0,0,0,0,0,0,0,0
99,1,SillySkeeter,0,12597,0,0,12597,11211,10641,144600,610019,305000,0,0,0,0,996,0,1192,0,0,17264,0.027031
